sample_id	biological_id	source_biological_id	population	era	library_id	read_group	sequencing_run	source_id	source_r1	source_r2	symlink_r1	symlink_r2
OchACat001_Ex1-1A-lcwgs-2_RG-OchACat001-E00526-585-HJLFCCCX2-L3-1A-B2	OchACat001	Och-ACat_001	ACat	historical	Ex1-1A-lcwgs-2	RG-OchACat001-E00526-585-HJLFCCCX2-L3-1A-B2	2nd	Och-ACat_001-Ex1-1A-lcwgs-2-1	/archive/carpenterlab/pire/pire_ostorhinchus_chrysopomus_lcwgs/2nd_sequencing_run/fq_raw/Och-ACat_001-Ex1-1A-lcwgs-2-1.1.fq.gz	/archive/carpenterlab/pire/pire_ostorhinchus_chrysopomus_lcwgs/2nd_sequencing_run/fq_raw/Och-ACat_001-Ex1-1A-lcwgs-2-1.2.fq.gz	data/symlinks/OchACat001_Ex1-1A-lcwgs-2_RG-OchACat001-E00526-585-HJLFCCCX2-L3-1A-B2_R1.fastq.gz	data/symlinks/OchACat001_Ex1-1A-lcwgs-2_RG-OchACat001-E00526-585-HJLFCCCX2-L3-1A-B2_R2.fastq.gz
OchACat002_Ex1-2A-lcwgs-2_RG-OchACat002-E00526-585-HJLFCCCX2-L3-2A-B2	OchACat002	Och-ACat_002	ACat	historical	Ex1-2A-lcwgs-2	RG-OchACat002-E00526-585-HJLFCCCX2-L3-2A-B2	2nd	Och-ACat_002-Ex1-2A-lcwgs-2-1	/archive/carpenterlab/pire/pire_ostorhinchus_chrysopomus_lcwgs/2nd_sequencing_run/fq_raw/Och-ACat_002-Ex1-2A-lcwgs-2-1.1.fq.gz	/archive/carpenterlab/pire/pire_ostorhinchus_chrysopomus_lcwgs/2nd_sequencing_run/fq_raw/Och-ACat_002-Ex1-2A-lcwgs-2-1.2.fq.gz	data/symlinks/OchACat002_Ex1-2A-lcwgs-2_RG-OchACat002-E00526-585-HJLFCCCX2-L3-2A-B2_R1.fastq.gz	data/symlinks/OchACat002_Ex1-2A-lcwgs-2_RG-OchACat002-E00526-585-HJLFCCCX2-L3-2A-B2_R2.fastq.gz
OchACat003_Ex1-3A-lcwgs-2_RG-OchACat003-E00526-585-HJLFCCCX2-L3-3A-B2	OchACat003	Och-ACat_003	ACat	historical	Ex1-3A-lcwgs-2	RG-OchACat003-E00526-585-HJLFCCCX2-L3-3A-B2	2nd	Och-ACat_003-Ex1-3A-lcwgs-2-1	/archive/carpenterlab/pire/pire_ostorhinchus_chrysopomus_lcwgs/2nd_sequencing_run/fq_raw/Och-ACat_003-Ex1-3A-lcwgs-2-1.1.fq.gz	/archive/carpenterlab/pire/pire_ostorhinchus_chrysopomus_lcwgs/2nd_sequencing_run/fq_raw/Och-ACat_003-Ex1-3A-lcwgs-2-1.2.fq.gz	data/symlinks/OchACat003_Ex1-3A-lcwgs-2_RG-OchACat003-E00526-585-HJLFCCCX2-L3-3A-B2_R1.fastq.gz	data/symlinks/OchACat003_Ex1-3A-lcwgs-2_RG-OchACat003-E00526-585-HJLFCCCX2-L3-3A-B2_R2.fastq.gz
OchACat004_Ex1-4A-lcwgs-2_RG-OchACat004-E00526-585-HJLFCCCX2-L3-4A-B2	OchACat004	Och-ACat_004	ACat	historical	Ex1-4A-lcwgs-2	RG-OchACat004-E00526-585-HJLFCCCX2-L3-4A-B2	2nd	Och-ACat_004-Ex1-4A-lcwgs-2-1	/archive/carpenterlab/pire/pire_ostorhinchus_chrysopomus_lcwgs/2nd_sequencing_run/fq_raw/Och-ACat_004-Ex1-4A-lcwgs-2-1.1.fq.gz	/archive/carpenterlab/pire/pire_ostorhinchus_chrysopomus_lcwgs/2nd_sequencing_run/fq_raw/Och-ACat_004-Ex1-4A-lcwgs-2-1.2.fq.gz	data/symlinks/OchACat004_Ex1-4A-lcwgs-2_RG-OchACat004-E00526-585-HJLFCCCX2-L3-4A-B2_R1.fastq.gz	data/symlinks/OchACat004_Ex1-4A-lcwgs-2_RG-OchACat004-E00526-585-HJLFCCCX2-L3-4A-B2_R2.fastq.gz
OchACat005_Ex1-5A-lcwgs-2_RG-OchACat005-E00526-585-HJLFCCCX2-L3-5A-B2	OchACat005	Och-ACat_005	ACat	historical	Ex1-5A-lcwgs-2	RG-OchACat005-E00526-585-HJLFCCCX2-L3-5A-B2	2nd	Och-ACat_005-Ex1-5A-lcwgs-2-1	/archive/carpenterlab/pire/pire_ostorhinchus_chrysopomus_lcwgs/2nd_sequencing_run/fq_raw/Och-ACat_005-Ex1-5A-lcwgs-2-1.1.fq.gz	/archive/carpenterlab/pire/pire_ostorhinchus_chrysopomus_lcwgs/2nd_sequencing_run/fq_raw/Och-ACat_005-Ex1-5A-lcwgs-2-1.2.fq.gz	data/symlinks/OchACat005_Ex1-5A-lcwgs-2_RG-OchACat005-E00526-585-HJLFCCCX2-L3-5A-B2_R1.fastq.gz	data/symlinks/OchACat005_Ex1-5A-lcwgs-2_RG-OchACat005-E00526-585-HJLFCCCX2-L3-5A-B2_R2.fastq.gz
OchACat006_Ex1-6A-lcwgs-2_RG-OchACat006-E00526-585-HJLFCCCX2-L3-6A-B2	OchACat006	Och-ACat_006	ACat	historical	Ex1-6A-lcwgs-2	RG-OchACat006-E00526-585-HJLFCCCX2-L3-6A-B2	2nd	Och-ACat_006-Ex1-6A-lcwgs-2-1	/archive/carpenterlab/pire/pire_ostorhinchus_chrysopomus_lcwgs/2nd_sequencing_run/fq_raw/Och-ACat_006-Ex1-6A-lcwgs-2-1.1.fq.gz	/archive/carpenterlab/pire/pire_ostorhinchus_chrysopomus_lcwgs/2nd_sequencing_run/fq_raw/Och-ACat_006-Ex1-6A-lcwgs-2-1.2.fq.gz	data/symlinks/OchACat006_Ex1-6A-lcwgs-2_RG-OchACat006-E00526-585-HJLFCCCX2-L3-6A-B2_R1.fastq.gz	data/symlinks/OchACat006_Ex1-6A-lcwgs-2_RG-OchACat006-E00526-585-HJLFCCCX2-L3-6A-B2_R2.fastq.gz
OchACat007_Ex1-4A-lcwgs-1_RG-OchACat007-E00526-585-HJLFCCCX2-L3-4A-B1	OchACat007	Och-ACat_007	ACat	historical	Ex1-4A-lcwgs-1	RG-OchACat007-E00526-585-HJLFCCCX2-L3-4A-B1	2nd	Och-ACat_007-Ex1-4A-lcwgs-1-1	/archive/carpenterlab/pire/pire_ostorhinchus_chrysopomus_lcwgs/2nd_sequencing_run/fq_raw/Och-ACat_007-Ex1-4A-lcwgs-1-1.1.fq.gz	/archive/carpenterlab/pire/pire_ostorhinchus_chrysopomus_lcwgs/2nd_sequencing_run/fq_raw/Och-ACat_007-Ex1-4A-lcwgs-1-1.2.fq.gz	data/symlinks/OchACat007_Ex1-4A-lcwgs-1_RG-OchACat007-E00526-585-HJLFCCCX2-L3-4A-B1_R1.fastq.gz	data/symlinks/OchACat007_Ex1-4A-lcwgs-1_RG-OchACat007-E00526-585-HJLFCCCX2-L3-4A-B1_R2.fastq.gz
OchACat007_Ex1-7A-lcwgs-2_RG-OchACat007-E00526-585-HJLFCCCX2-L3-7A-B2	OchACat007	Och-ACat_007	ACat	historical	Ex1-7A-lcwgs-2	RG-OchACat007-E00526-585-HJLFCCCX2-L3-7A-B2	2nd	Och-ACat_007-Ex1-7A-lcwgs-2-1	/archive/carpenterlab/pire/pire_ostorhinchus_chrysopomus_lcwgs/2nd_sequencing_run/fq_raw/Och-ACat_007-Ex1-7A-lcwgs-2-1.1.fq.gz	/archive/carpenterlab/pire/pire_ostorhinchus_chrysopomus_lcwgs/2nd_sequencing_run/fq_raw/Och-ACat_007-Ex1-7A-lcwgs-2-1.2.fq.gz	data/symlinks/OchACat007_Ex1-7A-lcwgs-2_RG-OchACat007-E00526-585-HJLFCCCX2-L3-7A-B2_R1.fastq.gz	data/symlinks/OchACat007_Ex1-7A-lcwgs-2_RG-OchACat007-E00526-585-HJLFCCCX2-L3-7A-B2_R2.fastq.gz
OchACat008_Ex1-8A-lcwgs-2_RG-OchACat008-E00526-585-HJLFCCCX2-L3-8A-B2	OchACat008	Och-ACat_008	ACat	historical	Ex1-8A-lcwgs-2	RG-OchACat008-E00526-585-HJLFCCCX2-L3-8A-B2	2nd	Och-ACat_008-Ex1-8A-lcwgs-2-1	/archive/carpenterlab/pire/pire_ostorhinchus_chrysopomus_lcwgs/2nd_sequencing_run/fq_raw/Och-ACat_008-Ex1-8A-lcwgs-2-1.1.fq.gz	/archive/carpenterlab/pire/pire_ostorhinchus_chrysopomus_lcwgs/2nd_sequencing_run/fq_raw/Och-ACat_008-Ex1-8A-lcwgs-2-1.2.fq.gz	data/symlinks/OchACat008_Ex1-8A-lcwgs-2_RG-OchACat008-E00526-585-HJLFCCCX2-L3-8A-B2_R1.fastq.gz	data/symlinks/OchACat008_Ex1-8A-lcwgs-2_RG-OchACat008-E00526-585-HJLFCCCX2-L3-8A-B2_R2.fastq.gz
OchACat009_Ex1-4C-lcwgs-1_RG-OchACat009-E00526-585-HJLFCCCX2-L3-4C-B1	OchACat009	Och-ACat_009	ACat	historical	Ex1-4C-lcwgs-1	RG-OchACat009-E00526-585-HJLFCCCX2-L3-4C-B1	2nd	Och-ACat_009-Ex1-4C-lcwgs-1-1	/archive/carpenterlab/pire/pire_ostorhinchus_chrysopomus_lcwgs/2nd_sequencing_run/fq_raw/Och-ACat_009-Ex1-4C-lcwgs-1-1.1.fq.gz	/archive/carpenterlab/pire/pire_ostorhinchus_chrysopomus_lcwgs/2nd_sequencing_run/fq_raw/Och-ACat_009-Ex1-4C-lcwgs-1-1.2.fq.gz	data/symlinks/OchACat009_Ex1-4C-lcwgs-1_RG-OchACat009-E00526-585-HJLFCCCX2-L3-4C-B1_R1.fastq.gz	data/symlinks/OchACat009_Ex1-4C-lcwgs-1_RG-OchACat009-E00526-585-HJLFCCCX2-L3-4C-B1_R2.fastq.gz
OchACat009_Ex1-9A-lcwgs-2_RG-OchACat009-E00526-585-HJLFCCCX2-L3-9A-B2	OchACat009	Och-ACat_009	ACat	historical	Ex1-9A-lcwgs-2	RG-OchACat009-E00526-585-HJLFCCCX2-L3-9A-B2	2nd	Och-ACat_009-Ex1-9A-lcwgs-2-1	/archive/carpenterlab/pire/pire_ostorhinchus_chrysopomus_lcwgs/2nd_sequencing_run/fq_raw/Och-ACat_009-Ex1-9A-lcwgs-2-1.1.fq.gz	/archive/carpenterlab/pire/pire_ostorhinchus_chrysopomus_lcwgs/2nd_sequencing_run/fq_raw/Och-ACat_009-Ex1-9A-lcwgs-2-1.2.fq.gz	data/symlinks/OchACat009_Ex1-9A-lcwgs-2_RG-OchACat009-E00526-585-HJLFCCCX2-L3-9A-B2_R1.fastq.gz	data/symlinks/OchACat009_Ex1-9A-lcwgs-2_RG-OchACat009-E00526-585-HJLFCCCX2-L3-9A-B2_R2.fastq.gz
OchACat010_Ex1-10A-lcwgs-2_RG-OchACat010-E00526-585-HJLFCCCX2-L3-10A-B2	OchACat010	Och-ACat_010	ACat	historical	Ex1-10A-lcwgs-2	RG-OchACat010-E00526-585-HJLFCCCX2-L3-10A-B2	2nd	Och-ACat_010-Ex1-10A-lcwgs-2-1	/archive/carpenterlab/pire/pire_ostorhinchus_chrysopomus_lcwgs/2nd_sequencing_run/fq_raw/Och-ACat_010-Ex1-10A-lcwgs-2-1.1.fq.gz	/archive/carpenterlab/pire/pire_ostorhinchus_chrysopomus_lcwgs/2nd_sequencing_run/fq_raw/Och-ACat_010-Ex1-10A-lcwgs-2-1.2.fq.gz	data/symlinks/OchACat010_Ex1-10A-lcwgs-2_RG-OchACat010-E00526-585-HJLFCCCX2-L3-10A-B2_R1.fastq.gz	data/symlinks/OchACat010_Ex1-10A-lcwgs-2_RG-OchACat010-E00526-585-HJLFCCCX2-L3-10A-B2_R2.fastq.gz
OchACat011_Ex1-11A-lcwgs-2_RG-OchACat011-E00526-585-HJLFCCCX2-L3-11A-B2	OchACat011	Och-ACat_011	ACat	historical	Ex1-11A-lcwgs-2	RG-OchACat011-E00526-585-HJLFCCCX2-L3-11A-B2	2nd	Och-ACat_011-Ex1-11A-lcwgs-2-1	/archive/carpenterlab/pire/pire_ostorhinchus_chrysopomus_lcwgs/2nd_sequencing_run/fq_raw/Och-ACat_011-Ex1-11A-lcwgs-2-1.1.fq.gz	/archive/carpenterlab/pire/pire_ostorhinchus_chrysopomus_lcwgs/2nd_sequencing_run/fq_raw/Och-ACat_011-Ex1-11A-lcwgs-2-1.2.fq.gz	data/symlinks/OchACat011_Ex1-11A-lcwgs-2_RG-OchACat011-E00526-585-HJLFCCCX2-L3-11A-B2_R1.fastq.gz	data/symlinks/OchACat011_Ex1-11A-lcwgs-2_RG-OchACat011-E00526-585-HJLFCCCX2-L3-11A-B2_R2.fastq.gz
OchACat012_Ex1-12A-lcwgs-2_RG-OchACat012-E00526-585-HJLFCCCX2-L3-12A-B2	OchACat012	Och-ACat_012	ACat	historical	Ex1-12A-lcwgs-2	RG-OchACat012-E00526-585-HJLFCCCX2-L3-12A-B2	2nd	Och-ACat_012-Ex1-12A-lcwgs-2-1	/archive/carpenterlab/pire/pire_ostorhinchus_chrysopomus_lcwgs/2nd_sequencing_run/fq_raw/Och-ACat_012-Ex1-12A-lcwgs-2-1.1.fq.gz	/archive/carpenterlab/pire/pire_ostorhinchus_chrysopomus_lcwgs/2nd_sequencing_run/fq_raw/Och-ACat_012-Ex1-12A-lcwgs-2-1.2.fq.gz	data/symlinks/OchACat012_Ex1-12A-lcwgs-2_RG-OchACat012-E00526-585-HJLFCCCX2-L3-12A-B2_R1.fastq.gz	data/symlinks/OchACat012_Ex1-12A-lcwgs-2_RG-OchACat012-E00526-585-HJLFCCCX2-L3-12A-B2_R2.fastq.gz
OchACat013_Ex1-1B-lcwgs-2_RG-OchACat013-E00526-585-HJLFCCCX2-L3-1B-B2	OchACat013	Och-ACat_013	ACat	historical	Ex1-1B-lcwgs-2	RG-OchACat013-E00526-585-HJLFCCCX2-L3-1B-B2	2nd	Och-ACat_013-Ex1-1B-lcwgs-2-1	/archive/carpenterlab/pire/pire_ostorhinchus_chrysopomus_lcwgs/2nd_sequencing_run/fq_raw/Och-ACat_013-Ex1-1B-lcwgs-2-1.1.fq.gz	/archive/carpenterlab/pire/pire_ostorhinchus_chrysopomus_lcwgs/2nd_sequencing_run/fq_raw/Och-ACat_013-Ex1-1B-lcwgs-2-1.2.fq.gz	data/symlinks/OchACat013_Ex1-1B-lcwgs-2_RG-OchACat013-E00526-585-HJLFCCCX2-L3-1B-B2_R1.fastq.gz	data/symlinks/OchACat013_Ex1-1B-lcwgs-2_RG-OchACat013-E00526-585-HJLFCCCX2-L3-1B-B2_R2.fastq.gz
OchACat014_Ex1-2B-lcwgs-2_RG-OchACat014-E00526-585-HJLFCCCX2-L3-2B-B2	OchACat014	Och-ACat_014	ACat	historical	Ex1-2B-lcwgs-2	RG-OchACat014-E00526-585-HJLFCCCX2-L3-2B-B2	2nd	Och-ACat_014-Ex1-2B-lcwgs-2-1	/archive/carpenterlab/pire/pire_ostorhinchus_chrysopomus_lcwgs/2nd_sequencing_run/fq_raw/Och-ACat_014-Ex1-2B-lcwgs-2-1.1.fq.gz	/archive/carpenterlab/pire/pire_ostorhinchus_chrysopomus_lcwgs/2nd_sequencing_run/fq_raw/Och-ACat_014-Ex1-2B-lcwgs-2-1.2.fq.gz	data/symlinks/OchACat014_Ex1-2B-lcwgs-2_RG-OchACat014-E00526-585-HJLFCCCX2-L3-2B-B2_R1.fastq.gz	data/symlinks/OchACat014_Ex1-2B-lcwgs-2_RG-OchACat014-E00526-585-HJLFCCCX2-L3-2B-B2_R2.fastq.gz
OchACat015_Ex1-3B-lcwgs-2_RG-OchACat015-E00526-585-HJLFCCCX2-L3-3B-B2	OchACat015	Och-ACat_015	ACat	historical	Ex1-3B-lcwgs-2	RG-OchACat015-E00526-585-HJLFCCCX2-L3-3B-B2	2nd	Och-ACat_015-Ex1-3B-lcwgs-2-1	/archive/carpenterlab/pire/pire_ostorhinchus_chrysopomus_lcwgs/2nd_sequencing_run/fq_raw/Och-ACat_015-Ex1-3B-lcwgs-2-1.1.fq.gz	/archive/carpenterlab/pire/pire_ostorhinchus_chrysopomus_lcwgs/2nd_sequencing_run/fq_raw/Och-ACat_015-Ex1-3B-lcwgs-2-1.2.fq.gz	data/symlinks/OchACat015_Ex1-3B-lcwgs-2_RG-OchACat015-E00526-585-HJLFCCCX2-L3-3B-B2_R1.fastq.gz	data/symlinks/OchACat015_Ex1-3B-lcwgs-2_RG-OchACat015-E00526-585-HJLFCCCX2-L3-3B-B2_R2.fastq.gz
OchACat015_Ex1-5A-lcwgs-1_RG-OchACat015-E00526-585-HJLFCCCX2-L3-5A-B1	OchACat015	Och-ACat_015	ACat	historical	Ex1-5A-lcwgs-1	RG-OchACat015-E00526-585-HJLFCCCX2-L3-5A-B1	2nd	Och-ACat_015-Ex1-5A-lcwgs-1-1	/archive/carpenterlab/pire/pire_ostorhinchus_chrysopomus_lcwgs/2nd_sequencing_run/fq_raw/Och-ACat_015-Ex1-5A-lcwgs-1-1.1.fq.gz	/archive/carpenterlab/pire/pire_ostorhinchus_chrysopomus_lcwgs/2nd_sequencing_run/fq_raw/Och-ACat_015-Ex1-5A-lcwgs-1-1.2.fq.gz	data/symlinks/OchACat015_Ex1-5A-lcwgs-1_RG-OchACat015-E00526-585-HJLFCCCX2-L3-5A-B1_R1.fastq.gz	data/symlinks/OchACat015_Ex1-5A-lcwgs-1_RG-OchACat015-E00526-585-HJLFCCCX2-L3-5A-B1_R2.fastq.gz
OchACat016_Ex1-4B-lcwgs-2_RG-OchACat016-E00526-585-HJLFCCCX2-L3-4B-B2	OchACat016	Och-ACat_016	ACat	historical	Ex1-4B-lcwgs-2	RG-OchACat016-E00526-585-HJLFCCCX2-L3-4B-B2	2nd	Och-ACat_016-Ex1-4B-lcwgs-2-1	/archive/carpenterlab/pire/pire_ostorhinchus_chrysopomus_lcwgs/2nd_sequencing_run/fq_raw/Och-ACat_016-Ex1-4B-lcwgs-2-1.1.fq.gz	/archive/carpenterlab/pire/pire_ostorhinchus_chrysopomus_lcwgs/2nd_sequencing_run/fq_raw/Och-ACat_016-Ex1-4B-lcwgs-2-1.2.fq.gz	data/symlinks/OchACat016_Ex1-4B-lcwgs-2_RG-OchACat016-E00526-585-HJLFCCCX2-L3-4B-B2_R1.fastq.gz	data/symlinks/OchACat016_Ex1-4B-lcwgs-2_RG-OchACat016-E00526-585-HJLFCCCX2-L3-4B-B2_R2.fastq.gz
OchACat017_Ex1-5B-lcwgs-2_RG-OchACat017-E00526-585-HJLFCCCX2-L3-5B-B2	OchACat017	Och-ACat_017	ACat	historical	Ex1-5B-lcwgs-2	RG-OchACat017-E00526-585-HJLFCCCX2-L3-5B-B2	2nd	Och-ACat_017-Ex1-5B-lcwgs-2-1	/archive/carpenterlab/pire/pire_ostorhinchus_chrysopomus_lcwgs/2nd_sequencing_run/fq_raw/Och-ACat_017-Ex1-5B-lcwgs-2-1.1.fq.gz	/archive/carpenterlab/pire/pire_ostorhinchus_chrysopomus_lcwgs/2nd_sequencing_run/fq_raw/Och-ACat_017-Ex1-5B-lcwgs-2-1.2.fq.gz	data/symlinks/OchACat017_Ex1-5B-lcwgs-2_RG-OchACat017-E00526-585-HJLFCCCX2-L3-5B-B2_R1.fastq.gz	data/symlinks/OchACat017_Ex1-5B-lcwgs-2_RG-OchACat017-E00526-585-HJLFCCCX2-L3-5B-B2_R2.fastq.gz
OchACat018_Ex1-6B-lcwgs-2_RG-OchACat018-E00526-585-HJLFCCCX2-L3-6B-B2	OchACat018	Och-ACat_018	ACat	historical	Ex1-6B-lcwgs-2	RG-OchACat018-E00526-585-HJLFCCCX2-L3-6B-B2	2nd	Och-ACat_018-Ex1-6B-lcwgs-2-1	/archive/carpenterlab/pire/pire_ostorhinchus_chrysopomus_lcwgs/2nd_sequencing_run/fq_raw/Och-ACat_018-Ex1-6B-lcwgs-2-1.1.fq.gz	/archive/carpenterlab/pire/pire_ostorhinchus_chrysopomus_lcwgs/2nd_sequencing_run/fq_raw/Och-ACat_018-Ex1-6B-lcwgs-2-1.2.fq.gz	data/symlinks/OchACat018_Ex1-6B-lcwgs-2_RG-OchACat018-E00526-585-HJLFCCCX2-L3-6B-B2_R1.fastq.gz	data/symlinks/OchACat018_Ex1-6B-lcwgs-2_RG-OchACat018-E00526-585-HJLFCCCX2-L3-6B-B2_R2.fastq.gz
OchACat019_Ex1-7B-lcwgs-2_RG-OchACat019-E00526-585-HJLFCCCX2-L3-7B-B2	OchACat019	Och-ACat_019	ACat	historical	Ex1-7B-lcwgs-2	RG-OchACat019-E00526-585-HJLFCCCX2-L3-7B-B2	2nd	Och-ACat_019-Ex1-7B-lcwgs-2-1	/archive/carpenterlab/pire/pire_ostorhinchus_chrysopomus_lcwgs/2nd_sequencing_run/fq_raw/Och-ACat_019-Ex1-7B-lcwgs-2-1.1.fq.gz	/archive/carpenterlab/pire/pire_ostorhinchus_chrysopomus_lcwgs/2nd_sequencing_run/fq_raw/Och-ACat_019-Ex1-7B-lcwgs-2-1.2.fq.gz	data/symlinks/OchACat019_Ex1-7B-lcwgs-2_RG-OchACat019-E00526-585-HJLFCCCX2-L3-7B-B2_R1.fastq.gz	data/symlinks/OchACat019_Ex1-7B-lcwgs-2_RG-OchACat019-E00526-585-HJLFCCCX2-L3-7B-B2_R2.fastq.gz
OchACat020_Ex1-8B-lcwgs-2_RG-OchACat020-E00526-585-HJLFCCCX2-L3-8B-B2	OchACat020	Och-ACat_020	ACat	historical	Ex1-8B-lcwgs-2	RG-OchACat020-E00526-585-HJLFCCCX2-L3-8B-B2	2nd	Och-ACat_020-Ex1-8B-lcwgs-2-1	/archive/carpenterlab/pire/pire_ostorhinchus_chrysopomus_lcwgs/2nd_sequencing_run/fq_raw/Och-ACat_020-Ex1-8B-lcwgs-2-1.1.fq.gz	/archive/carpenterlab/pire/pire_ostorhinchus_chrysopomus_lcwgs/2nd_sequencing_run/fq_raw/Och-ACat_020-Ex1-8B-lcwgs-2-1.2.fq.gz	data/symlinks/OchACat020_Ex1-8B-lcwgs-2_RG-OchACat020-E00526-585-HJLFCCCX2-L3-8B-B2_R1.fastq.gz	data/symlinks/OchACat020_Ex1-8B-lcwgs-2_RG-OchACat020-E00526-585-HJLFCCCX2-L3-8B-B2_R2.fastq.gz
OchACat021_Ex1-9B-lcwgs-2_RG-OchACat021-E00526-585-HJLFCCCX2-L3-9B-B2	OchACat021	Och-ACat_021	ACat	historical	Ex1-9B-lcwgs-2	RG-OchACat021-E00526-585-HJLFCCCX2-L3-9B-B2	2nd	Och-ACat_021-Ex1-9B-lcwgs-2-1	/archive/carpenterlab/pire/pire_ostorhinchus_chrysopomus_lcwgs/2nd_sequencing_run/fq_raw/Och-ACat_021-Ex1-9B-lcwgs-2-1.1.fq.gz	/archive/carpenterlab/pire/pire_ostorhinchus_chrysopomus_lcwgs/2nd_sequencing_run/fq_raw/Och-ACat_021-Ex1-9B-lcwgs-2-1.2.fq.gz	data/symlinks/OchACat021_Ex1-9B-lcwgs-2_RG-OchACat021-E00526-585-HJLFCCCX2-L3-9B-B2_R1.fastq.gz	data/symlinks/OchACat021_Ex1-9B-lcwgs-2_RG-OchACat021-E00526-585-HJLFCCCX2-L3-9B-B2_R2.fastq.gz
OchACat022_Ex1-10B-lcwgs-2_RG-OchACat022-E00526-585-HJLFCCCX2-L3-10B-B2	OchACat022	Och-ACat_022	ACat	historical	Ex1-10B-lcwgs-2	RG-OchACat022-E00526-585-HJLFCCCX2-L3-10B-B2	2nd	Och-ACat_022-Ex1-10B-lcwgs-2-1	/archive/carpenterlab/pire/pire_ostorhinchus_chrysopomus_lcwgs/2nd_sequencing_run/fq_raw/Och-ACat_022-Ex1-10B-lcwgs-2-1.1.fq.gz	/archive/carpenterlab/pire/pire_ostorhinchus_chrysopomus_lcwgs/2nd_sequencing_run/fq_raw/Och-ACat_022-Ex1-10B-lcwgs-2-1.2.fq.gz	data/symlinks/OchACat022_Ex1-10B-lcwgs-2_RG-OchACat022-E00526-585-HJLFCCCX2-L3-10B-B2_R1.fastq.gz	data/symlinks/OchACat022_Ex1-10B-lcwgs-2_RG-OchACat022-E00526-585-HJLFCCCX2-L3-10B-B2_R2.fastq.gz
OchACat023_Ex1-11B-lcwgs-2_RG-OchACat023-E00526-585-HJLFCCCX2-L3-11B-B2	OchACat023	Och-ACat_023	ACat	historical	Ex1-11B-lcwgs-2	RG-OchACat023-E00526-585-HJLFCCCX2-L3-11B-B2	2nd	Och-ACat_023-Ex1-11B-lcwgs-2-1	/archive/carpenterlab/pire/pire_ostorhinchus_chrysopomus_lcwgs/2nd_sequencing_run/fq_raw/Och-ACat_023-Ex1-11B-lcwgs-2-1.1.fq.gz	/archive/carpenterlab/pire/pire_ostorhinchus_chrysopomus_lcwgs/2nd_sequencing_run/fq_raw/Och-ACat_023-Ex1-11B-lcwgs-2-1.2.fq.gz	data/symlinks/OchACat023_Ex1-11B-lcwgs-2_RG-OchACat023-E00526-585-HJLFCCCX2-L3-11B-B2_R1.fastq.gz	data/symlinks/OchACat023_Ex1-11B-lcwgs-2_RG-OchACat023-E00526-585-HJLFCCCX2-L3-11B-B2_R2.fastq.gz
OchACat024_Ex1-12B-lcwgs-2_RG-OchACat024-E00526-585-HJLFCCCX2-L3-12B-B2	OchACat024	Och-ACat_024	ACat	historical	Ex1-12B-lcwgs-2	RG-OchACat024-E00526-585-HJLFCCCX2-L3-12B-B2	2nd	Och-ACat_024-Ex1-12B-lcwgs-2-1	/archive/carpenterlab/pire/pire_ostorhinchus_chrysopomus_lcwgs/2nd_sequencing_run/fq_raw/Och-ACat_024-Ex1-12B-lcwgs-2-1.1.fq.gz	/archive/carpenterlab/pire/pire_ostorhinchus_chrysopomus_lcwgs/2nd_sequencing_run/fq_raw/Och-ACat_024-Ex1-12B-lcwgs-2-1.2.fq.gz	data/symlinks/OchACat024_Ex1-12B-lcwgs-2_RG-OchACat024-E00526-585-HJLFCCCX2-L3-12B-B2_R1.fastq.gz	data/symlinks/OchACat024_Ex1-12B-lcwgs-2_RG-OchACat024-E00526-585-HJLFCCCX2-L3-12B-B2_R2.fastq.gz
OchACat025_Ex1-1C-lcwgs-2_RG-OchACat025-E00526-585-HJLFCCCX2-L3-1C-B2	OchACat025	Och-ACat_025	ACat	historical	Ex1-1C-lcwgs-2	RG-OchACat025-E00526-585-HJLFCCCX2-L3-1C-B2	2nd	Och-ACat_025-Ex1-1C-lcwgs-2-1	/archive/carpenterlab/pire/pire_ostorhinchus_chrysopomus_lcwgs/2nd_sequencing_run/fq_raw/Och-ACat_025-Ex1-1C-lcwgs-2-1.1.fq.gz	/archive/carpenterlab/pire/pire_ostorhinchus_chrysopomus_lcwgs/2nd_sequencing_run/fq_raw/Och-ACat_025-Ex1-1C-lcwgs-2-1.2.fq.gz	data/symlinks/OchACat025_Ex1-1C-lcwgs-2_RG-OchACat025-E00526-585-HJLFCCCX2-L3-1C-B2_R1.fastq.gz	data/symlinks/OchACat025_Ex1-1C-lcwgs-2_RG-OchACat025-E00526-585-HJLFCCCX2-L3-1C-B2_R2.fastq.gz
OchACat026_Ex1-2C-lcwgs-2_RG-OchACat026-E00526-585-HJLFCCCX2-L3-2C-B2	OchACat026	Och-ACat_026	ACat	historical	Ex1-2C-lcwgs-2	RG-OchACat026-E00526-585-HJLFCCCX2-L3-2C-B2	2nd	Och-ACat_026-Ex1-2C-lcwgs-2-1	/archive/carpenterlab/pire/pire_ostorhinchus_chrysopomus_lcwgs/2nd_sequencing_run/fq_raw/Och-ACat_026-Ex1-2C-lcwgs-2-1.1.fq.gz	/archive/carpenterlab/pire/pire_ostorhinchus_chrysopomus_lcwgs/2nd_sequencing_run/fq_raw/Och-ACat_026-Ex1-2C-lcwgs-2-1.2.fq.gz	data/symlinks/OchACat026_Ex1-2C-lcwgs-2_RG-OchACat026-E00526-585-HJLFCCCX2-L3-2C-B2_R1.fastq.gz	data/symlinks/OchACat026_Ex1-2C-lcwgs-2_RG-OchACat026-E00526-585-HJLFCCCX2-L3-2C-B2_R2.fastq.gz
OchACat027_Ex1-3C-lcwgs-2_RG-OchACat027-E00526-585-HJLFCCCX2-L3-3C-B2	OchACat027	Och-ACat_027	ACat	historical	Ex1-3C-lcwgs-2	RG-OchACat027-E00526-585-HJLFCCCX2-L3-3C-B2	2nd	Och-ACat_027-Ex1-3C-lcwgs-2-1	/archive/carpenterlab/pire/pire_ostorhinchus_chrysopomus_lcwgs/2nd_sequencing_run/fq_raw/Och-ACat_027-Ex1-3C-lcwgs-2-1.1.fq.gz	/archive/carpenterlab/pire/pire_ostorhinchus_chrysopomus_lcwgs/2nd_sequencing_run/fq_raw/Och-ACat_027-Ex1-3C-lcwgs-2-1.2.fq.gz	data/symlinks/OchACat027_Ex1-3C-lcwgs-2_RG-OchACat027-E00526-585-HJLFCCCX2-L3-3C-B2_R1.fastq.gz	data/symlinks/OchACat027_Ex1-3C-lcwgs-2_RG-OchACat027-E00526-585-HJLFCCCX2-L3-3C-B2_R2.fastq.gz
OchACat028_Ex1-4C-lcwgs-2_RG-OchACat028-E00526-585-HJLFCCCX2-L3-4C-B2	OchACat028	Och-ACat_028	ACat	historical	Ex1-4C-lcwgs-2	RG-OchACat028-E00526-585-HJLFCCCX2-L3-4C-B2	2nd	Och-ACat_028-Ex1-4C-lcwgs-2-1	/archive/carpenterlab/pire/pire_ostorhinchus_chrysopomus_lcwgs/2nd_sequencing_run/fq_raw/Och-ACat_028-Ex1-4C-lcwgs-2-1.1.fq.gz	/archive/carpenterlab/pire/pire_ostorhinchus_chrysopomus_lcwgs/2nd_sequencing_run/fq_raw/Och-ACat_028-Ex1-4C-lcwgs-2-1.2.fq.gz	data/symlinks/OchACat028_Ex1-4C-lcwgs-2_RG-OchACat028-E00526-585-HJLFCCCX2-L3-4C-B2_R1.fastq.gz	data/symlinks/OchACat028_Ex1-4C-lcwgs-2_RG-OchACat028-E00526-585-HJLFCCCX2-L3-4C-B2_R2.fastq.gz
OchACat029_Ex1-5C-lcwgs-2_RG-OchACat029-E00526-585-HJLFCCCX2-L3-5C-B2	OchACat029	Och-ACat_029	ACat	historical	Ex1-5C-lcwgs-2	RG-OchACat029-E00526-585-HJLFCCCX2-L3-5C-B2	2nd	Och-ACat_029-Ex1-5C-lcwgs-2-1	/archive/carpenterlab/pire/pire_ostorhinchus_chrysopomus_lcwgs/2nd_sequencing_run/fq_raw/Och-ACat_029-Ex1-5C-lcwgs-2-1.1.fq.gz	/archive/carpenterlab/pire/pire_ostorhinchus_chrysopomus_lcwgs/2nd_sequencing_run/fq_raw/Och-ACat_029-Ex1-5C-lcwgs-2-1.2.fq.gz	data/symlinks/OchACat029_Ex1-5C-lcwgs-2_RG-OchACat029-E00526-585-HJLFCCCX2-L3-5C-B2_R1.fastq.gz	data/symlinks/OchACat029_Ex1-5C-lcwgs-2_RG-OchACat029-E00526-585-HJLFCCCX2-L3-5C-B2_R2.fastq.gz
OchACat030_Ex1-6C-lcwgs-2_RG-OchACat030-E00526-585-HJLFCCCX2-L3-6C-B2	OchACat030	Och-ACat_030	ACat	historical	Ex1-6C-lcwgs-2	RG-OchACat030-E00526-585-HJLFCCCX2-L3-6C-B2	2nd	Och-ACat_030-Ex1-6C-lcwgs-2-1	/archive/carpenterlab/pire/pire_ostorhinchus_chrysopomus_lcwgs/2nd_sequencing_run/fq_raw/Och-ACat_030-Ex1-6C-lcwgs-2-1.1.fq.gz	/archive/carpenterlab/pire/pire_ostorhinchus_chrysopomus_lcwgs/2nd_sequencing_run/fq_raw/Och-ACat_030-Ex1-6C-lcwgs-2-1.2.fq.gz	data/symlinks/OchACat030_Ex1-6C-lcwgs-2_RG-OchACat030-E00526-585-HJLFCCCX2-L3-6C-B2_R1.fastq.gz	data/symlinks/OchACat030_Ex1-6C-lcwgs-2_RG-OchACat030-E00526-585-HJLFCCCX2-L3-6C-B2_R2.fastq.gz
OchACat031_Ex1-7C-lcwgs-2_RG-OchACat031-E00526-585-HJLFCCCX2-L3-7C-B2	OchACat031	Och-ACat_031	ACat	historical	Ex1-7C-lcwgs-2	RG-OchACat031-E00526-585-HJLFCCCX2-L3-7C-B2	2nd	Och-ACat_031-Ex1-7C-lcwgs-2-1	/archive/carpenterlab/pire/pire_ostorhinchus_chrysopomus_lcwgs/2nd_sequencing_run/fq_raw/Och-ACat_031-Ex1-7C-lcwgs-2-1.1.fq.gz	/archive/carpenterlab/pire/pire_ostorhinchus_chrysopomus_lcwgs/2nd_sequencing_run/fq_raw/Och-ACat_031-Ex1-7C-lcwgs-2-1.2.fq.gz	data/symlinks/OchACat031_Ex1-7C-lcwgs-2_RG-OchACat031-E00526-585-HJLFCCCX2-L3-7C-B2_R1.fastq.gz	data/symlinks/OchACat031_Ex1-7C-lcwgs-2_RG-OchACat031-E00526-585-HJLFCCCX2-L3-7C-B2_R2.fastq.gz
OchACat032_Ex1-7B-lcwgs-1_RG-OchACat032-E00526-585-HJLFCCCX2-L3-7B-B1	OchACat032	Och-ACat_032	ACat	historical	Ex1-7B-lcwgs-1	RG-OchACat032-E00526-585-HJLFCCCX2-L3-7B-B1	2nd	Och-ACat_032-Ex1-7B-lcwgs-1-1	/archive/carpenterlab/pire/pire_ostorhinchus_chrysopomus_lcwgs/2nd_sequencing_run/fq_raw/Och-ACat_032-Ex1-7B-lcwgs-1-1.1.fq.gz	/archive/carpenterlab/pire/pire_ostorhinchus_chrysopomus_lcwgs/2nd_sequencing_run/fq_raw/Och-ACat_032-Ex1-7B-lcwgs-1-1.2.fq.gz	data/symlinks/OchACat032_Ex1-7B-lcwgs-1_RG-OchACat032-E00526-585-HJLFCCCX2-L3-7B-B1_R1.fastq.gz	data/symlinks/OchACat032_Ex1-7B-lcwgs-1_RG-OchACat032-E00526-585-HJLFCCCX2-L3-7B-B1_R2.fastq.gz
OchACat032_Ex1-8C-lcwgs-2_RG-OchACat032-E00526-585-HJLFCCCX2-L3-8C-B2	OchACat032	Och-ACat_032	ACat	historical	Ex1-8C-lcwgs-2	RG-OchACat032-E00526-585-HJLFCCCX2-L3-8C-B2	2nd	Och-ACat_032-Ex1-8C-lcwgs-2-1	/archive/carpenterlab/pire/pire_ostorhinchus_chrysopomus_lcwgs/2nd_sequencing_run/fq_raw/Och-ACat_032-Ex1-8C-lcwgs-2-1.1.fq.gz	/archive/carpenterlab/pire/pire_ostorhinchus_chrysopomus_lcwgs/2nd_sequencing_run/fq_raw/Och-ACat_032-Ex1-8C-lcwgs-2-1.2.fq.gz	data/symlinks/OchACat032_Ex1-8C-lcwgs-2_RG-OchACat032-E00526-585-HJLFCCCX2-L3-8C-B2_R1.fastq.gz	data/symlinks/OchACat032_Ex1-8C-lcwgs-2_RG-OchACat032-E00526-585-HJLFCCCX2-L3-8C-B2_R2.fastq.gz
OchACat033_Ex1-9C-lcwgs-2_RG-OchACat033-E00526-585-HJLFCCCX2-L3-9C-B2	OchACat033	Och-ACat_033	ACat	historical	Ex1-9C-lcwgs-2	RG-OchACat033-E00526-585-HJLFCCCX2-L3-9C-B2	2nd	Och-ACat_033-Ex1-9C-lcwgs-2-1	/archive/carpenterlab/pire/pire_ostorhinchus_chrysopomus_lcwgs/2nd_sequencing_run/fq_raw/Och-ACat_033-Ex1-9C-lcwgs-2-1.1.fq.gz	/archive/carpenterlab/pire/pire_ostorhinchus_chrysopomus_lcwgs/2nd_sequencing_run/fq_raw/Och-ACat_033-Ex1-9C-lcwgs-2-1.2.fq.gz	data/symlinks/OchACat033_Ex1-9C-lcwgs-2_RG-OchACat033-E00526-585-HJLFCCCX2-L3-9C-B2_R1.fastq.gz	data/symlinks/OchACat033_Ex1-9C-lcwgs-2_RG-OchACat033-E00526-585-HJLFCCCX2-L3-9C-B2_R2.fastq.gz
OchACat034_Ex1-10C-lcwgs-2_RG-OchACat034-E00526-585-HJLFCCCX2-L3-10C-B2	OchACat034	Och-ACat_034	ACat	historical	Ex1-10C-lcwgs-2	RG-OchACat034-E00526-585-HJLFCCCX2-L3-10C-B2	2nd	Och-ACat_034-Ex1-10C-lcwgs-2-1	/archive/carpenterlab/pire/pire_ostorhinchus_chrysopomus_lcwgs/2nd_sequencing_run/fq_raw/Och-ACat_034-Ex1-10C-lcwgs-2-1.1.fq.gz	/archive/carpenterlab/pire/pire_ostorhinchus_chrysopomus_lcwgs/2nd_sequencing_run/fq_raw/Och-ACat_034-Ex1-10C-lcwgs-2-1.2.fq.gz	data/symlinks/OchACat034_Ex1-10C-lcwgs-2_RG-OchACat034-E00526-585-HJLFCCCX2-L3-10C-B2_R1.fastq.gz	data/symlinks/OchACat034_Ex1-10C-lcwgs-2_RG-OchACat034-E00526-585-HJLFCCCX2-L3-10C-B2_R2.fastq.gz
OchACat035_Ex1-11C-lcwgs-2_RG-OchACat035-E00526-585-HJLFCCCX2-L3-11C-B2	OchACat035	Och-ACat_035	ACat	historical	Ex1-11C-lcwgs-2	RG-OchACat035-E00526-585-HJLFCCCX2-L3-11C-B2	2nd	Och-ACat_035-Ex1-11C-lcwgs-2-1	/archive/carpenterlab/pire/pire_ostorhinchus_chrysopomus_lcwgs/2nd_sequencing_run/fq_raw/Och-ACat_035-Ex1-11C-lcwgs-2-1.1.fq.gz	/archive/carpenterlab/pire/pire_ostorhinchus_chrysopomus_lcwgs/2nd_sequencing_run/fq_raw/Och-ACat_035-Ex1-11C-lcwgs-2-1.2.fq.gz	data/symlinks/OchACat035_Ex1-11C-lcwgs-2_RG-OchACat035-E00526-585-HJLFCCCX2-L3-11C-B2_R1.fastq.gz	data/symlinks/OchACat035_Ex1-11C-lcwgs-2_RG-OchACat035-E00526-585-HJLFCCCX2-L3-11C-B2_R2.fastq.gz
OchACat036_Ex1-12C-lcwgs-2_RG-OchACat036-E00526-585-HJLFCCCX2-L3-12C-B2	OchACat036	Och-ACat_036	ACat	historical	Ex1-12C-lcwgs-2	RG-OchACat036-E00526-585-HJLFCCCX2-L3-12C-B2	2nd	Och-ACat_036-Ex1-12C-lcwgs-2-1	/archive/carpenterlab/pire/pire_ostorhinchus_chrysopomus_lcwgs/2nd_sequencing_run/fq_raw/Och-ACat_036-Ex1-12C-lcwgs-2-1.1.fq.gz	/archive/carpenterlab/pire/pire_ostorhinchus_chrysopomus_lcwgs/2nd_sequencing_run/fq_raw/Och-ACat_036-Ex1-12C-lcwgs-2-1.2.fq.gz	data/symlinks/OchACat036_Ex1-12C-lcwgs-2_RG-OchACat036-E00526-585-HJLFCCCX2-L3-12C-B2_R1.fastq.gz	data/symlinks/OchACat036_Ex1-12C-lcwgs-2_RG-OchACat036-E00526-585-HJLFCCCX2-L3-12C-B2_R2.fastq.gz
OchACat037_Ex1-1D-lcwgs-2_RG-OchACat037-E00526-585-HJLFCCCX2-L3-1D-B2	OchACat037	Och-ACat_037	ACat	historical	Ex1-1D-lcwgs-2	RG-OchACat037-E00526-585-HJLFCCCX2-L3-1D-B2	2nd	Och-ACat_037-Ex1-1D-lcwgs-2-1	/archive/carpenterlab/pire/pire_ostorhinchus_chrysopomus_lcwgs/2nd_sequencing_run/fq_raw/Och-ACat_037-Ex1-1D-lcwgs-2-1.1.fq.gz	/archive/carpenterlab/pire/pire_ostorhinchus_chrysopomus_lcwgs/2nd_sequencing_run/fq_raw/Och-ACat_037-Ex1-1D-lcwgs-2-1.2.fq.gz	data/symlinks/OchACat037_Ex1-1D-lcwgs-2_RG-OchACat037-E00526-585-HJLFCCCX2-L3-1D-B2_R1.fastq.gz	data/symlinks/OchACat037_Ex1-1D-lcwgs-2_RG-OchACat037-E00526-585-HJLFCCCX2-L3-1D-B2_R2.fastq.gz
OchACat038_Ex1-2D-lcwgs-2_RG-OchACat038-E00526-585-HJLFCCCX2-L3-2D-B2	OchACat038	Och-ACat_038	ACat	historical	Ex1-2D-lcwgs-2	RG-OchACat038-E00526-585-HJLFCCCX2-L3-2D-B2	2nd	Och-ACat_038-Ex1-2D-lcwgs-2-1	/archive/carpenterlab/pire/pire_ostorhinchus_chrysopomus_lcwgs/2nd_sequencing_run/fq_raw/Och-ACat_038-Ex1-2D-lcwgs-2-1.1.fq.gz	/archive/carpenterlab/pire/pire_ostorhinchus_chrysopomus_lcwgs/2nd_sequencing_run/fq_raw/Och-ACat_038-Ex1-2D-lcwgs-2-1.2.fq.gz	data/symlinks/OchACat038_Ex1-2D-lcwgs-2_RG-OchACat038-E00526-585-HJLFCCCX2-L3-2D-B2_R1.fastq.gz	data/symlinks/OchACat038_Ex1-2D-lcwgs-2_RG-OchACat038-E00526-585-HJLFCCCX2-L3-2D-B2_R2.fastq.gz
OchACat039_Ex1-3D-lcwgs-2_RG-OchACat039-E00526-585-HJLFCCCX2-L3-3D-B2	OchACat039	Och-ACat_039	ACat	historical	Ex1-3D-lcwgs-2	RG-OchACat039-E00526-585-HJLFCCCX2-L3-3D-B2	2nd	Och-ACat_039-Ex1-3D-lcwgs-2-1	/archive/carpenterlab/pire/pire_ostorhinchus_chrysopomus_lcwgs/2nd_sequencing_run/fq_raw/Och-ACat_039-Ex1-3D-lcwgs-2-1.1.fq.gz	/archive/carpenterlab/pire/pire_ostorhinchus_chrysopomus_lcwgs/2nd_sequencing_run/fq_raw/Och-ACat_039-Ex1-3D-lcwgs-2-1.2.fq.gz	data/symlinks/OchACat039_Ex1-3D-lcwgs-2_RG-OchACat039-E00526-585-HJLFCCCX2-L3-3D-B2_R1.fastq.gz	data/symlinks/OchACat039_Ex1-3D-lcwgs-2_RG-OchACat039-E00526-585-HJLFCCCX2-L3-3D-B2_R2.fastq.gz
OchACat039_Ex1-8A-lcwgs-1_RG-OchACat039-E00526-585-HJLFCCCX2-L3-8A-B1	OchACat039	Och-ACat_039	ACat	historical	Ex1-8A-lcwgs-1	RG-OchACat039-E00526-585-HJLFCCCX2-L3-8A-B1	2nd	Och-ACat_039-Ex1-8A-lcwgs-1-1	/archive/carpenterlab/pire/pire_ostorhinchus_chrysopomus_lcwgs/2nd_sequencing_run/fq_raw/Och-ACat_039-Ex1-8A-lcwgs-1-1.1.fq.gz	/archive/carpenterlab/pire/pire_ostorhinchus_chrysopomus_lcwgs/2nd_sequencing_run/fq_raw/Och-ACat_039-Ex1-8A-lcwgs-1-1.2.fq.gz	data/symlinks/OchACat039_Ex1-8A-lcwgs-1_RG-OchACat039-E00526-585-HJLFCCCX2-L3-8A-B1_R1.fastq.gz	data/symlinks/OchACat039_Ex1-8A-lcwgs-1_RG-OchACat039-E00526-585-HJLFCCCX2-L3-8A-B1_R2.fastq.gz
OchACat040_Ex1-4D-lcwgs-2_RG-OchACat040-E00526-585-HJLFCCCX2-L3-4D-B2	OchACat040	Och-ACat_040	ACat	historical	Ex1-4D-lcwgs-2	RG-OchACat040-E00526-585-HJLFCCCX2-L3-4D-B2	2nd	Och-ACat_040-Ex1-4D-lcwgs-2-1	/archive/carpenterlab/pire/pire_ostorhinchus_chrysopomus_lcwgs/2nd_sequencing_run/fq_raw/Och-ACat_040-Ex1-4D-lcwgs-2-1.1.fq.gz	/archive/carpenterlab/pire/pire_ostorhinchus_chrysopomus_lcwgs/2nd_sequencing_run/fq_raw/Och-ACat_040-Ex1-4D-lcwgs-2-1.2.fq.gz	data/symlinks/OchACat040_Ex1-4D-lcwgs-2_RG-OchACat040-E00526-585-HJLFCCCX2-L3-4D-B2_R1.fastq.gz	data/symlinks/OchACat040_Ex1-4D-lcwgs-2_RG-OchACat040-E00526-585-HJLFCCCX2-L3-4D-B2_R2.fastq.gz
OchACat041_Ex1-5D-lcwgs-2_RG-OchACat041-E00526-585-HJLFCCCX2-L3-5D-B2	OchACat041	Och-ACat_041	ACat	historical	Ex1-5D-lcwgs-2	RG-OchACat041-E00526-585-HJLFCCCX2-L3-5D-B2	2nd	Och-ACat_041-Ex1-5D-lcwgs-2-1	/archive/carpenterlab/pire/pire_ostorhinchus_chrysopomus_lcwgs/2nd_sequencing_run/fq_raw/Och-ACat_041-Ex1-5D-lcwgs-2-1.1.fq.gz	/archive/carpenterlab/pire/pire_ostorhinchus_chrysopomus_lcwgs/2nd_sequencing_run/fq_raw/Och-ACat_041-Ex1-5D-lcwgs-2-1.2.fq.gz	data/symlinks/OchACat041_Ex1-5D-lcwgs-2_RG-OchACat041-E00526-585-HJLFCCCX2-L3-5D-B2_R1.fastq.gz	data/symlinks/OchACat041_Ex1-5D-lcwgs-2_RG-OchACat041-E00526-585-HJLFCCCX2-L3-5D-B2_R2.fastq.gz
OchATum001_Ex1-6D-lcwgs-2_RG-OchATum001-E00526-585-HJLFCCCX2-L3-6D-B2	OchATum001	Och-ATum_001	ATum	historical	Ex1-6D-lcwgs-2	RG-OchATum001-E00526-585-HJLFCCCX2-L3-6D-B2	2nd	Och-ATum_001-Ex1-6D-lcwgs-2-1	/archive/carpenterlab/pire/pire_ostorhinchus_chrysopomus_lcwgs/2nd_sequencing_run/fq_raw/Och-ATum_001-Ex1-6D-lcwgs-2-1.1.fq.gz	/archive/carpenterlab/pire/pire_ostorhinchus_chrysopomus_lcwgs/2nd_sequencing_run/fq_raw/Och-ATum_001-Ex1-6D-lcwgs-2-1.2.fq.gz	data/symlinks/OchATum001_Ex1-6D-lcwgs-2_RG-OchATum001-E00526-585-HJLFCCCX2-L3-6D-B2_R1.fastq.gz	data/symlinks/OchATum001_Ex1-6D-lcwgs-2_RG-OchATum001-E00526-585-HJLFCCCX2-L3-6D-B2_R2.fastq.gz
OchATum002_Ex1-7D-lcwgs-2_RG-OchATum002-E00526-585-HJLFCCCX2-L3-7D-B2	OchATum002	Och-ATum_002	ATum	historical	Ex1-7D-lcwgs-2	RG-OchATum002-E00526-585-HJLFCCCX2-L3-7D-B2	2nd	Och-ATum_002-Ex1-7D-lcwgs-2-1	/archive/carpenterlab/pire/pire_ostorhinchus_chrysopomus_lcwgs/2nd_sequencing_run/fq_raw/Och-ATum_002-Ex1-7D-lcwgs-2-1.1.fq.gz	/archive/carpenterlab/pire/pire_ostorhinchus_chrysopomus_lcwgs/2nd_sequencing_run/fq_raw/Och-ATum_002-Ex1-7D-lcwgs-2-1.2.fq.gz	data/symlinks/OchATum002_Ex1-7D-lcwgs-2_RG-OchATum002-E00526-585-HJLFCCCX2-L3-7D-B2_R1.fastq.gz	data/symlinks/OchATum002_Ex1-7D-lcwgs-2_RG-OchATum002-E00526-585-HJLFCCCX2-L3-7D-B2_R2.fastq.gz
OchATum003_Ex1-8D-lcwgs-2_RG-OchATum003-E00526-585-HJLFCCCX2-L3-8D-B2	OchATum003	Och-ATum_003	ATum	historical	Ex1-8D-lcwgs-2	RG-OchATum003-E00526-585-HJLFCCCX2-L3-8D-B2	2nd	Och-ATum_003-Ex1-8D-lcwgs-2-1	/archive/carpenterlab/pire/pire_ostorhinchus_chrysopomus_lcwgs/2nd_sequencing_run/fq_raw/Och-ATum_003-Ex1-8D-lcwgs-2-1.1.fq.gz	/archive/carpenterlab/pire/pire_ostorhinchus_chrysopomus_lcwgs/2nd_sequencing_run/fq_raw/Och-ATum_003-Ex1-8D-lcwgs-2-1.2.fq.gz	data/symlinks/OchATum003_Ex1-8D-lcwgs-2_RG-OchATum003-E00526-585-HJLFCCCX2-L3-8D-B2_R1.fastq.gz	data/symlinks/OchATum003_Ex1-8D-lcwgs-2_RG-OchATum003-E00526-585-HJLFCCCX2-L3-8D-B2_R2.fastq.gz
OchATum004_Ex1-9D-lcwgs-2_RG-OchATum004-E00526-585-HJLFCCCX2-L3-9D-B2	OchATum004	Och-ATum_004	ATum	historical	Ex1-9D-lcwgs-2	RG-OchATum004-E00526-585-HJLFCCCX2-L3-9D-B2	2nd	Och-ATum_004-Ex1-9D-lcwgs-2-1	/archive/carpenterlab/pire/pire_ostorhinchus_chrysopomus_lcwgs/2nd_sequencing_run/fq_raw/Och-ATum_004-Ex1-9D-lcwgs-2-1.1.fq.gz	/archive/carpenterlab/pire/pire_ostorhinchus_chrysopomus_lcwgs/2nd_sequencing_run/fq_raw/Och-ATum_004-Ex1-9D-lcwgs-2-1.2.fq.gz	data/symlinks/OchATum004_Ex1-9D-lcwgs-2_RG-OchATum004-E00526-585-HJLFCCCX2-L3-9D-B2_R1.fastq.gz	data/symlinks/OchATum004_Ex1-9D-lcwgs-2_RG-OchATum004-E00526-585-HJLFCCCX2-L3-9D-B2_R2.fastq.gz
OchATum005_Ex1-10D-lcwgs-2_RG-OchATum005-E00526-585-HJLFCCCX2-L3-10D-B2	OchATum005	Och-ATum_005	ATum	historical	Ex1-10D-lcwgs-2	RG-OchATum005-E00526-585-HJLFCCCX2-L3-10D-B2	2nd	Och-ATum_005-Ex1-10D-lcwgs-2-1	/archive/carpenterlab/pire/pire_ostorhinchus_chrysopomus_lcwgs/2nd_sequencing_run/fq_raw/Och-ATum_005-Ex1-10D-lcwgs-2-1.1.fq.gz	/archive/carpenterlab/pire/pire_ostorhinchus_chrysopomus_lcwgs/2nd_sequencing_run/fq_raw/Och-ATum_005-Ex1-10D-lcwgs-2-1.2.fq.gz	data/symlinks/OchATum005_Ex1-10D-lcwgs-2_RG-OchATum005-E00526-585-HJLFCCCX2-L3-10D-B2_R1.fastq.gz	data/symlinks/OchATum005_Ex1-10D-lcwgs-2_RG-OchATum005-E00526-585-HJLFCCCX2-L3-10D-B2_R2.fastq.gz
OchATum006_Ex1-11D-lcwgs-2_RG-OchATum006-E00526-585-HJLFCCCX2-L3-11D-B2	OchATum006	Och-ATum_006	ATum	historical	Ex1-11D-lcwgs-2	RG-OchATum006-E00526-585-HJLFCCCX2-L3-11D-B2	2nd	Och-ATum_006-Ex1-11D-lcwgs-2-1	/archive/carpenterlab/pire/pire_ostorhinchus_chrysopomus_lcwgs/2nd_sequencing_run/fq_raw/Och-ATum_006-Ex1-11D-lcwgs-2-1.1.fq.gz	/archive/carpenterlab/pire/pire_ostorhinchus_chrysopomus_lcwgs/2nd_sequencing_run/fq_raw/Och-ATum_006-Ex1-11D-lcwgs-2-1.2.fq.gz	data/symlinks/OchATum006_Ex1-11D-lcwgs-2_RG-OchATum006-E00526-585-HJLFCCCX2-L3-11D-B2_R1.fastq.gz	data/symlinks/OchATum006_Ex1-11D-lcwgs-2_RG-OchATum006-E00526-585-HJLFCCCX2-L3-11D-B2_R2.fastq.gz
OchATum007_Ex1-12D-lcwgs-2_RG-OchATum007-E00526-585-HJLFCCCX2-L3-12D-B2	OchATum007	Och-ATum_007	ATum	historical	Ex1-12D-lcwgs-2	RG-OchATum007-E00526-585-HJLFCCCX2-L3-12D-B2	2nd	Och-ATum_007-Ex1-12D-lcwgs-2-1	/archive/carpenterlab/pire/pire_ostorhinchus_chrysopomus_lcwgs/2nd_sequencing_run/fq_raw/Och-ATum_007-Ex1-12D-lcwgs-2-1.1.fq.gz	/archive/carpenterlab/pire/pire_ostorhinchus_chrysopomus_lcwgs/2nd_sequencing_run/fq_raw/Och-ATum_007-Ex1-12D-lcwgs-2-1.2.fq.gz	data/symlinks/OchATum007_Ex1-12D-lcwgs-2_RG-OchATum007-E00526-585-HJLFCCCX2-L3-12D-B2_R1.fastq.gz	data/symlinks/OchATum007_Ex1-12D-lcwgs-2_RG-OchATum007-E00526-585-HJLFCCCX2-L3-12D-B2_R2.fastq.gz
OchATum008_Ex1-1E-lcwgs-2_RG-OchATum008-E00526-585-HJLFCCCX2-L3-1E-B2	OchATum008	Och-ATum_008	ATum	historical	Ex1-1E-lcwgs-2	RG-OchATum008-E00526-585-HJLFCCCX2-L3-1E-B2	2nd	Och-ATum_008-Ex1-1E-lcwgs-2-1	/archive/carpenterlab/pire/pire_ostorhinchus_chrysopomus_lcwgs/2nd_sequencing_run/fq_raw/Och-ATum_008-Ex1-1E-lcwgs-2-1.1.fq.gz	/archive/carpenterlab/pire/pire_ostorhinchus_chrysopomus_lcwgs/2nd_sequencing_run/fq_raw/Och-ATum_008-Ex1-1E-lcwgs-2-1.2.fq.gz	data/symlinks/OchATum008_Ex1-1E-lcwgs-2_RG-OchATum008-E00526-585-HJLFCCCX2-L3-1E-B2_R1.fastq.gz	data/symlinks/OchATum008_Ex1-1E-lcwgs-2_RG-OchATum008-E00526-585-HJLFCCCX2-L3-1E-B2_R2.fastq.gz
OchATum009_Ex1-2E-lcwgs-2_RG-OchATum009-E00526-585-HJLFCCCX2-L3-2E-B2	OchATum009	Och-ATum_009	ATum	historical	Ex1-2E-lcwgs-2	RG-OchATum009-E00526-585-HJLFCCCX2-L3-2E-B2	2nd	Och-ATum_009-Ex1-2E-lcwgs-2-1	/archive/carpenterlab/pire/pire_ostorhinchus_chrysopomus_lcwgs/2nd_sequencing_run/fq_raw/Och-ATum_009-Ex1-2E-lcwgs-2-1.1.fq.gz	/archive/carpenterlab/pire/pire_ostorhinchus_chrysopomus_lcwgs/2nd_sequencing_run/fq_raw/Och-ATum_009-Ex1-2E-lcwgs-2-1.2.fq.gz	data/symlinks/OchATum009_Ex1-2E-lcwgs-2_RG-OchATum009-E00526-585-HJLFCCCX2-L3-2E-B2_R1.fastq.gz	data/symlinks/OchATum009_Ex1-2E-lcwgs-2_RG-OchATum009-E00526-585-HJLFCCCX2-L3-2E-B2_R2.fastq.gz
OchATum010_Ex1-3E-lcwgs-2_RG-OchATum010-E00526-585-HJLFCCCX2-L3-3E-B2	OchATum010	Och-ATum_010	ATum	historical	Ex1-3E-lcwgs-2	RG-OchATum010-E00526-585-HJLFCCCX2-L3-3E-B2	2nd	Och-ATum_010-Ex1-3E-lcwgs-2-1	/archive/carpenterlab/pire/pire_ostorhinchus_chrysopomus_lcwgs/2nd_sequencing_run/fq_raw/Och-ATum_010-Ex1-3E-lcwgs-2-1.1.fq.gz	/archive/carpenterlab/pire/pire_ostorhinchus_chrysopomus_lcwgs/2nd_sequencing_run/fq_raw/Och-ATum_010-Ex1-3E-lcwgs-2-1.2.fq.gz	data/symlinks/OchATum010_Ex1-3E-lcwgs-2_RG-OchATum010-E00526-585-HJLFCCCX2-L3-3E-B2_R1.fastq.gz	data/symlinks/OchATum010_Ex1-3E-lcwgs-2_RG-OchATum010-E00526-585-HJLFCCCX2-L3-3E-B2_R2.fastq.gz
OchATum011_Ex1-4E-lcwgs-2_RG-OchATum011-E00526-585-HJLFCCCX2-L3-4E-B2	OchATum011	Och-ATum_011	ATum	historical	Ex1-4E-lcwgs-2	RG-OchATum011-E00526-585-HJLFCCCX2-L3-4E-B2	2nd	Och-ATum_011-Ex1-4E-lcwgs-2-1	/archive/carpenterlab/pire/pire_ostorhinchus_chrysopomus_lcwgs/2nd_sequencing_run/fq_raw/Och-ATum_011-Ex1-4E-lcwgs-2-1.1.fq.gz	/archive/carpenterlab/pire/pire_ostorhinchus_chrysopomus_lcwgs/2nd_sequencing_run/fq_raw/Och-ATum_011-Ex1-4E-lcwgs-2-1.2.fq.gz	data/symlinks/OchATum011_Ex1-4E-lcwgs-2_RG-OchATum011-E00526-585-HJLFCCCX2-L3-4E-B2_R1.fastq.gz	data/symlinks/OchATum011_Ex1-4E-lcwgs-2_RG-OchATum011-E00526-585-HJLFCCCX2-L3-4E-B2_R2.fastq.gz
OchATum012_Ex1-5E-lcwgs-2_RG-OchATum012-E00526-585-HJLFCCCX2-L3-5E-B2	OchATum012	Och-ATum_012	ATum	historical	Ex1-5E-lcwgs-2	RG-OchATum012-E00526-585-HJLFCCCX2-L3-5E-B2	2nd	Och-ATum_012-Ex1-5E-lcwgs-2-1	/archive/carpenterlab/pire/pire_ostorhinchus_chrysopomus_lcwgs/2nd_sequencing_run/fq_raw/Och-ATum_012-Ex1-5E-lcwgs-2-1.1.fq.gz	/archive/carpenterlab/pire/pire_ostorhinchus_chrysopomus_lcwgs/2nd_sequencing_run/fq_raw/Och-ATum_012-Ex1-5E-lcwgs-2-1.2.fq.gz	data/symlinks/OchATum012_Ex1-5E-lcwgs-2_RG-OchATum012-E00526-585-HJLFCCCX2-L3-5E-B2_R1.fastq.gz	data/symlinks/OchATum012_Ex1-5E-lcwgs-2_RG-OchATum012-E00526-585-HJLFCCCX2-L3-5E-B2_R2.fastq.gz
OchATum013_Ex1-6E-lcwgs-2_RG-OchATum013-E00526-585-HJLFCCCX2-L3-6E-B2	OchATum013	Och-ATum_013	ATum	historical	Ex1-6E-lcwgs-2	RG-OchATum013-E00526-585-HJLFCCCX2-L3-6E-B2	2nd	Och-ATum_013-Ex1-6E-lcwgs-2-1	/archive/carpenterlab/pire/pire_ostorhinchus_chrysopomus_lcwgs/2nd_sequencing_run/fq_raw/Och-ATum_013-Ex1-6E-lcwgs-2-1.1.fq.gz	/archive/carpenterlab/pire/pire_ostorhinchus_chrysopomus_lcwgs/2nd_sequencing_run/fq_raw/Och-ATum_013-Ex1-6E-lcwgs-2-1.2.fq.gz	data/symlinks/OchATum013_Ex1-6E-lcwgs-2_RG-OchATum013-E00526-585-HJLFCCCX2-L3-6E-B2_R1.fastq.gz	data/symlinks/OchATum013_Ex1-6E-lcwgs-2_RG-OchATum013-E00526-585-HJLFCCCX2-L3-6E-B2_R2.fastq.gz
OchATum014_Ex1-7E-lcwgs-2_RG-OchATum014-E00526-585-HJLFCCCX2-L3-7E-B2	OchATum014	Och-ATum_014	ATum	historical	Ex1-7E-lcwgs-2	RG-OchATum014-E00526-585-HJLFCCCX2-L3-7E-B2	2nd	Och-ATum_014-Ex1-7E-lcwgs-2-1	/archive/carpenterlab/pire/pire_ostorhinchus_chrysopomus_lcwgs/2nd_sequencing_run/fq_raw/Och-ATum_014-Ex1-7E-lcwgs-2-1.1.fq.gz	/archive/carpenterlab/pire/pire_ostorhinchus_chrysopomus_lcwgs/2nd_sequencing_run/fq_raw/Och-ATum_014-Ex1-7E-lcwgs-2-1.2.fq.gz	data/symlinks/OchATum014_Ex1-7E-lcwgs-2_RG-OchATum014-E00526-585-HJLFCCCX2-L3-7E-B2_R1.fastq.gz	data/symlinks/OchATum014_Ex1-7E-lcwgs-2_RG-OchATum014-E00526-585-HJLFCCCX2-L3-7E-B2_R2.fastq.gz
OchATum015_Ex1-8E-lcwgs-2_RG-OchATum015-E00526-585-HJLFCCCX2-L3-8E-B2	OchATum015	Och-ATum_015	ATum	historical	Ex1-8E-lcwgs-2	RG-OchATum015-E00526-585-HJLFCCCX2-L3-8E-B2	2nd	Och-ATum_015-Ex1-8E-lcwgs-2-1	/archive/carpenterlab/pire/pire_ostorhinchus_chrysopomus_lcwgs/2nd_sequencing_run/fq_raw/Och-ATum_015-Ex1-8E-lcwgs-2-1.1.fq.gz	/archive/carpenterlab/pire/pire_ostorhinchus_chrysopomus_lcwgs/2nd_sequencing_run/fq_raw/Och-ATum_015-Ex1-8E-lcwgs-2-1.2.fq.gz	data/symlinks/OchATum015_Ex1-8E-lcwgs-2_RG-OchATum015-E00526-585-HJLFCCCX2-L3-8E-B2_R1.fastq.gz	data/symlinks/OchATum015_Ex1-8E-lcwgs-2_RG-OchATum015-E00526-585-HJLFCCCX2-L3-8E-B2_R2.fastq.gz
OchATum016_Ex1-9E-lcwgs-2_RG-OchATum016-E00526-585-HJLFCCCX2-L3-9E-B2	OchATum016	Och-ATum_016	ATum	historical	Ex1-9E-lcwgs-2	RG-OchATum016-E00526-585-HJLFCCCX2-L3-9E-B2	2nd	Och-ATum_016-Ex1-9E-lcwgs-2-1	/archive/carpenterlab/pire/pire_ostorhinchus_chrysopomus_lcwgs/2nd_sequencing_run/fq_raw/Och-ATum_016-Ex1-9E-lcwgs-2-1.1.fq.gz	/archive/carpenterlab/pire/pire_ostorhinchus_chrysopomus_lcwgs/2nd_sequencing_run/fq_raw/Och-ATum_016-Ex1-9E-lcwgs-2-1.2.fq.gz	data/symlinks/OchATum016_Ex1-9E-lcwgs-2_RG-OchATum016-E00526-585-HJLFCCCX2-L3-9E-B2_R1.fastq.gz	data/symlinks/OchATum016_Ex1-9E-lcwgs-2_RG-OchATum016-E00526-585-HJLFCCCX2-L3-9E-B2_R2.fastq.gz
OchATum017_Ex1-10E-lcwgs-2_RG-OchATum017-E00526-585-HJLFCCCX2-L3-10E-B2	OchATum017	Och-ATum_017	ATum	historical	Ex1-10E-lcwgs-2	RG-OchATum017-E00526-585-HJLFCCCX2-L3-10E-B2	2nd	Och-ATum_017-Ex1-10E-lcwgs-2-1	/archive/carpenterlab/pire/pire_ostorhinchus_chrysopomus_lcwgs/2nd_sequencing_run/fq_raw/Och-ATum_017-Ex1-10E-lcwgs-2-1.1.fq.gz	/archive/carpenterlab/pire/pire_ostorhinchus_chrysopomus_lcwgs/2nd_sequencing_run/fq_raw/Och-ATum_017-Ex1-10E-lcwgs-2-1.2.fq.gz	data/symlinks/OchATum017_Ex1-10E-lcwgs-2_RG-OchATum017-E00526-585-HJLFCCCX2-L3-10E-B2_R1.fastq.gz	data/symlinks/OchATum017_Ex1-10E-lcwgs-2_RG-OchATum017-E00526-585-HJLFCCCX2-L3-10E-B2_R2.fastq.gz
OchATum018_Ex1-11E-lcwgs-2_RG-OchATum018-E00526-585-HJLFCCCX2-L3-11E-B2	OchATum018	Och-ATum_018	ATum	historical	Ex1-11E-lcwgs-2	RG-OchATum018-E00526-585-HJLFCCCX2-L3-11E-B2	2nd	Och-ATum_018-Ex1-11E-lcwgs-2-1	/archive/carpenterlab/pire/pire_ostorhinchus_chrysopomus_lcwgs/2nd_sequencing_run/fq_raw/Och-ATum_018-Ex1-11E-lcwgs-2-1.1.fq.gz	/archive/carpenterlab/pire/pire_ostorhinchus_chrysopomus_lcwgs/2nd_sequencing_run/fq_raw/Och-ATum_018-Ex1-11E-lcwgs-2-1.2.fq.gz	data/symlinks/OchATum018_Ex1-11E-lcwgs-2_RG-OchATum018-E00526-585-HJLFCCCX2-L3-11E-B2_R1.fastq.gz	data/symlinks/OchATum018_Ex1-11E-lcwgs-2_RG-OchATum018-E00526-585-HJLFCCCX2-L3-11E-B2_R2.fastq.gz
OchATum019_Ex1-12E-lcwgs-2_RG-OchATum019-E00526-585-HJLFCCCX2-L3-12E-B2	OchATum019	Och-ATum_019	ATum	historical	Ex1-12E-lcwgs-2	RG-OchATum019-E00526-585-HJLFCCCX2-L3-12E-B2	2nd	Och-ATum_019-Ex1-12E-lcwgs-2-1	/archive/carpenterlab/pire/pire_ostorhinchus_chrysopomus_lcwgs/2nd_sequencing_run/fq_raw/Och-ATum_019-Ex1-12E-lcwgs-2-1.1.fq.gz	/archive/carpenterlab/pire/pire_ostorhinchus_chrysopomus_lcwgs/2nd_sequencing_run/fq_raw/Och-ATum_019-Ex1-12E-lcwgs-2-1.2.fq.gz	data/symlinks/OchATum019_Ex1-12E-lcwgs-2_RG-OchATum019-E00526-585-HJLFCCCX2-L3-12E-B2_R1.fastq.gz	data/symlinks/OchATum019_Ex1-12E-lcwgs-2_RG-OchATum019-E00526-585-HJLFCCCX2-L3-12E-B2_R2.fastq.gz
OchATum020_Ex1-1F-lcwgs-2_RG-OchATum020-E00526-585-HJLFCCCX2-L3-1F-B2	OchATum020	Och-ATum_020	ATum	historical	Ex1-1F-lcwgs-2	RG-OchATum020-E00526-585-HJLFCCCX2-L3-1F-B2	2nd	Och-ATum_020-Ex1-1F-lcwgs-2-1	/archive/carpenterlab/pire/pire_ostorhinchus_chrysopomus_lcwgs/2nd_sequencing_run/fq_raw/Och-ATum_020-Ex1-1F-lcwgs-2-1.1.fq.gz	/archive/carpenterlab/pire/pire_ostorhinchus_chrysopomus_lcwgs/2nd_sequencing_run/fq_raw/Och-ATum_020-Ex1-1F-lcwgs-2-1.2.fq.gz	data/symlinks/OchATum020_Ex1-1F-lcwgs-2_RG-OchATum020-E00526-585-HJLFCCCX2-L3-1F-B2_R1.fastq.gz	data/symlinks/OchATum020_Ex1-1F-lcwgs-2_RG-OchATum020-E00526-585-HJLFCCCX2-L3-1F-B2_R2.fastq.gz
OchATum021_Ex1-2F-lcwgs-2_RG-OchATum021-E00526-585-HJLFCCCX2-L3-2F-B2	OchATum021	Och-ATum_021	ATum	historical	Ex1-2F-lcwgs-2	RG-OchATum021-E00526-585-HJLFCCCX2-L3-2F-B2	2nd	Och-ATum_021-Ex1-2F-lcwgs-2-1	/archive/carpenterlab/pire/pire_ostorhinchus_chrysopomus_lcwgs/2nd_sequencing_run/fq_raw/Och-ATum_021-Ex1-2F-lcwgs-2-1.1.fq.gz	/archive/carpenterlab/pire/pire_ostorhinchus_chrysopomus_lcwgs/2nd_sequencing_run/fq_raw/Och-ATum_021-Ex1-2F-lcwgs-2-1.2.fq.gz	data/symlinks/OchATum021_Ex1-2F-lcwgs-2_RG-OchATum021-E00526-585-HJLFCCCX2-L3-2F-B2_R1.fastq.gz	data/symlinks/OchATum021_Ex1-2F-lcwgs-2_RG-OchATum021-E00526-585-HJLFCCCX2-L3-2F-B2_R2.fastq.gz
OchATum022_Ex1-3F-lcwgs-2_RG-OchATum022-E00526-585-HJLFCCCX2-L3-3F-B2	OchATum022	Och-ATum_022	ATum	historical	Ex1-3F-lcwgs-2	RG-OchATum022-E00526-585-HJLFCCCX2-L3-3F-B2	2nd	Och-ATum_022-Ex1-3F-lcwgs-2-1	/archive/carpenterlab/pire/pire_ostorhinchus_chrysopomus_lcwgs/2nd_sequencing_run/fq_raw/Och-ATum_022-Ex1-3F-lcwgs-2-1.1.fq.gz	/archive/carpenterlab/pire/pire_ostorhinchus_chrysopomus_lcwgs/2nd_sequencing_run/fq_raw/Och-ATum_022-Ex1-3F-lcwgs-2-1.2.fq.gz	data/symlinks/OchATum022_Ex1-3F-lcwgs-2_RG-OchATum022-E00526-585-HJLFCCCX2-L3-3F-B2_R1.fastq.gz	data/symlinks/OchATum022_Ex1-3F-lcwgs-2_RG-OchATum022-E00526-585-HJLFCCCX2-L3-3F-B2_R2.fastq.gz
OchATum023_Ex1-4F-lcwgs-2_RG-OchATum023-E00526-585-HJLFCCCX2-L3-4F-B2	OchATum023	Och-ATum_023	ATum	historical	Ex1-4F-lcwgs-2	RG-OchATum023-E00526-585-HJLFCCCX2-L3-4F-B2	2nd	Och-ATum_023-Ex1-4F-lcwgs-2-1	/archive/carpenterlab/pire/pire_ostorhinchus_chrysopomus_lcwgs/2nd_sequencing_run/fq_raw/Och-ATum_023-Ex1-4F-lcwgs-2-1.1.fq.gz	/archive/carpenterlab/pire/pire_ostorhinchus_chrysopomus_lcwgs/2nd_sequencing_run/fq_raw/Och-ATum_023-Ex1-4F-lcwgs-2-1.2.fq.gz	data/symlinks/OchATum023_Ex1-4F-lcwgs-2_RG-OchATum023-E00526-585-HJLFCCCX2-L3-4F-B2_R1.fastq.gz	data/symlinks/OchATum023_Ex1-4F-lcwgs-2_RG-OchATum023-E00526-585-HJLFCCCX2-L3-4F-B2_R2.fastq.gz
OchATum024_Ex1-5F-lcwgs-2_RG-OchATum024-E00526-585-HJLFCCCX2-L3-5F-B2	OchATum024	Och-ATum_024	ATum	historical	Ex1-5F-lcwgs-2	RG-OchATum024-E00526-585-HJLFCCCX2-L3-5F-B2	2nd	Och-ATum_024-Ex1-5F-lcwgs-2-1	/archive/carpenterlab/pire/pire_ostorhinchus_chrysopomus_lcwgs/2nd_sequencing_run/fq_raw/Och-ATum_024-Ex1-5F-lcwgs-2-1.1.fq.gz	/archive/carpenterlab/pire/pire_ostorhinchus_chrysopomus_lcwgs/2nd_sequencing_run/fq_raw/Och-ATum_024-Ex1-5F-lcwgs-2-1.2.fq.gz	data/symlinks/OchATum024_Ex1-5F-lcwgs-2_RG-OchATum024-E00526-585-HJLFCCCX2-L3-5F-B2_R1.fastq.gz	data/symlinks/OchATum024_Ex1-5F-lcwgs-2_RG-OchATum024-E00526-585-HJLFCCCX2-L3-5F-B2_R2.fastq.gz
OchATum025_Ex1-6F-lcwgs-2_RG-OchATum025-E00526-585-HJLFCCCX2-L3-6F-B2	OchATum025	Och-ATum_025	ATum	historical	Ex1-6F-lcwgs-2	RG-OchATum025-E00526-585-HJLFCCCX2-L3-6F-B2	2nd	Och-ATum_025-Ex1-6F-lcwgs-2-1	/archive/carpenterlab/pire/pire_ostorhinchus_chrysopomus_lcwgs/2nd_sequencing_run/fq_raw/Och-ATum_025-Ex1-6F-lcwgs-2-1.1.fq.gz	/archive/carpenterlab/pire/pire_ostorhinchus_chrysopomus_lcwgs/2nd_sequencing_run/fq_raw/Och-ATum_025-Ex1-6F-lcwgs-2-1.2.fq.gz	data/symlinks/OchATum025_Ex1-6F-lcwgs-2_RG-OchATum025-E00526-585-HJLFCCCX2-L3-6F-B2_R1.fastq.gz	data/symlinks/OchATum025_Ex1-6F-lcwgs-2_RG-OchATum025-E00526-585-HJLFCCCX2-L3-6F-B2_R2.fastq.gz
OchATum026_Ex1-7F-lcwgs-2_RG-OchATum026-E00526-585-HJLFCCCX2-L3-7F-B2	OchATum026	Och-ATum_026	ATum	historical	Ex1-7F-lcwgs-2	RG-OchATum026-E00526-585-HJLFCCCX2-L3-7F-B2	2nd	Och-ATum_026-Ex1-7F-lcwgs-2-1	/archive/carpenterlab/pire/pire_ostorhinchus_chrysopomus_lcwgs/2nd_sequencing_run/fq_raw/Och-ATum_026-Ex1-7F-lcwgs-2-1.1.fq.gz	/archive/carpenterlab/pire/pire_ostorhinchus_chrysopomus_lcwgs/2nd_sequencing_run/fq_raw/Och-ATum_026-Ex1-7F-lcwgs-2-1.2.fq.gz	data/symlinks/OchATum026_Ex1-7F-lcwgs-2_RG-OchATum026-E00526-585-HJLFCCCX2-L3-7F-B2_R1.fastq.gz	data/symlinks/OchATum026_Ex1-7F-lcwgs-2_RG-OchATum026-E00526-585-HJLFCCCX2-L3-7F-B2_R2.fastq.gz
OchATum027_Ex1-8F-lcwgs-2_RG-OchATum027-E00526-585-HJLFCCCX2-L3-8F-B2	OchATum027	Och-ATum_027	ATum	historical	Ex1-8F-lcwgs-2	RG-OchATum027-E00526-585-HJLFCCCX2-L3-8F-B2	2nd	Och-ATum_027-Ex1-8F-lcwgs-2-1	/archive/carpenterlab/pire/pire_ostorhinchus_chrysopomus_lcwgs/2nd_sequencing_run/fq_raw/Och-ATum_027-Ex1-8F-lcwgs-2-1.1.fq.gz	/archive/carpenterlab/pire/pire_ostorhinchus_chrysopomus_lcwgs/2nd_sequencing_run/fq_raw/Och-ATum_027-Ex1-8F-lcwgs-2-1.2.fq.gz	data/symlinks/OchATum027_Ex1-8F-lcwgs-2_RG-OchATum027-E00526-585-HJLFCCCX2-L3-8F-B2_R1.fastq.gz	data/symlinks/OchATum027_Ex1-8F-lcwgs-2_RG-OchATum027-E00526-585-HJLFCCCX2-L3-8F-B2_R2.fastq.gz
OchATum028_Ex1-9F-lcwgs-2_RG-OchATum028-E00526-585-HJLFCCCX2-L3-9F-B2	OchATum028	Och-ATum_028	ATum	historical	Ex1-9F-lcwgs-2	RG-OchATum028-E00526-585-HJLFCCCX2-L3-9F-B2	2nd	Och-ATum_028-Ex1-9F-lcwgs-2-1	/archive/carpenterlab/pire/pire_ostorhinchus_chrysopomus_lcwgs/2nd_sequencing_run/fq_raw/Och-ATum_028-Ex1-9F-lcwgs-2-1.1.fq.gz	/archive/carpenterlab/pire/pire_ostorhinchus_chrysopomus_lcwgs/2nd_sequencing_run/fq_raw/Och-ATum_028-Ex1-9F-lcwgs-2-1.2.fq.gz	data/symlinks/OchATum028_Ex1-9F-lcwgs-2_RG-OchATum028-E00526-585-HJLFCCCX2-L3-9F-B2_R1.fastq.gz	data/symlinks/OchATum028_Ex1-9F-lcwgs-2_RG-OchATum028-E00526-585-HJLFCCCX2-L3-9F-B2_R2.fastq.gz
OchATum029_Ex1-10F-lcwgs-2_RG-OchATum029-E00526-585-HJLFCCCX2-L3-10F-B2	OchATum029	Och-ATum_029	ATum	historical	Ex1-10F-lcwgs-2	RG-OchATum029-E00526-585-HJLFCCCX2-L3-10F-B2	2nd	Och-ATum_029-Ex1-10F-lcwgs-2-1	/archive/carpenterlab/pire/pire_ostorhinchus_chrysopomus_lcwgs/2nd_sequencing_run/fq_raw/Och-ATum_029-Ex1-10F-lcwgs-2-1.1.fq.gz	/archive/carpenterlab/pire/pire_ostorhinchus_chrysopomus_lcwgs/2nd_sequencing_run/fq_raw/Och-ATum_029-Ex1-10F-lcwgs-2-1.2.fq.gz	data/symlinks/OchATum029_Ex1-10F-lcwgs-2_RG-OchATum029-E00526-585-HJLFCCCX2-L3-10F-B2_R1.fastq.gz	data/symlinks/OchATum029_Ex1-10F-lcwgs-2_RG-OchATum029-E00526-585-HJLFCCCX2-L3-10F-B2_R2.fastq.gz
OchATum030_Ex1-11F-lcwgs-2_RG-OchATum030-E00526-585-HJLFCCCX2-L3-11F-B2	OchATum030	Och-ATum_030	ATum	historical	Ex1-11F-lcwgs-2	RG-OchATum030-E00526-585-HJLFCCCX2-L3-11F-B2	2nd	Och-ATum_030-Ex1-11F-lcwgs-2-1	/archive/carpenterlab/pire/pire_ostorhinchus_chrysopomus_lcwgs/2nd_sequencing_run/fq_raw/Och-ATum_030-Ex1-11F-lcwgs-2-1.1.fq.gz	/archive/carpenterlab/pire/pire_ostorhinchus_chrysopomus_lcwgs/2nd_sequencing_run/fq_raw/Och-ATum_030-Ex1-11F-lcwgs-2-1.2.fq.gz	data/symlinks/OchATum030_Ex1-11F-lcwgs-2_RG-OchATum030-E00526-585-HJLFCCCX2-L3-11F-B2_R1.fastq.gz	data/symlinks/OchATum030_Ex1-11F-lcwgs-2_RG-OchATum030-E00526-585-HJLFCCCX2-L3-11F-B2_R2.fastq.gz
OchATum031_Ex1-12F-lcwgs-2_RG-OchATum031-E00526-585-HJLFCCCX2-L3-12F-B2	OchATum031	Och-ATum_031	ATum	historical	Ex1-12F-lcwgs-2	RG-OchATum031-E00526-585-HJLFCCCX2-L3-12F-B2	2nd	Och-ATum_031-Ex1-12F-lcwgs-2-1	/archive/carpenterlab/pire/pire_ostorhinchus_chrysopomus_lcwgs/2nd_sequencing_run/fq_raw/Och-ATum_031-Ex1-12F-lcwgs-2-1.1.fq.gz	/archive/carpenterlab/pire/pire_ostorhinchus_chrysopomus_lcwgs/2nd_sequencing_run/fq_raw/Och-ATum_031-Ex1-12F-lcwgs-2-1.2.fq.gz	data/symlinks/OchATum031_Ex1-12F-lcwgs-2_RG-OchATum031-E00526-585-HJLFCCCX2-L3-12F-B2_R1.fastq.gz	data/symlinks/OchATum031_Ex1-12F-lcwgs-2_RG-OchATum031-E00526-585-HJLFCCCX2-L3-12F-B2_R2.fastq.gz
OchATum032_Ex1-1G-lcwgs-2_RG-OchATum032-E00526-585-HJLFCCCX2-L3-1G-B2	OchATum032	Och-ATum_032	ATum	historical	Ex1-1G-lcwgs-2	RG-OchATum032-E00526-585-HJLFCCCX2-L3-1G-B2	2nd	Och-ATum_032-Ex1-1G-lcwgs-2-1	/archive/carpenterlab/pire/pire_ostorhinchus_chrysopomus_lcwgs/2nd_sequencing_run/fq_raw/Och-ATum_032-Ex1-1G-lcwgs-2-1.1.fq.gz	/archive/carpenterlab/pire/pire_ostorhinchus_chrysopomus_lcwgs/2nd_sequencing_run/fq_raw/Och-ATum_032-Ex1-1G-lcwgs-2-1.2.fq.gz	data/symlinks/OchATum032_Ex1-1G-lcwgs-2_RG-OchATum032-E00526-585-HJLFCCCX2-L3-1G-B2_R1.fastq.gz	data/symlinks/OchATum032_Ex1-1G-lcwgs-2_RG-OchATum032-E00526-585-HJLFCCCX2-L3-1G-B2_R2.fastq.gz
OchATum033_Ex1-12D-lcwgs-1_RG-OchATum033-E00526-585-HJLFCCCX2-L3-12D-B1	OchATum033	Och-ATum_033	ATum	historical	Ex1-12D-lcwgs-1	RG-OchATum033-E00526-585-HJLFCCCX2-L3-12D-B1	2nd	Och-ATum_033-Ex1-12D-lcwgs-1-1	/archive/carpenterlab/pire/pire_ostorhinchus_chrysopomus_lcwgs/2nd_sequencing_run/fq_raw/Och-ATum_033-Ex1-12D-lcwgs-1-1.1.fq.gz	/archive/carpenterlab/pire/pire_ostorhinchus_chrysopomus_lcwgs/2nd_sequencing_run/fq_raw/Och-ATum_033-Ex1-12D-lcwgs-1-1.2.fq.gz	data/symlinks/OchATum033_Ex1-12D-lcwgs-1_RG-OchATum033-E00526-585-HJLFCCCX2-L3-12D-B1_R1.fastq.gz	data/symlinks/OchATum033_Ex1-12D-lcwgs-1_RG-OchATum033-E00526-585-HJLFCCCX2-L3-12D-B1_R2.fastq.gz
OchATum033_Ex1-2G-lcwgs-2_RG-OchATum033-E00526-585-HJLFCCCX2-L3-2G-B2	OchATum033	Och-ATum_033	ATum	historical	Ex1-2G-lcwgs-2	RG-OchATum033-E00526-585-HJLFCCCX2-L3-2G-B2	2nd	Och-ATum_033-Ex1-2G-lcwgs-2-1	/archive/carpenterlab/pire/pire_ostorhinchus_chrysopomus_lcwgs/2nd_sequencing_run/fq_raw/Och-ATum_033-Ex1-2G-lcwgs-2-1.1.fq.gz	/archive/carpenterlab/pire/pire_ostorhinchus_chrysopomus_lcwgs/2nd_sequencing_run/fq_raw/Och-ATum_033-Ex1-2G-lcwgs-2-1.2.fq.gz	data/symlinks/OchATum033_Ex1-2G-lcwgs-2_RG-OchATum033-E00526-585-HJLFCCCX2-L3-2G-B2_R1.fastq.gz	data/symlinks/OchATum033_Ex1-2G-lcwgs-2_RG-OchATum033-E00526-585-HJLFCCCX2-L3-2G-B2_R2.fastq.gz
OchATum034_Ex1-3G-lcwgs-2_RG-OchATum034-E00526-585-HJLFCCCX2-L3-3G-B2	OchATum034	Och-ATum_034	ATum	historical	Ex1-3G-lcwgs-2	RG-OchATum034-E00526-585-HJLFCCCX2-L3-3G-B2	2nd	Och-ATum_034-Ex1-3G-lcwgs-2-1	/archive/carpenterlab/pire/pire_ostorhinchus_chrysopomus_lcwgs/2nd_sequencing_run/fq_raw/Och-ATum_034-Ex1-3G-lcwgs-2-1.1.fq.gz	/archive/carpenterlab/pire/pire_ostorhinchus_chrysopomus_lcwgs/2nd_sequencing_run/fq_raw/Och-ATum_034-Ex1-3G-lcwgs-2-1.2.fq.gz	data/symlinks/OchATum034_Ex1-3G-lcwgs-2_RG-OchATum034-E00526-585-HJLFCCCX2-L3-3G-B2_R1.fastq.gz	data/symlinks/OchATum034_Ex1-3G-lcwgs-2_RG-OchATum034-E00526-585-HJLFCCCX2-L3-3G-B2_R2.fastq.gz
OchATum035_Ex1-4G-lcwgs-2_RG-OchATum035-E00526-585-HJLFCCCX2-L3-4G-B2	OchATum035	Och-ATum_035	ATum	historical	Ex1-4G-lcwgs-2	RG-OchATum035-E00526-585-HJLFCCCX2-L3-4G-B2	2nd	Och-ATum_035-Ex1-4G-lcwgs-2-1	/archive/carpenterlab/pire/pire_ostorhinchus_chrysopomus_lcwgs/2nd_sequencing_run/fq_raw/Och-ATum_035-Ex1-4G-lcwgs-2-1.1.fq.gz	/archive/carpenterlab/pire/pire_ostorhinchus_chrysopomus_lcwgs/2nd_sequencing_run/fq_raw/Och-ATum_035-Ex1-4G-lcwgs-2-1.2.fq.gz	data/symlinks/OchATum035_Ex1-4G-lcwgs-2_RG-OchATum035-E00526-585-HJLFCCCX2-L3-4G-B2_R1.fastq.gz	data/symlinks/OchATum035_Ex1-4G-lcwgs-2_RG-OchATum035-E00526-585-HJLFCCCX2-L3-4G-B2_R2.fastq.gz
OchATum036_Ex1-5G-lcwgs-2_RG-OchATum036-E00526-585-HJLFCCCX2-L3-5G-B2	OchATum036	Och-ATum_036	ATum	historical	Ex1-5G-lcwgs-2	RG-OchATum036-E00526-585-HJLFCCCX2-L3-5G-B2	2nd	Och-ATum_036-Ex1-5G-lcwgs-2-1	/archive/carpenterlab/pire/pire_ostorhinchus_chrysopomus_lcwgs/2nd_sequencing_run/fq_raw/Och-ATum_036-Ex1-5G-lcwgs-2-1.1.fq.gz	/archive/carpenterlab/pire/pire_ostorhinchus_chrysopomus_lcwgs/2nd_sequencing_run/fq_raw/Och-ATum_036-Ex1-5G-lcwgs-2-1.2.fq.gz	data/symlinks/OchATum036_Ex1-5G-lcwgs-2_RG-OchATum036-E00526-585-HJLFCCCX2-L3-5G-B2_R1.fastq.gz	data/symlinks/OchATum036_Ex1-5G-lcwgs-2_RG-OchATum036-E00526-585-HJLFCCCX2-L3-5G-B2_R2.fastq.gz
OchCCat001_Ex1-1A-lcwgs-1_RG-OchCCat001-E00526-585-HJLFCCCX2-L3-1A-B1	OchCCat001	Och-CCat_001	CCat	modern	Ex1-1A-lcwgs-1	RG-OchCCat001-E00526-585-HJLFCCCX2-L3-1A-B1	2nd	Och-CCat_001-Ex1-1A-lcwgs-1-1	/archive/carpenterlab/pire/pire_ostorhinchus_chrysopomus_lcwgs/2nd_sequencing_run/fq_raw/Och-CCat_001-Ex1-1A-lcwgs-1-1.1.fq.gz	/archive/carpenterlab/pire/pire_ostorhinchus_chrysopomus_lcwgs/2nd_sequencing_run/fq_raw/Och-CCat_001-Ex1-1A-lcwgs-1-1.2.fq.gz	data/symlinks/OchCCat001_Ex1-1A-lcwgs-1_RG-OchCCat001-E00526-585-HJLFCCCX2-L3-1A-B1_R1.fastq.gz	data/symlinks/OchCCat001_Ex1-1A-lcwgs-1_RG-OchCCat001-E00526-585-HJLFCCCX2-L3-1A-B1_R2.fastq.gz
OchCCat002_Ex1-1B-lcwgs-1_RG-OchCCat002-E00526-585-HJLFCCCX2-L3-1B-B1	OchCCat002	Och-CCat_002	CCat	modern	Ex1-1B-lcwgs-1	RG-OchCCat002-E00526-585-HJLFCCCX2-L3-1B-B1	2nd	Och-CCat_002-Ex1-1B-lcwgs-1-1	/archive/carpenterlab/pire/pire_ostorhinchus_chrysopomus_lcwgs/2nd_sequencing_run/fq_raw/Och-CCat_002-Ex1-1B-lcwgs-1-1.1.fq.gz	/archive/carpenterlab/pire/pire_ostorhinchus_chrysopomus_lcwgs/2nd_sequencing_run/fq_raw/Och-CCat_002-Ex1-1B-lcwgs-1-1.2.fq.gz	data/symlinks/OchCCat002_Ex1-1B-lcwgs-1_RG-OchCCat002-E00526-585-HJLFCCCX2-L3-1B-B1_R1.fastq.gz	data/symlinks/OchCCat002_Ex1-1B-lcwgs-1_RG-OchCCat002-E00526-585-HJLFCCCX2-L3-1B-B1_R2.fastq.gz
OchCCat003_Ex1-1C-lcwgs-1_RG-OchCCat003-E00526-585-HJLFCCCX2-L3-1C-B1	OchCCat003	Och-CCat_003	CCat	modern	Ex1-1C-lcwgs-1	RG-OchCCat003-E00526-585-HJLFCCCX2-L3-1C-B1	2nd	Och-CCat_003-Ex1-1C-lcwgs-1-1	/archive/carpenterlab/pire/pire_ostorhinchus_chrysopomus_lcwgs/2nd_sequencing_run/fq_raw/Och-CCat_003-Ex1-1C-lcwgs-1-1.1.fq.gz	/archive/carpenterlab/pire/pire_ostorhinchus_chrysopomus_lcwgs/2nd_sequencing_run/fq_raw/Och-CCat_003-Ex1-1C-lcwgs-1-1.2.fq.gz	data/symlinks/OchCCat003_Ex1-1C-lcwgs-1_RG-OchCCat003-E00526-585-HJLFCCCX2-L3-1C-B1_R1.fastq.gz	data/symlinks/OchCCat003_Ex1-1C-lcwgs-1_RG-OchCCat003-E00526-585-HJLFCCCX2-L3-1C-B1_R2.fastq.gz
OchCCat004_Ex1-1D-lcwgs-1_RG-OchCCat004-E00526-585-HJLFCCCX2-L3-1D-B1	OchCCat004	Och-CCat_004	CCat	modern	Ex1-1D-lcwgs-1	RG-OchCCat004-E00526-585-HJLFCCCX2-L3-1D-B1	2nd	Och-CCat_004-Ex1-1D-lcwgs-1-1	/archive/carpenterlab/pire/pire_ostorhinchus_chrysopomus_lcwgs/2nd_sequencing_run/fq_raw/Och-CCat_004-Ex1-1D-lcwgs-1-1.1.fq.gz	/archive/carpenterlab/pire/pire_ostorhinchus_chrysopomus_lcwgs/2nd_sequencing_run/fq_raw/Och-CCat_004-Ex1-1D-lcwgs-1-1.2.fq.gz	data/symlinks/OchCCat004_Ex1-1D-lcwgs-1_RG-OchCCat004-E00526-585-HJLFCCCX2-L3-1D-B1_R1.fastq.gz	data/symlinks/OchCCat004_Ex1-1D-lcwgs-1_RG-OchCCat004-E00526-585-HJLFCCCX2-L3-1D-B1_R2.fastq.gz
OchCCat005_Ex1-1E-lcwgs-1_RG-OchCCat005-E00526-585-HJLFCCCX2-L3-1E-B1	OchCCat005	Och-CCat_005	CCat	modern	Ex1-1E-lcwgs-1	RG-OchCCat005-E00526-585-HJLFCCCX2-L3-1E-B1	2nd	Och-CCat_005-Ex1-1E-lcwgs-1-1	/archive/carpenterlab/pire/pire_ostorhinchus_chrysopomus_lcwgs/2nd_sequencing_run/fq_raw/Och-CCat_005-Ex1-1E-lcwgs-1-1.1.fq.gz	/archive/carpenterlab/pire/pire_ostorhinchus_chrysopomus_lcwgs/2nd_sequencing_run/fq_raw/Och-CCat_005-Ex1-1E-lcwgs-1-1.2.fq.gz	data/symlinks/OchCCat005_Ex1-1E-lcwgs-1_RG-OchCCat005-E00526-585-HJLFCCCX2-L3-1E-B1_R1.fastq.gz	data/symlinks/OchCCat005_Ex1-1E-lcwgs-1_RG-OchCCat005-E00526-585-HJLFCCCX2-L3-1E-B1_R2.fastq.gz
OchCCat006_Ex1-1F-lcwgs-1_RG-OchCCat006-E00526-585-HJLFCCCX2-L3-1F-B1	OchCCat006	Och-CCat_006	CCat	modern	Ex1-1F-lcwgs-1	RG-OchCCat006-E00526-585-HJLFCCCX2-L3-1F-B1	2nd	Och-CCat_006-Ex1-1F-lcwgs-1-1	/archive/carpenterlab/pire/pire_ostorhinchus_chrysopomus_lcwgs/2nd_sequencing_run/fq_raw/Och-CCat_006-Ex1-1F-lcwgs-1-1.1.fq.gz	/archive/carpenterlab/pire/pire_ostorhinchus_chrysopomus_lcwgs/2nd_sequencing_run/fq_raw/Och-CCat_006-Ex1-1F-lcwgs-1-1.2.fq.gz	data/symlinks/OchCCat006_Ex1-1F-lcwgs-1_RG-OchCCat006-E00526-585-HJLFCCCX2-L3-1F-B1_R1.fastq.gz	data/symlinks/OchCCat006_Ex1-1F-lcwgs-1_RG-OchCCat006-E00526-585-HJLFCCCX2-L3-1F-B1_R2.fastq.gz
OchCCat007_Ex1-1G-lcwgs-1_RG-OchCCat007-E00526-585-HJLFCCCX2-L3-1G-B1	OchCCat007	Och-CCat_007	CCat	modern	Ex1-1G-lcwgs-1	RG-OchCCat007-E00526-585-HJLFCCCX2-L3-1G-B1	2nd	Och-CCat_007-Ex1-1G-lcwgs-1-1	/archive/carpenterlab/pire/pire_ostorhinchus_chrysopomus_lcwgs/2nd_sequencing_run/fq_raw/Och-CCat_007-Ex1-1G-lcwgs-1-1.1.fq.gz	/archive/carpenterlab/pire/pire_ostorhinchus_chrysopomus_lcwgs/2nd_sequencing_run/fq_raw/Och-CCat_007-Ex1-1G-lcwgs-1-1.2.fq.gz	data/symlinks/OchCCat007_Ex1-1G-lcwgs-1_RG-OchCCat007-E00526-585-HJLFCCCX2-L3-1G-B1_R1.fastq.gz	data/symlinks/OchCCat007_Ex1-1G-lcwgs-1_RG-OchCCat007-E00526-585-HJLFCCCX2-L3-1G-B1_R2.fastq.gz
OchCCat008_Ex1-1H-lcwgs-1_RG-OchCCat008-E00526-585-HJLFCCCX2-L3-1H-B1	OchCCat008	Och-CCat_008	CCat	modern	Ex1-1H-lcwgs-1	RG-OchCCat008-E00526-585-HJLFCCCX2-L3-1H-B1	2nd	Och-CCat_008-Ex1-1H-lcwgs-1-1	/archive/carpenterlab/pire/pire_ostorhinchus_chrysopomus_lcwgs/2nd_sequencing_run/fq_raw/Och-CCat_008-Ex1-1H-lcwgs-1-1.1.fq.gz	/archive/carpenterlab/pire/pire_ostorhinchus_chrysopomus_lcwgs/2nd_sequencing_run/fq_raw/Och-CCat_008-Ex1-1H-lcwgs-1-1.2.fq.gz	data/symlinks/OchCCat008_Ex1-1H-lcwgs-1_RG-OchCCat008-E00526-585-HJLFCCCX2-L3-1H-B1_R1.fastq.gz	data/symlinks/OchCCat008_Ex1-1H-lcwgs-1_RG-OchCCat008-E00526-585-HJLFCCCX2-L3-1H-B1_R2.fastq.gz
OchCCat009_Ex1-2A-lcwgs-1_RG-OchCCat009-E00526-585-HJLFCCCX2-L3-2A-B1	OchCCat009	Och-CCat_009	CCat	modern	Ex1-2A-lcwgs-1	RG-OchCCat009-E00526-585-HJLFCCCX2-L3-2A-B1	2nd	Och-CCat_009-Ex1-2A-lcwgs-1-1	/archive/carpenterlab/pire/pire_ostorhinchus_chrysopomus_lcwgs/2nd_sequencing_run/fq_raw/Och-CCat_009-Ex1-2A-lcwgs-1-1.1.fq.gz	/archive/carpenterlab/pire/pire_ostorhinchus_chrysopomus_lcwgs/2nd_sequencing_run/fq_raw/Och-CCat_009-Ex1-2A-lcwgs-1-1.2.fq.gz	data/symlinks/OchCCat009_Ex1-2A-lcwgs-1_RG-OchCCat009-E00526-585-HJLFCCCX2-L3-2A-B1_R1.fastq.gz	data/symlinks/OchCCat009_Ex1-2A-lcwgs-1_RG-OchCCat009-E00526-585-HJLFCCCX2-L3-2A-B1_R2.fastq.gz
OchCCat010_Ex1-2B-lcwgs-1_RG-OchCCat010-E00526-585-HJLFCCCX2-L3-2B-B1	OchCCat010	Och-CCat_010	CCat	modern	Ex1-2B-lcwgs-1	RG-OchCCat010-E00526-585-HJLFCCCX2-L3-2B-B1	2nd	Och-CCat_010-Ex1-2B-lcwgs-1-1	/archive/carpenterlab/pire/pire_ostorhinchus_chrysopomus_lcwgs/2nd_sequencing_run/fq_raw/Och-CCat_010-Ex1-2B-lcwgs-1-1.1.fq.gz	/archive/carpenterlab/pire/pire_ostorhinchus_chrysopomus_lcwgs/2nd_sequencing_run/fq_raw/Och-CCat_010-Ex1-2B-lcwgs-1-1.2.fq.gz	data/symlinks/OchCCat010_Ex1-2B-lcwgs-1_RG-OchCCat010-E00526-585-HJLFCCCX2-L3-2B-B1_R1.fastq.gz	data/symlinks/OchCCat010_Ex1-2B-lcwgs-1_RG-OchCCat010-E00526-585-HJLFCCCX2-L3-2B-B1_R2.fastq.gz
OchCCat011_Ex1-2C-lcwgs-1_RG-OchCCat011-E00526-585-HJLFCCCX2-L3-2C-B1	OchCCat011	Och-CCat_011	CCat	modern	Ex1-2C-lcwgs-1	RG-OchCCat011-E00526-585-HJLFCCCX2-L3-2C-B1	2nd	Och-CCat_011-Ex1-2C-lcwgs-1-1	/archive/carpenterlab/pire/pire_ostorhinchus_chrysopomus_lcwgs/2nd_sequencing_run/fq_raw/Och-CCat_011-Ex1-2C-lcwgs-1-1.1.fq.gz	/archive/carpenterlab/pire/pire_ostorhinchus_chrysopomus_lcwgs/2nd_sequencing_run/fq_raw/Och-CCat_011-Ex1-2C-lcwgs-1-1.2.fq.gz	data/symlinks/OchCCat011_Ex1-2C-lcwgs-1_RG-OchCCat011-E00526-585-HJLFCCCX2-L3-2C-B1_R1.fastq.gz	data/symlinks/OchCCat011_Ex1-2C-lcwgs-1_RG-OchCCat011-E00526-585-HJLFCCCX2-L3-2C-B1_R2.fastq.gz
OchCCat012_Ex1-2D-lcwgs-1_RG-OchCCat012-E00526-585-HJLFCCCX2-L3-2D-B1	OchCCat012	Och-CCat_012	CCat	modern	Ex1-2D-lcwgs-1	RG-OchCCat012-E00526-585-HJLFCCCX2-L3-2D-B1	2nd	Och-CCat_012-Ex1-2D-lcwgs-1-1	/archive/carpenterlab/pire/pire_ostorhinchus_chrysopomus_lcwgs/2nd_sequencing_run/fq_raw/Och-CCat_012-Ex1-2D-lcwgs-1-1.1.fq.gz	/archive/carpenterlab/pire/pire_ostorhinchus_chrysopomus_lcwgs/2nd_sequencing_run/fq_raw/Och-CCat_012-Ex1-2D-lcwgs-1-1.2.fq.gz	data/symlinks/OchCCat012_Ex1-2D-lcwgs-1_RG-OchCCat012-E00526-585-HJLFCCCX2-L3-2D-B1_R1.fastq.gz	data/symlinks/OchCCat012_Ex1-2D-lcwgs-1_RG-OchCCat012-E00526-585-HJLFCCCX2-L3-2D-B1_R2.fastq.gz
OchCCat013_Ex1-2E-lcwgs-1_RG-OchCCat013-E00526-585-HJLFCCCX2-L3-2E-B1	OchCCat013	Och-CCat_013	CCat	modern	Ex1-2E-lcwgs-1	RG-OchCCat013-E00526-585-HJLFCCCX2-L3-2E-B1	2nd	Och-CCat_013-Ex1-2E-lcwgs-1-1	/archive/carpenterlab/pire/pire_ostorhinchus_chrysopomus_lcwgs/2nd_sequencing_run/fq_raw/Och-CCat_013-Ex1-2E-lcwgs-1-1.1.fq.gz	/archive/carpenterlab/pire/pire_ostorhinchus_chrysopomus_lcwgs/2nd_sequencing_run/fq_raw/Och-CCat_013-Ex1-2E-lcwgs-1-1.2.fq.gz	data/symlinks/OchCCat013_Ex1-2E-lcwgs-1_RG-OchCCat013-E00526-585-HJLFCCCX2-L3-2E-B1_R1.fastq.gz	data/symlinks/OchCCat013_Ex1-2E-lcwgs-1_RG-OchCCat013-E00526-585-HJLFCCCX2-L3-2E-B1_R2.fastq.gz
OchCCat014_Ex1-2F-lcwgs-1_RG-OchCCat014-E00526-585-HJLFCCCX2-L3-2F-B1	OchCCat014	Och-CCat_014	CCat	modern	Ex1-2F-lcwgs-1	RG-OchCCat014-E00526-585-HJLFCCCX2-L3-2F-B1	2nd	Och-CCat_014-Ex1-2F-lcwgs-1-1	/archive/carpenterlab/pire/pire_ostorhinchus_chrysopomus_lcwgs/2nd_sequencing_run/fq_raw/Och-CCat_014-Ex1-2F-lcwgs-1-1.1.fq.gz	/archive/carpenterlab/pire/pire_ostorhinchus_chrysopomus_lcwgs/2nd_sequencing_run/fq_raw/Och-CCat_014-Ex1-2F-lcwgs-1-1.2.fq.gz	data/symlinks/OchCCat014_Ex1-2F-lcwgs-1_RG-OchCCat014-E00526-585-HJLFCCCX2-L3-2F-B1_R1.fastq.gz	data/symlinks/OchCCat014_Ex1-2F-lcwgs-1_RG-OchCCat014-E00526-585-HJLFCCCX2-L3-2F-B1_R2.fastq.gz
OchCCat015_Ex1-2G-lcwgs-1_RG-OchCCat015-E00526-585-HJLFCCCX2-L3-2G-B1	OchCCat015	Och-CCat_015	CCat	modern	Ex1-2G-lcwgs-1	RG-OchCCat015-E00526-585-HJLFCCCX2-L3-2G-B1	2nd	Och-CCat_015-Ex1-2G-lcwgs-1-1	/archive/carpenterlab/pire/pire_ostorhinchus_chrysopomus_lcwgs/2nd_sequencing_run/fq_raw/Och-CCat_015-Ex1-2G-lcwgs-1-1.1.fq.gz	/archive/carpenterlab/pire/pire_ostorhinchus_chrysopomus_lcwgs/2nd_sequencing_run/fq_raw/Och-CCat_015-Ex1-2G-lcwgs-1-1.2.fq.gz	data/symlinks/OchCCat015_Ex1-2G-lcwgs-1_RG-OchCCat015-E00526-585-HJLFCCCX2-L3-2G-B1_R1.fastq.gz	data/symlinks/OchCCat015_Ex1-2G-lcwgs-1_RG-OchCCat015-E00526-585-HJLFCCCX2-L3-2G-B1_R2.fastq.gz
OchCCat016_Ex1-2H-lcwgs-1_RG-OchCCat016-E00526-585-HJLFCCCX2-L3-2H-B1	OchCCat016	Och-CCat_016	CCat	modern	Ex1-2H-lcwgs-1	RG-OchCCat016-E00526-585-HJLFCCCX2-L3-2H-B1	2nd	Och-CCat_016-Ex1-2H-lcwgs-1-1	/archive/carpenterlab/pire/pire_ostorhinchus_chrysopomus_lcwgs/2nd_sequencing_run/fq_raw/Och-CCat_016-Ex1-2H-lcwgs-1-1.1.fq.gz	/archive/carpenterlab/pire/pire_ostorhinchus_chrysopomus_lcwgs/2nd_sequencing_run/fq_raw/Och-CCat_016-Ex1-2H-lcwgs-1-1.2.fq.gz	data/symlinks/OchCCat016_Ex1-2H-lcwgs-1_RG-OchCCat016-E00526-585-HJLFCCCX2-L3-2H-B1_R1.fastq.gz	data/symlinks/OchCCat016_Ex1-2H-lcwgs-1_RG-OchCCat016-E00526-585-HJLFCCCX2-L3-2H-B1_R2.fastq.gz
OchCCat017_Ex1-3A-lcwgs-1_RG-OchCCat017-E00526-585-HJLFCCCX2-L3-3A-B1	OchCCat017	Och-CCat_017	CCat	modern	Ex1-3A-lcwgs-1	RG-OchCCat017-E00526-585-HJLFCCCX2-L3-3A-B1	2nd	Och-CCat_017-Ex1-3A-lcwgs-1-1	/archive/carpenterlab/pire/pire_ostorhinchus_chrysopomus_lcwgs/2nd_sequencing_run/fq_raw/Och-CCat_017-Ex1-3A-lcwgs-1-1.1.fq.gz	/archive/carpenterlab/pire/pire_ostorhinchus_chrysopomus_lcwgs/2nd_sequencing_run/fq_raw/Och-CCat_017-Ex1-3A-lcwgs-1-1.2.fq.gz	data/symlinks/OchCCat017_Ex1-3A-lcwgs-1_RG-OchCCat017-E00526-585-HJLFCCCX2-L3-3A-B1_R1.fastq.gz	data/symlinks/OchCCat017_Ex1-3A-lcwgs-1_RG-OchCCat017-E00526-585-HJLFCCCX2-L3-3A-B1_R2.fastq.gz
OchCCat018_Ex1-3B-lcwgs-1_RG-OchCCat018-E00526-585-HJLFCCCX2-L3-3B-B1	OchCCat018	Och-CCat_018	CCat	modern	Ex1-3B-lcwgs-1	RG-OchCCat018-E00526-585-HJLFCCCX2-L3-3B-B1	2nd	Och-CCat_018-Ex1-3B-lcwgs-1-1	/archive/carpenterlab/pire/pire_ostorhinchus_chrysopomus_lcwgs/2nd_sequencing_run/fq_raw/Och-CCat_018-Ex1-3B-lcwgs-1-1.1.fq.gz	/archive/carpenterlab/pire/pire_ostorhinchus_chrysopomus_lcwgs/2nd_sequencing_run/fq_raw/Och-CCat_018-Ex1-3B-lcwgs-1-1.2.fq.gz	data/symlinks/OchCCat018_Ex1-3B-lcwgs-1_RG-OchCCat018-E00526-585-HJLFCCCX2-L3-3B-B1_R1.fastq.gz	data/symlinks/OchCCat018_Ex1-3B-lcwgs-1_RG-OchCCat018-E00526-585-HJLFCCCX2-L3-3B-B1_R2.fastq.gz
OchCCat019_Ex1-3C-lcwgs-1_RG-OchCCat019-E00526-585-HJLFCCCX2-L3-3C-B1	OchCCat019	Och-CCat_019	CCat	modern	Ex1-3C-lcwgs-1	RG-OchCCat019-E00526-585-HJLFCCCX2-L3-3C-B1	2nd	Och-CCat_019-Ex1-3C-lcwgs-1-1	/archive/carpenterlab/pire/pire_ostorhinchus_chrysopomus_lcwgs/2nd_sequencing_run/fq_raw/Och-CCat_019-Ex1-3C-lcwgs-1-1.1.fq.gz	/archive/carpenterlab/pire/pire_ostorhinchus_chrysopomus_lcwgs/2nd_sequencing_run/fq_raw/Och-CCat_019-Ex1-3C-lcwgs-1-1.2.fq.gz	data/symlinks/OchCCat019_Ex1-3C-lcwgs-1_RG-OchCCat019-E00526-585-HJLFCCCX2-L3-3C-B1_R1.fastq.gz	data/symlinks/OchCCat019_Ex1-3C-lcwgs-1_RG-OchCCat019-E00526-585-HJLFCCCX2-L3-3C-B1_R2.fastq.gz
OchCCat020_Ex1-3D-lcwgs-1_RG-OchCCat020-E00526-585-HJLFCCCX2-L3-3D-B1	OchCCat020	Och-CCat_020	CCat	modern	Ex1-3D-lcwgs-1	RG-OchCCat020-E00526-585-HJLFCCCX2-L3-3D-B1	2nd	Och-CCat_020-Ex1-3D-lcwgs-1-1	/archive/carpenterlab/pire/pire_ostorhinchus_chrysopomus_lcwgs/2nd_sequencing_run/fq_raw/Och-CCat_020-Ex1-3D-lcwgs-1-1.1.fq.gz	/archive/carpenterlab/pire/pire_ostorhinchus_chrysopomus_lcwgs/2nd_sequencing_run/fq_raw/Och-CCat_020-Ex1-3D-lcwgs-1-1.2.fq.gz	data/symlinks/OchCCat020_Ex1-3D-lcwgs-1_RG-OchCCat020-E00526-585-HJLFCCCX2-L3-3D-B1_R1.fastq.gz	data/symlinks/OchCCat020_Ex1-3D-lcwgs-1_RG-OchCCat020-E00526-585-HJLFCCCX2-L3-3D-B1_R2.fastq.gz
OchCCat021_Ex1-3E-lcwgs-1_RG-OchCCat021-E00526-585-HJLFCCCX2-L3-3E-B1	OchCCat021	Och-CCat_021	CCat	modern	Ex1-3E-lcwgs-1	RG-OchCCat021-E00526-585-HJLFCCCX2-L3-3E-B1	2nd	Och-CCat_021-Ex1-3E-lcwgs-1-1	/archive/carpenterlab/pire/pire_ostorhinchus_chrysopomus_lcwgs/2nd_sequencing_run/fq_raw/Och-CCat_021-Ex1-3E-lcwgs-1-1.1.fq.gz	/archive/carpenterlab/pire/pire_ostorhinchus_chrysopomus_lcwgs/2nd_sequencing_run/fq_raw/Och-CCat_021-Ex1-3E-lcwgs-1-1.2.fq.gz	data/symlinks/OchCCat021_Ex1-3E-lcwgs-1_RG-OchCCat021-E00526-585-HJLFCCCX2-L3-3E-B1_R1.fastq.gz	data/symlinks/OchCCat021_Ex1-3E-lcwgs-1_RG-OchCCat021-E00526-585-HJLFCCCX2-L3-3E-B1_R2.fastq.gz
OchCCat022_Ex1-3F-lcwgs-1_RG-OchCCat022-E00526-585-HJLFCCCX2-L3-3F-B1	OchCCat022	Och-CCat_022	CCat	modern	Ex1-3F-lcwgs-1	RG-OchCCat022-E00526-585-HJLFCCCX2-L3-3F-B1	2nd	Och-CCat_022-Ex1-3F-lcwgs-1-1	/archive/carpenterlab/pire/pire_ostorhinchus_chrysopomus_lcwgs/2nd_sequencing_run/fq_raw/Och-CCat_022-Ex1-3F-lcwgs-1-1.1.fq.gz	/archive/carpenterlab/pire/pire_ostorhinchus_chrysopomus_lcwgs/2nd_sequencing_run/fq_raw/Och-CCat_022-Ex1-3F-lcwgs-1-1.2.fq.gz	data/symlinks/OchCCat022_Ex1-3F-lcwgs-1_RG-OchCCat022-E00526-585-HJLFCCCX2-L3-3F-B1_R1.fastq.gz	data/symlinks/OchCCat022_Ex1-3F-lcwgs-1_RG-OchCCat022-E00526-585-HJLFCCCX2-L3-3F-B1_R2.fastq.gz
OchCCat023_Ex1-4E-lcwgs-1_RG-OchCCat023-E00526-585-HJLFCCCX2-L3-4E-B1	OchCCat023	Och-CCat_023	CCat	modern	Ex1-4E-lcwgs-1	RG-OchCCat023-E00526-585-HJLFCCCX2-L3-4E-B1	2nd	Och-CCat_023-Ex1-4E-lcwgs-1-1	/archive/carpenterlab/pire/pire_ostorhinchus_chrysopomus_lcwgs/2nd_sequencing_run/fq_raw/Och-CCat_023-Ex1-4E-lcwgs-1-1.1.fq.gz	/archive/carpenterlab/pire/pire_ostorhinchus_chrysopomus_lcwgs/2nd_sequencing_run/fq_raw/Och-CCat_023-Ex1-4E-lcwgs-1-1.2.fq.gz	data/symlinks/OchCCat023_Ex1-4E-lcwgs-1_RG-OchCCat023-E00526-585-HJLFCCCX2-L3-4E-B1_R1.fastq.gz	data/symlinks/OchCCat023_Ex1-4E-lcwgs-1_RG-OchCCat023-E00526-585-HJLFCCCX2-L3-4E-B1_R2.fastq.gz
OchCCat024_Ex1-5G-lcwgs-1_RG-OchCCat024-E00526-585-HJLFCCCX2-L3-5G-B1	OchCCat024	Och-CCat_024	CCat	modern	Ex1-5G-lcwgs-1	RG-OchCCat024-E00526-585-HJLFCCCX2-L3-5G-B1	2nd	Och-CCat_024-Ex1-5G-lcwgs-1-1	/archive/carpenterlab/pire/pire_ostorhinchus_chrysopomus_lcwgs/2nd_sequencing_run/fq_raw/Och-CCat_024-Ex1-5G-lcwgs-1-1.1.fq.gz	/archive/carpenterlab/pire/pire_ostorhinchus_chrysopomus_lcwgs/2nd_sequencing_run/fq_raw/Och-CCat_024-Ex1-5G-lcwgs-1-1.2.fq.gz	data/symlinks/OchCCat024_Ex1-5G-lcwgs-1_RG-OchCCat024-E00526-585-HJLFCCCX2-L3-5G-B1_R1.fastq.gz	data/symlinks/OchCCat024_Ex1-5G-lcwgs-1_RG-OchCCat024-E00526-585-HJLFCCCX2-L3-5G-B1_R2.fastq.gz
OchCCat025_Ex1-4A-lcwgs-1_RG-OchCCat025-E00526-585-HJLFCCCX2-L3-4A-B1	OchCCat025	Och-CCat_025	CCat	modern	Ex1-4A-lcwgs-1	RG-OchCCat025-E00526-585-HJLFCCCX2-L3-4A-B1	2nd	Och-CCat_025-Ex1-4A-lcwgs-1-1	/archive/carpenterlab/pire/pire_ostorhinchus_chrysopomus_lcwgs/2nd_sequencing_run/fq_raw/Och-CCat_025-Ex1-4A-lcwgs-1-1.1.fq.gz	/archive/carpenterlab/pire/pire_ostorhinchus_chrysopomus_lcwgs/2nd_sequencing_run/fq_raw/Och-CCat_025-Ex1-4A-lcwgs-1-1.2.fq.gz	data/symlinks/OchCCat025_Ex1-4A-lcwgs-1_RG-OchCCat025-E00526-585-HJLFCCCX2-L3-4A-B1_R1.fastq.gz	data/symlinks/OchCCat025_Ex1-4A-lcwgs-1_RG-OchCCat025-E00526-585-HJLFCCCX2-L3-4A-B1_R2.fastq.gz
OchCCat028_Ex1-5C-lcwgs-1_RG-OchCCat028-E00526-585-HJLFCCCX2-L3-5C-B1	OchCCat028	Och-CCat_028	CCat	modern	Ex1-5C-lcwgs-1	RG-OchCCat028-E00526-585-HJLFCCCX2-L3-5C-B1	2nd	Och-CCat_028-Ex1-5C-lcwgs-1-1	/archive/carpenterlab/pire/pire_ostorhinchus_chrysopomus_lcwgs/2nd_sequencing_run/fq_raw/Och-CCat_028-Ex1-5C-lcwgs-1-1.1.fq.gz	/archive/carpenterlab/pire/pire_ostorhinchus_chrysopomus_lcwgs/2nd_sequencing_run/fq_raw/Och-CCat_028-Ex1-5C-lcwgs-1-1.2.fq.gz	data/symlinks/OchCCat028_Ex1-5C-lcwgs-1_RG-OchCCat028-E00526-585-HJLFCCCX2-L3-5C-B1_R1.fastq.gz	data/symlinks/OchCCat028_Ex1-5C-lcwgs-1_RG-OchCCat028-E00526-585-HJLFCCCX2-L3-5C-B1_R2.fastq.gz
OchCCat029_Ex1-3H-lcwgs-1_RG-OchCCat029-E00526-585-HJLFCCCX2-L3-3H-B1	OchCCat029	Och-CCat_029	CCat	modern	Ex1-3H-lcwgs-1	RG-OchCCat029-E00526-585-HJLFCCCX2-L3-3H-B1	2nd	Och-CCat_029-Ex1-3H-lcwgs-1-1	/archive/carpenterlab/pire/pire_ostorhinchus_chrysopomus_lcwgs/2nd_sequencing_run/fq_raw/Och-CCat_029-Ex1-3H-lcwgs-1-1.1.fq.gz	/archive/carpenterlab/pire/pire_ostorhinchus_chrysopomus_lcwgs/2nd_sequencing_run/fq_raw/Och-CCat_029-Ex1-3H-lcwgs-1-1.2.fq.gz	data/symlinks/OchCCat029_Ex1-3H-lcwgs-1_RG-OchCCat029-E00526-585-HJLFCCCX2-L3-3H-B1_R1.fastq.gz	data/symlinks/OchCCat029_Ex1-3H-lcwgs-1_RG-OchCCat029-E00526-585-HJLFCCCX2-L3-3H-B1_R2.fastq.gz
OchCCat031_Ex1-3G-lcwgs-1_RG-OchCCat031-E00526-585-HJLFCCCX2-L3-3G-B1	OchCCat031	Och-CCat_031	CCat	modern	Ex1-3G-lcwgs-1	RG-OchCCat031-E00526-585-HJLFCCCX2-L3-3G-B1	2nd	Och-CCat_031-Ex1-3G-lcwgs-1-1	/archive/carpenterlab/pire/pire_ostorhinchus_chrysopomus_lcwgs/2nd_sequencing_run/fq_raw/Och-CCat_031-Ex1-3G-lcwgs-1-1.1.fq.gz	/archive/carpenterlab/pire/pire_ostorhinchus_chrysopomus_lcwgs/2nd_sequencing_run/fq_raw/Och-CCat_031-Ex1-3G-lcwgs-1-1.2.fq.gz	data/symlinks/OchCCat031_Ex1-3G-lcwgs-1_RG-OchCCat031-E00526-585-HJLFCCCX2-L3-3G-B1_R1.fastq.gz	data/symlinks/OchCCat031_Ex1-3G-lcwgs-1_RG-OchCCat031-E00526-585-HJLFCCCX2-L3-3G-B1_R2.fastq.gz
OchCCat035_Ex1-6A-lcwgs-1_RG-OchCCat035-E00526-585-HJLFCCCX2-L3-6A-B1	OchCCat035	Och-CCat_035	CCat	modern	Ex1-6A-lcwgs-1	RG-OchCCat035-E00526-585-HJLFCCCX2-L3-6A-B1	2nd	Och-CCat_035-Ex1-6A-lcwgs-1-1	/archive/carpenterlab/pire/pire_ostorhinchus_chrysopomus_lcwgs/2nd_sequencing_run/fq_raw/Och-CCat_035-Ex1-6A-lcwgs-1-1.1.fq.gz	/archive/carpenterlab/pire/pire_ostorhinchus_chrysopomus_lcwgs/2nd_sequencing_run/fq_raw/Och-CCat_035-Ex1-6A-lcwgs-1-1.2.fq.gz	data/symlinks/OchCCat035_Ex1-6A-lcwgs-1_RG-OchCCat035-E00526-585-HJLFCCCX2-L3-6A-B1_R1.fastq.gz	data/symlinks/OchCCat035_Ex1-6A-lcwgs-1_RG-OchCCat035-E00526-585-HJLFCCCX2-L3-6A-B1_R2.fastq.gz
OchCCat036_Ex1-5D-lcwgs-1_RG-OchCCat036-E00526-585-HJLFCCCX2-L3-5D-B1	OchCCat036	Och-CCat_036	CCat	modern	Ex1-5D-lcwgs-1	RG-OchCCat036-E00526-585-HJLFCCCX2-L3-5D-B1	2nd	Och-CCat_036-Ex1-5D-lcwgs-1-1	/archive/carpenterlab/pire/pire_ostorhinchus_chrysopomus_lcwgs/2nd_sequencing_run/fq_raw/Och-CCat_036-Ex1-5D-lcwgs-1-1.1.fq.gz	/archive/carpenterlab/pire/pire_ostorhinchus_chrysopomus_lcwgs/2nd_sequencing_run/fq_raw/Och-CCat_036-Ex1-5D-lcwgs-1-1.2.fq.gz	data/symlinks/OchCCat036_Ex1-5D-lcwgs-1_RG-OchCCat036-E00526-585-HJLFCCCX2-L3-5D-B1_R1.fastq.gz	data/symlinks/OchCCat036_Ex1-5D-lcwgs-1_RG-OchCCat036-E00526-585-HJLFCCCX2-L3-5D-B1_R2.fastq.gz
OchCCat037_Ex1-4B-lcwgs-1_RG-OchCCat037-E00526-585-HJLFCCCX2-L3-4B-B1	OchCCat037	Och-CCat_037	CCat	modern	Ex1-4B-lcwgs-1	RG-OchCCat037-E00526-585-HJLFCCCX2-L3-4B-B1	2nd	Och-CCat_037-Ex1-4B-lcwgs-1-1	/archive/carpenterlab/pire/pire_ostorhinchus_chrysopomus_lcwgs/2nd_sequencing_run/fq_raw/Och-CCat_037-Ex1-4B-lcwgs-1-1.1.fq.gz	/archive/carpenterlab/pire/pire_ostorhinchus_chrysopomus_lcwgs/2nd_sequencing_run/fq_raw/Och-CCat_037-Ex1-4B-lcwgs-1-1.2.fq.gz	data/symlinks/OchCCat037_Ex1-4B-lcwgs-1_RG-OchCCat037-E00526-585-HJLFCCCX2-L3-4B-B1_R1.fastq.gz	data/symlinks/OchCCat037_Ex1-4B-lcwgs-1_RG-OchCCat037-E00526-585-HJLFCCCX2-L3-4B-B1_R2.fastq.gz
OchCCat038_Ex1-4C-lcwgs-1_RG-OchCCat038-E00526-585-HJLFCCCX2-L3-4C-B1	OchCCat038	Och-CCat_038	CCat	modern	Ex1-4C-lcwgs-1	RG-OchCCat038-E00526-585-HJLFCCCX2-L3-4C-B1	2nd	Och-CCat_038-Ex1-4C-lcwgs-1-1	/archive/carpenterlab/pire/pire_ostorhinchus_chrysopomus_lcwgs/2nd_sequencing_run/fq_raw/Och-CCat_038-Ex1-4C-lcwgs-1-1.1.fq.gz	/archive/carpenterlab/pire/pire_ostorhinchus_chrysopomus_lcwgs/2nd_sequencing_run/fq_raw/Och-CCat_038-Ex1-4C-lcwgs-1-1.2.fq.gz	data/symlinks/OchCCat038_Ex1-4C-lcwgs-1_RG-OchCCat038-E00526-585-HJLFCCCX2-L3-4C-B1_R1.fastq.gz	data/symlinks/OchCCat038_Ex1-4C-lcwgs-1_RG-OchCCat038-E00526-585-HJLFCCCX2-L3-4C-B1_R2.fastq.gz
OchCCat047_Ex1-4H-lcwgs-1_RG-OchCCat047-E00526-585-HJLFCCCX2-L3-4H-B1	OchCCat047	Och-CCat_047	CCat	modern	Ex1-4H-lcwgs-1	RG-OchCCat047-E00526-585-HJLFCCCX2-L3-4H-B1	2nd	Och-CCat_047-Ex1-4H-lcwgs-1-1	/archive/carpenterlab/pire/pire_ostorhinchus_chrysopomus_lcwgs/2nd_sequencing_run/fq_raw/Och-CCat_047-Ex1-4H-lcwgs-1-1.1.fq.gz	/archive/carpenterlab/pire/pire_ostorhinchus_chrysopomus_lcwgs/2nd_sequencing_run/fq_raw/Och-CCat_047-Ex1-4H-lcwgs-1-1.2.fq.gz	data/symlinks/OchCCat047_Ex1-4H-lcwgs-1_RG-OchCCat047-E00526-585-HJLFCCCX2-L3-4H-B1_R1.fastq.gz	data/symlinks/OchCCat047_Ex1-4H-lcwgs-1_RG-OchCCat047-E00526-585-HJLFCCCX2-L3-4H-B1_R2.fastq.gz
OchCCat051_Ex1-8B-lcwgs-1_RG-OchCCat051-E00526-585-HJLFCCCX2-L3-8B-B1	OchCCat051	Och-CCat_051	CCat	modern	Ex1-8B-lcwgs-1	RG-OchCCat051-E00526-585-HJLFCCCX2-L3-8B-B1	2nd	Och-CCat_051-Ex1-8B-lcwgs-1-1	/archive/carpenterlab/pire/pire_ostorhinchus_chrysopomus_lcwgs/2nd_sequencing_run/fq_raw/Och-CCat_051-Ex1-8B-lcwgs-1-1.1.fq.gz	/archive/carpenterlab/pire/pire_ostorhinchus_chrysopomus_lcwgs/2nd_sequencing_run/fq_raw/Och-CCat_051-Ex1-8B-lcwgs-1-1.2.fq.gz	data/symlinks/OchCCat051_Ex1-8B-lcwgs-1_RG-OchCCat051-E00526-585-HJLFCCCX2-L3-8B-B1_R1.fastq.gz	data/symlinks/OchCCat051_Ex1-8B-lcwgs-1_RG-OchCCat051-E00526-585-HJLFCCCX2-L3-8B-B1_R2.fastq.gz
OchCCat059_Ex1-8C-lcwgs-1_RG-OchCCat059-E00526-585-HJLFCCCX2-L3-8C-B1	OchCCat059	Och-CCat_059	CCat	modern	Ex1-8C-lcwgs-1	RG-OchCCat059-E00526-585-HJLFCCCX2-L3-8C-B1	2nd	Och-CCat_059-Ex1-8C-lcwgs-1-1	/archive/carpenterlab/pire/pire_ostorhinchus_chrysopomus_lcwgs/2nd_sequencing_run/fq_raw/Och-CCat_059-Ex1-8C-lcwgs-1-1.1.fq.gz	/archive/carpenterlab/pire/pire_ostorhinchus_chrysopomus_lcwgs/2nd_sequencing_run/fq_raw/Och-CCat_059-Ex1-8C-lcwgs-1-1.2.fq.gz	data/symlinks/OchCCat059_Ex1-8C-lcwgs-1_RG-OchCCat059-E00526-585-HJLFCCCX2-L3-8C-B1_R1.fastq.gz	data/symlinks/OchCCat059_Ex1-8C-lcwgs-1_RG-OchCCat059-E00526-585-HJLFCCCX2-L3-8C-B1_R2.fastq.gz
OchCCat063_Ex1-5E-lcwgs-1_RG-OchCCat063-E00526-585-HJLFCCCX2-L3-5E-B1	OchCCat063	Och-CCat_063	CCat	modern	Ex1-5E-lcwgs-1	RG-OchCCat063-E00526-585-HJLFCCCX2-L3-5E-B1	2nd	Och-CCat_063-Ex1-5E-lcwgs-1-1	/archive/carpenterlab/pire/pire_ostorhinchus_chrysopomus_lcwgs/2nd_sequencing_run/fq_raw/Och-CCat_063-Ex1-5E-lcwgs-1-1.1.fq.gz	/archive/carpenterlab/pire/pire_ostorhinchus_chrysopomus_lcwgs/2nd_sequencing_run/fq_raw/Och-CCat_063-Ex1-5E-lcwgs-1-1.2.fq.gz	data/symlinks/OchCCat063_Ex1-5E-lcwgs-1_RG-OchCCat063-E00526-585-HJLFCCCX2-L3-5E-B1_R1.fastq.gz	data/symlinks/OchCCat063_Ex1-5E-lcwgs-1_RG-OchCCat063-E00526-585-HJLFCCCX2-L3-5E-B1_R2.fastq.gz
OchCCat065_Ex1-4F-lcwgs-1_RG-OchCCat065-E00526-585-HJLFCCCX2-L3-4F-B1	OchCCat065	Och-CCat_065	CCat	modern	Ex1-4F-lcwgs-1	RG-OchCCat065-E00526-585-HJLFCCCX2-L3-4F-B1	2nd	Och-CCat_065-Ex1-4F-lcwgs-1-1	/archive/carpenterlab/pire/pire_ostorhinchus_chrysopomus_lcwgs/2nd_sequencing_run/fq_raw/Och-CCat_065-Ex1-4F-lcwgs-1-1.1.fq.gz	/archive/carpenterlab/pire/pire_ostorhinchus_chrysopomus_lcwgs/2nd_sequencing_run/fq_raw/Och-CCat_065-Ex1-4F-lcwgs-1-1.2.fq.gz	data/symlinks/OchCCat065_Ex1-4F-lcwgs-1_RG-OchCCat065-E00526-585-HJLFCCCX2-L3-4F-B1_R1.fastq.gz	data/symlinks/OchCCat065_Ex1-4F-lcwgs-1_RG-OchCCat065-E00526-585-HJLFCCCX2-L3-4F-B1_R2.fastq.gz
OchCCat066_Ex1-7A-lcwgs-1_RG-OchCCat066-E00526-585-HJLFCCCX2-L3-7A-B1	OchCCat066	Och-CCat_066	CCat	modern	Ex1-7A-lcwgs-1	RG-OchCCat066-E00526-585-HJLFCCCX2-L3-7A-B1	2nd	Och-CCat_066-Ex1-7A-lcwgs-1-1	/archive/carpenterlab/pire/pire_ostorhinchus_chrysopomus_lcwgs/2nd_sequencing_run/fq_raw/Och-CCat_066-Ex1-7A-lcwgs-1-1.1.fq.gz	/archive/carpenterlab/pire/pire_ostorhinchus_chrysopomus_lcwgs/2nd_sequencing_run/fq_raw/Och-CCat_066-Ex1-7A-lcwgs-1-1.2.fq.gz	data/symlinks/OchCCat066_Ex1-7A-lcwgs-1_RG-OchCCat066-E00526-585-HJLFCCCX2-L3-7A-B1_R1.fastq.gz	data/symlinks/OchCCat066_Ex1-7A-lcwgs-1_RG-OchCCat066-E00526-585-HJLFCCCX2-L3-7A-B1_R2.fastq.gz
OchCCat068_Ex1-4G-lcwgs-1_RG-OchCCat068-E00526-585-HJLFCCCX2-L3-4G-B1	OchCCat068	Och-CCat_068	CCat	modern	Ex1-4G-lcwgs-1	RG-OchCCat068-E00526-585-HJLFCCCX2-L3-4G-B1	2nd	Och-CCat_068-Ex1-4G-lcwgs-1-1	/archive/carpenterlab/pire/pire_ostorhinchus_chrysopomus_lcwgs/2nd_sequencing_run/fq_raw/Och-CCat_068-Ex1-4G-lcwgs-1-1.1.fq.gz	/archive/carpenterlab/pire/pire_ostorhinchus_chrysopomus_lcwgs/2nd_sequencing_run/fq_raw/Och-CCat_068-Ex1-4G-lcwgs-1-1.2.fq.gz	data/symlinks/OchCCat068_Ex1-4G-lcwgs-1_RG-OchCCat068-E00526-585-HJLFCCCX2-L3-4G-B1_R1.fastq.gz	data/symlinks/OchCCat068_Ex1-4G-lcwgs-1_RG-OchCCat068-E00526-585-HJLFCCCX2-L3-4G-B1_R2.fastq.gz
OchCCat069_Ex1-5F-lcwgs-1_RG-OchCCat069-E00526-585-HJLFCCCX2-L3-5F-B1	OchCCat069	Och-CCat_069	CCat	modern	Ex1-5F-lcwgs-1	RG-OchCCat069-E00526-585-HJLFCCCX2-L3-5F-B1	2nd	Och-CCat_069-Ex1-5F-lcwgs-1-1	/archive/carpenterlab/pire/pire_ostorhinchus_chrysopomus_lcwgs/2nd_sequencing_run/fq_raw/Och-CCat_069-Ex1-5F-lcwgs-1-1.1.fq.gz	/archive/carpenterlab/pire/pire_ostorhinchus_chrysopomus_lcwgs/2nd_sequencing_run/fq_raw/Och-CCat_069-Ex1-5F-lcwgs-1-1.2.fq.gz	data/symlinks/OchCCat069_Ex1-5F-lcwgs-1_RG-OchCCat069-E00526-585-HJLFCCCX2-L3-5F-B1_R1.fastq.gz	data/symlinks/OchCCat069_Ex1-5F-lcwgs-1_RG-OchCCat069-E00526-585-HJLFCCCX2-L3-5F-B1_R2.fastq.gz
OchCCat070_Ex1-7F-lcwgs-1_RG-OchCCat070-E00526-585-HJLFCCCX2-L3-7F-B1	OchCCat070	Och-CCat_070	CCat	modern	Ex1-7F-lcwgs-1	RG-OchCCat070-E00526-585-HJLFCCCX2-L3-7F-B1	2nd	Och-CCat_070-Ex1-7F-lcwgs-1-1	/archive/carpenterlab/pire/pire_ostorhinchus_chrysopomus_lcwgs/2nd_sequencing_run/fq_raw/Och-CCat_070-Ex1-7F-lcwgs-1-1.1.fq.gz	/archive/carpenterlab/pire/pire_ostorhinchus_chrysopomus_lcwgs/2nd_sequencing_run/fq_raw/Och-CCat_070-Ex1-7F-lcwgs-1-1.2.fq.gz	data/symlinks/OchCCat070_Ex1-7F-lcwgs-1_RG-OchCCat070-E00526-585-HJLFCCCX2-L3-7F-B1_R1.fastq.gz	data/symlinks/OchCCat070_Ex1-7F-lcwgs-1_RG-OchCCat070-E00526-585-HJLFCCCX2-L3-7F-B1_R2.fastq.gz
OchCCat071_Ex1-8H-lcwgs-1_RG-OchCCat071-E00526-585-HJLFCCCX2-L3-8H-B1	OchCCat071	Och-CCat_071	CCat	modern	Ex1-8H-lcwgs-1	RG-OchCCat071-E00526-585-HJLFCCCX2-L3-8H-B1	2nd	Och-CCat_071-Ex1-8H-lcwgs-1-1	/archive/carpenterlab/pire/pire_ostorhinchus_chrysopomus_lcwgs/2nd_sequencing_run/fq_raw/Och-CCat_071-Ex1-8H-lcwgs-1-1.1.fq.gz	/archive/carpenterlab/pire/pire_ostorhinchus_chrysopomus_lcwgs/2nd_sequencing_run/fq_raw/Och-CCat_071-Ex1-8H-lcwgs-1-1.2.fq.gz	data/symlinks/OchCCat071_Ex1-8H-lcwgs-1_RG-OchCCat071-E00526-585-HJLFCCCX2-L3-8H-B1_R1.fastq.gz	data/symlinks/OchCCat071_Ex1-8H-lcwgs-1_RG-OchCCat071-E00526-585-HJLFCCCX2-L3-8H-B1_R2.fastq.gz
OchCCat072_Ex1-7E-lcwgs-1_RG-OchCCat072-E00526-585-HJLFCCCX2-L3-7E-B1	OchCCat072	Och-CCat_072	CCat	modern	Ex1-7E-lcwgs-1	RG-OchCCat072-E00526-585-HJLFCCCX2-L3-7E-B1	2nd	Och-CCat_072-Ex1-7E-lcwgs-1-1	/archive/carpenterlab/pire/pire_ostorhinchus_chrysopomus_lcwgs/2nd_sequencing_run/fq_raw/Och-CCat_072-Ex1-7E-lcwgs-1-1.1.fq.gz	/archive/carpenterlab/pire/pire_ostorhinchus_chrysopomus_lcwgs/2nd_sequencing_run/fq_raw/Och-CCat_072-Ex1-7E-lcwgs-1-1.2.fq.gz	data/symlinks/OchCCat072_Ex1-7E-lcwgs-1_RG-OchCCat072-E00526-585-HJLFCCCX2-L3-7E-B1_R1.fastq.gz	data/symlinks/OchCCat072_Ex1-7E-lcwgs-1_RG-OchCCat072-E00526-585-HJLFCCCX2-L3-7E-B1_R2.fastq.gz
OchCCat074_Ex1-6E-lcwgs-1_RG-OchCCat074-E00526-585-HJLFCCCX2-L3-6E-B1	OchCCat074	Och-CCat_074	CCat	modern	Ex1-6E-lcwgs-1	RG-OchCCat074-E00526-585-HJLFCCCX2-L3-6E-B1	2nd	Och-CCat_074-Ex1-6E-lcwgs-1-1	/archive/carpenterlab/pire/pire_ostorhinchus_chrysopomus_lcwgs/2nd_sequencing_run/fq_raw/Och-CCat_074-Ex1-6E-lcwgs-1-1.1.fq.gz	/archive/carpenterlab/pire/pire_ostorhinchus_chrysopomus_lcwgs/2nd_sequencing_run/fq_raw/Och-CCat_074-Ex1-6E-lcwgs-1-1.2.fq.gz	data/symlinks/OchCCat074_Ex1-6E-lcwgs-1_RG-OchCCat074-E00526-585-HJLFCCCX2-L3-6E-B1_R1.fastq.gz	data/symlinks/OchCCat074_Ex1-6E-lcwgs-1_RG-OchCCat074-E00526-585-HJLFCCCX2-L3-6E-B1_R2.fastq.gz
OchCCat075_Ex1-5B-lcwgs-1_RG-OchCCat075-E00526-585-HJLFCCCX2-L3-5B-B1	OchCCat075	Och-CCat_075	CCat	modern	Ex1-5B-lcwgs-1	RG-OchCCat075-E00526-585-HJLFCCCX2-L3-5B-B1	2nd	Och-CCat_075-Ex1-5B-lcwgs-1-1	/archive/carpenterlab/pire/pire_ostorhinchus_chrysopomus_lcwgs/2nd_sequencing_run/fq_raw/Och-CCat_075-Ex1-5B-lcwgs-1-1.1.fq.gz	/archive/carpenterlab/pire/pire_ostorhinchus_chrysopomus_lcwgs/2nd_sequencing_run/fq_raw/Och-CCat_075-Ex1-5B-lcwgs-1-1.2.fq.gz	data/symlinks/OchCCat075_Ex1-5B-lcwgs-1_RG-OchCCat075-E00526-585-HJLFCCCX2-L3-5B-B1_R1.fastq.gz	data/symlinks/OchCCat075_Ex1-5B-lcwgs-1_RG-OchCCat075-E00526-585-HJLFCCCX2-L3-5B-B1_R2.fastq.gz
OchCCat076_Ex1-5H-lcwgs-1_RG-OchCCat076-E00526-585-HJLFCCCX2-L3-5H-B1	OchCCat076	Och-CCat_076	CCat	modern	Ex1-5H-lcwgs-1	RG-OchCCat076-E00526-585-HJLFCCCX2-L3-5H-B1	2nd	Och-CCat_076-Ex1-5H-lcwgs-1-1	/archive/carpenterlab/pire/pire_ostorhinchus_chrysopomus_lcwgs/2nd_sequencing_run/fq_raw/Och-CCat_076-Ex1-5H-lcwgs-1-1.1.fq.gz	/archive/carpenterlab/pire/pire_ostorhinchus_chrysopomus_lcwgs/2nd_sequencing_run/fq_raw/Och-CCat_076-Ex1-5H-lcwgs-1-1.2.fq.gz	data/symlinks/OchCCat076_Ex1-5H-lcwgs-1_RG-OchCCat076-E00526-585-HJLFCCCX2-L3-5H-B1_R1.fastq.gz	data/symlinks/OchCCat076_Ex1-5H-lcwgs-1_RG-OchCCat076-E00526-585-HJLFCCCX2-L3-5H-B1_R2.fastq.gz
OchCCat077_Ex1-5A-lcwgs-1_RG-OchCCat077-E00526-585-HJLFCCCX2-L3-5A-B1	OchCCat077	Och-CCat_077	CCat	modern	Ex1-5A-lcwgs-1	RG-OchCCat077-E00526-585-HJLFCCCX2-L3-5A-B1	2nd	Och-CCat_077-Ex1-5A-lcwgs-1-1	/archive/carpenterlab/pire/pire_ostorhinchus_chrysopomus_lcwgs/2nd_sequencing_run/fq_raw/Och-CCat_077-Ex1-5A-lcwgs-1-1.1.fq.gz	/archive/carpenterlab/pire/pire_ostorhinchus_chrysopomus_lcwgs/2nd_sequencing_run/fq_raw/Och-CCat_077-Ex1-5A-lcwgs-1-1.2.fq.gz	data/symlinks/OchCCat077_Ex1-5A-lcwgs-1_RG-OchCCat077-E00526-585-HJLFCCCX2-L3-5A-B1_R1.fastq.gz	data/symlinks/OchCCat077_Ex1-5A-lcwgs-1_RG-OchCCat077-E00526-585-HJLFCCCX2-L3-5A-B1_R2.fastq.gz
OchCCat079_Ex1-8A-lcwgs-1_RG-OchCCat079-E00526-585-HJLFCCCX2-L3-8A-B1	OchCCat079	Och-CCat_079	CCat	modern	Ex1-8A-lcwgs-1	RG-OchCCat079-E00526-585-HJLFCCCX2-L3-8A-B1	2nd	Och-CCat_079-Ex1-8A-lcwgs-1-1	/archive/carpenterlab/pire/pire_ostorhinchus_chrysopomus_lcwgs/2nd_sequencing_run/fq_raw/Och-CCat_079-Ex1-8A-lcwgs-1-1.1.fq.gz	/archive/carpenterlab/pire/pire_ostorhinchus_chrysopomus_lcwgs/2nd_sequencing_run/fq_raw/Och-CCat_079-Ex1-8A-lcwgs-1-1.2.fq.gz	data/symlinks/OchCCat079_Ex1-8A-lcwgs-1_RG-OchCCat079-E00526-585-HJLFCCCX2-L3-8A-B1_R1.fastq.gz	data/symlinks/OchCCat079_Ex1-8A-lcwgs-1_RG-OchCCat079-E00526-585-HJLFCCCX2-L3-8A-B1_R2.fastq.gz
OchCCat080_Ex1-7C-lcwgs-1_RG-OchCCat080-E00526-585-HJLFCCCX2-L3-7C-B1	OchCCat080	Och-CCat_080	CCat	modern	Ex1-7C-lcwgs-1	RG-OchCCat080-E00526-585-HJLFCCCX2-L3-7C-B1	2nd	Och-CCat_080-Ex1-7C-lcwgs-1-1	/archive/carpenterlab/pire/pire_ostorhinchus_chrysopomus_lcwgs/2nd_sequencing_run/fq_raw/Och-CCat_080-Ex1-7C-lcwgs-1-1.1.fq.gz	/archive/carpenterlab/pire/pire_ostorhinchus_chrysopomus_lcwgs/2nd_sequencing_run/fq_raw/Och-CCat_080-Ex1-7C-lcwgs-1-1.2.fq.gz	data/symlinks/OchCCat080_Ex1-7C-lcwgs-1_RG-OchCCat080-E00526-585-HJLFCCCX2-L3-7C-B1_R1.fastq.gz	data/symlinks/OchCCat080_Ex1-7C-lcwgs-1_RG-OchCCat080-E00526-585-HJLFCCCX2-L3-7C-B1_R2.fastq.gz
OchCCat081_Ex1-8D-lcwgs-1_RG-OchCCat081-E00526-585-HJLFCCCX2-L3-8D-B1	OchCCat081	Och-CCat_081	CCat	modern	Ex1-8D-lcwgs-1	RG-OchCCat081-E00526-585-HJLFCCCX2-L3-8D-B1	2nd	Och-CCat_081-Ex1-8D-lcwgs-1-1	/archive/carpenterlab/pire/pire_ostorhinchus_chrysopomus_lcwgs/2nd_sequencing_run/fq_raw/Och-CCat_081-Ex1-8D-lcwgs-1-1.1.fq.gz	/archive/carpenterlab/pire/pire_ostorhinchus_chrysopomus_lcwgs/2nd_sequencing_run/fq_raw/Och-CCat_081-Ex1-8D-lcwgs-1-1.2.fq.gz	data/symlinks/OchCCat081_Ex1-8D-lcwgs-1_RG-OchCCat081-E00526-585-HJLFCCCX2-L3-8D-B1_R1.fastq.gz	data/symlinks/OchCCat081_Ex1-8D-lcwgs-1_RG-OchCCat081-E00526-585-HJLFCCCX2-L3-8D-B1_R2.fastq.gz
OchCCat082_Ex1-6H-lcwgs-1_RG-OchCCat082-E00526-585-HJLFCCCX2-L3-6H-B1	OchCCat082	Och-CCat_082	CCat	modern	Ex1-6H-lcwgs-1	RG-OchCCat082-E00526-585-HJLFCCCX2-L3-6H-B1	2nd	Och-CCat_082-Ex1-6H-lcwgs-1-1	/archive/carpenterlab/pire/pire_ostorhinchus_chrysopomus_lcwgs/2nd_sequencing_run/fq_raw/Och-CCat_082-Ex1-6H-lcwgs-1-1.1.fq.gz	/archive/carpenterlab/pire/pire_ostorhinchus_chrysopomus_lcwgs/2nd_sequencing_run/fq_raw/Och-CCat_082-Ex1-6H-lcwgs-1-1.2.fq.gz	data/symlinks/OchCCat082_Ex1-6H-lcwgs-1_RG-OchCCat082-E00526-585-HJLFCCCX2-L3-6H-B1_R1.fastq.gz	data/symlinks/OchCCat082_Ex1-6H-lcwgs-1_RG-OchCCat082-E00526-585-HJLFCCCX2-L3-6H-B1_R2.fastq.gz
OchCCat083_Ex1-6F-lcwgs-1_RG-OchCCat083-E00526-585-HJLFCCCX2-L3-6F-B1	OchCCat083	Och-CCat_083	CCat	modern	Ex1-6F-lcwgs-1	RG-OchCCat083-E00526-585-HJLFCCCX2-L3-6F-B1	2nd	Och-CCat_083-Ex1-6F-lcwgs-1-1	/archive/carpenterlab/pire/pire_ostorhinchus_chrysopomus_lcwgs/2nd_sequencing_run/fq_raw/Och-CCat_083-Ex1-6F-lcwgs-1-1.1.fq.gz	/archive/carpenterlab/pire/pire_ostorhinchus_chrysopomus_lcwgs/2nd_sequencing_run/fq_raw/Och-CCat_083-Ex1-6F-lcwgs-1-1.2.fq.gz	data/symlinks/OchCCat083_Ex1-6F-lcwgs-1_RG-OchCCat083-E00526-585-HJLFCCCX2-L3-6F-B1_R1.fastq.gz	data/symlinks/OchCCat083_Ex1-6F-lcwgs-1_RG-OchCCat083-E00526-585-HJLFCCCX2-L3-6F-B1_R2.fastq.gz
OchCCat084_Ex1-7D-lcwgs-1_RG-OchCCat084-E00526-585-HJLFCCCX2-L3-7D-B1	OchCCat084	Och-CCat_084	CCat	modern	Ex1-7D-lcwgs-1	RG-OchCCat084-E00526-585-HJLFCCCX2-L3-7D-B1	2nd	Och-CCat_084-Ex1-7D-lcwgs-1-1	/archive/carpenterlab/pire/pire_ostorhinchus_chrysopomus_lcwgs/2nd_sequencing_run/fq_raw/Och-CCat_084-Ex1-7D-lcwgs-1-1.1.fq.gz	/archive/carpenterlab/pire/pire_ostorhinchus_chrysopomus_lcwgs/2nd_sequencing_run/fq_raw/Och-CCat_084-Ex1-7D-lcwgs-1-1.2.fq.gz	data/symlinks/OchCCat084_Ex1-7D-lcwgs-1_RG-OchCCat084-E00526-585-HJLFCCCX2-L3-7D-B1_R1.fastq.gz	data/symlinks/OchCCat084_Ex1-7D-lcwgs-1_RG-OchCCat084-E00526-585-HJLFCCCX2-L3-7D-B1_R2.fastq.gz
OchCCat085_Ex1-6G-lcwgs-1_RG-OchCCat085-E00526-585-HJLFCCCX2-L3-6G-B1	OchCCat085	Och-CCat_085	CCat	modern	Ex1-6G-lcwgs-1	RG-OchCCat085-E00526-585-HJLFCCCX2-L3-6G-B1	2nd	Och-CCat_085-Ex1-6G-lcwgs-1-1	/archive/carpenterlab/pire/pire_ostorhinchus_chrysopomus_lcwgs/2nd_sequencing_run/fq_raw/Och-CCat_085-Ex1-6G-lcwgs-1-1.1.fq.gz	/archive/carpenterlab/pire/pire_ostorhinchus_chrysopomus_lcwgs/2nd_sequencing_run/fq_raw/Och-CCat_085-Ex1-6G-lcwgs-1-1.2.fq.gz	data/symlinks/OchCCat085_Ex1-6G-lcwgs-1_RG-OchCCat085-E00526-585-HJLFCCCX2-L3-6G-B1_R1.fastq.gz	data/symlinks/OchCCat085_Ex1-6G-lcwgs-1_RG-OchCCat085-E00526-585-HJLFCCCX2-L3-6G-B1_R2.fastq.gz
OchCCat086_Ex1-8E-lcwgs-1_RG-OchCCat086-E00526-585-HJLFCCCX2-L3-8E-B1	OchCCat086	Och-CCat_086	CCat	modern	Ex1-8E-lcwgs-1	RG-OchCCat086-E00526-585-HJLFCCCX2-L3-8E-B1	2nd	Och-CCat_086-Ex1-8E-lcwgs-1-1	/archive/carpenterlab/pire/pire_ostorhinchus_chrysopomus_lcwgs/2nd_sequencing_run/fq_raw/Och-CCat_086-Ex1-8E-lcwgs-1-1.1.fq.gz	/archive/carpenterlab/pire/pire_ostorhinchus_chrysopomus_lcwgs/2nd_sequencing_run/fq_raw/Och-CCat_086-Ex1-8E-lcwgs-1-1.2.fq.gz	data/symlinks/OchCCat086_Ex1-8E-lcwgs-1_RG-OchCCat086-E00526-585-HJLFCCCX2-L3-8E-B1_R1.fastq.gz	data/symlinks/OchCCat086_Ex1-8E-lcwgs-1_RG-OchCCat086-E00526-585-HJLFCCCX2-L3-8E-B1_R2.fastq.gz
OchCCat087_Ex1-6C-lcwgs-1_RG-OchCCat087-E00526-585-HJLFCCCX2-L3-6C-B1	OchCCat087	Och-CCat_087	CCat	modern	Ex1-6C-lcwgs-1	RG-OchCCat087-E00526-585-HJLFCCCX2-L3-6C-B1	2nd	Och-CCat_087-Ex1-6C-lcwgs-1-1	/archive/carpenterlab/pire/pire_ostorhinchus_chrysopomus_lcwgs/2nd_sequencing_run/fq_raw/Och-CCat_087-Ex1-6C-lcwgs-1-1.1.fq.gz	/archive/carpenterlab/pire/pire_ostorhinchus_chrysopomus_lcwgs/2nd_sequencing_run/fq_raw/Och-CCat_087-Ex1-6C-lcwgs-1-1.2.fq.gz	data/symlinks/OchCCat087_Ex1-6C-lcwgs-1_RG-OchCCat087-E00526-585-HJLFCCCX2-L3-6C-B1_R1.fastq.gz	data/symlinks/OchCCat087_Ex1-6C-lcwgs-1_RG-OchCCat087-E00526-585-HJLFCCCX2-L3-6C-B1_R2.fastq.gz
OchCCat088_Ex1-7H-lcwgs-1_RG-OchCCat088-E00526-585-HJLFCCCX2-L3-7H-B1	OchCCat088	Och-CCat_088	CCat	modern	Ex1-7H-lcwgs-1	RG-OchCCat088-E00526-585-HJLFCCCX2-L3-7H-B1	2nd	Och-CCat_088-Ex1-7H-lcwgs-1-1	/archive/carpenterlab/pire/pire_ostorhinchus_chrysopomus_lcwgs/2nd_sequencing_run/fq_raw/Och-CCat_088-Ex1-7H-lcwgs-1-1.1.fq.gz	/archive/carpenterlab/pire/pire_ostorhinchus_chrysopomus_lcwgs/2nd_sequencing_run/fq_raw/Och-CCat_088-Ex1-7H-lcwgs-1-1.2.fq.gz	data/symlinks/OchCCat088_Ex1-7H-lcwgs-1_RG-OchCCat088-E00526-585-HJLFCCCX2-L3-7H-B1_R1.fastq.gz	data/symlinks/OchCCat088_Ex1-7H-lcwgs-1_RG-OchCCat088-E00526-585-HJLFCCCX2-L3-7H-B1_R2.fastq.gz
OchCCat090_Ex1-8G-lcwgs-1_RG-OchCCat090-E00526-585-HJLFCCCX2-L3-8G-B1	OchCCat090	Och-CCat_090	CCat	modern	Ex1-8G-lcwgs-1	RG-OchCCat090-E00526-585-HJLFCCCX2-L3-8G-B1	2nd	Och-CCat_090-Ex1-8G-lcwgs-1-1	/archive/carpenterlab/pire/pire_ostorhinchus_chrysopomus_lcwgs/2nd_sequencing_run/fq_raw/Och-CCat_090-Ex1-8G-lcwgs-1-1.1.fq.gz	/archive/carpenterlab/pire/pire_ostorhinchus_chrysopomus_lcwgs/2nd_sequencing_run/fq_raw/Och-CCat_090-Ex1-8G-lcwgs-1-1.2.fq.gz	data/symlinks/OchCCat090_Ex1-8G-lcwgs-1_RG-OchCCat090-E00526-585-HJLFCCCX2-L3-8G-B1_R1.fastq.gz	data/symlinks/OchCCat090_Ex1-8G-lcwgs-1_RG-OchCCat090-E00526-585-HJLFCCCX2-L3-8G-B1_R2.fastq.gz
OchCCat091_Ex1-7G-lcwgs-1_RG-OchCCat091-E00526-585-HJLFCCCX2-L3-7G-B1	OchCCat091	Och-CCat_091	CCat	modern	Ex1-7G-lcwgs-1	RG-OchCCat091-E00526-585-HJLFCCCX2-L3-7G-B1	2nd	Och-CCat_091-Ex1-7G-lcwgs-1-1	/archive/carpenterlab/pire/pire_ostorhinchus_chrysopomus_lcwgs/2nd_sequencing_run/fq_raw/Och-CCat_091-Ex1-7G-lcwgs-1-1.1.fq.gz	/archive/carpenterlab/pire/pire_ostorhinchus_chrysopomus_lcwgs/2nd_sequencing_run/fq_raw/Och-CCat_091-Ex1-7G-lcwgs-1-1.2.fq.gz	data/symlinks/OchCCat091_Ex1-7G-lcwgs-1_RG-OchCCat091-E00526-585-HJLFCCCX2-L3-7G-B1_R1.fastq.gz	data/symlinks/OchCCat091_Ex1-7G-lcwgs-1_RG-OchCCat091-E00526-585-HJLFCCCX2-L3-7G-B1_R2.fastq.gz
OchCCat092_Ex1-8F-lcwgs-1_RG-OchCCat092-E00526-585-HJLFCCCX2-L3-8F-B1	OchCCat092	Och-CCat_092	CCat	modern	Ex1-8F-lcwgs-1	RG-OchCCat092-E00526-585-HJLFCCCX2-L3-8F-B1	2nd	Och-CCat_092-Ex1-8F-lcwgs-1-1	/archive/carpenterlab/pire/pire_ostorhinchus_chrysopomus_lcwgs/2nd_sequencing_run/fq_raw/Och-CCat_092-Ex1-8F-lcwgs-1-1.1.fq.gz	/archive/carpenterlab/pire/pire_ostorhinchus_chrysopomus_lcwgs/2nd_sequencing_run/fq_raw/Och-CCat_092-Ex1-8F-lcwgs-1-1.2.fq.gz	data/symlinks/OchCCat092_Ex1-8F-lcwgs-1_RG-OchCCat092-E00526-585-HJLFCCCX2-L3-8F-B1_R1.fastq.gz	data/symlinks/OchCCat092_Ex1-8F-lcwgs-1_RG-OchCCat092-E00526-585-HJLFCCCX2-L3-8F-B1_R2.fastq.gz
OchCCat094_Ex1-4D-lcwgs-1_RG-OchCCat094-E00526-585-HJLFCCCX2-L3-4D-B1	OchCCat094	Och-CCat_094	CCat	modern	Ex1-4D-lcwgs-1	RG-OchCCat094-E00526-585-HJLFCCCX2-L3-4D-B1	2nd	Och-CCat_094-Ex1-4D-lcwgs-1-1	/archive/carpenterlab/pire/pire_ostorhinchus_chrysopomus_lcwgs/2nd_sequencing_run/fq_raw/Och-CCat_094-Ex1-4D-lcwgs-1-1.1.fq.gz	/archive/carpenterlab/pire/pire_ostorhinchus_chrysopomus_lcwgs/2nd_sequencing_run/fq_raw/Och-CCat_094-Ex1-4D-lcwgs-1-1.2.fq.gz	data/symlinks/OchCCat094_Ex1-4D-lcwgs-1_RG-OchCCat094-E00526-585-HJLFCCCX2-L3-4D-B1_R1.fastq.gz	data/symlinks/OchCCat094_Ex1-4D-lcwgs-1_RG-OchCCat094-E00526-585-HJLFCCCX2-L3-4D-B1_R2.fastq.gz
OchCCat095_Ex1-7B-lcwgs-1_RG-OchCCat095-E00526-585-HJLFCCCX2-L3-7B-B1	OchCCat095	Och-CCat_095	CCat	modern	Ex1-7B-lcwgs-1	RG-OchCCat095-E00526-585-HJLFCCCX2-L3-7B-B1	2nd	Och-CCat_095-Ex1-7B-lcwgs-1-1	/archive/carpenterlab/pire/pire_ostorhinchus_chrysopomus_lcwgs/2nd_sequencing_run/fq_raw/Och-CCat_095-Ex1-7B-lcwgs-1-1.1.fq.gz	/archive/carpenterlab/pire/pire_ostorhinchus_chrysopomus_lcwgs/2nd_sequencing_run/fq_raw/Och-CCat_095-Ex1-7B-lcwgs-1-1.2.fq.gz	data/symlinks/OchCCat095_Ex1-7B-lcwgs-1_RG-OchCCat095-E00526-585-HJLFCCCX2-L3-7B-B1_R1.fastq.gz	data/symlinks/OchCCat095_Ex1-7B-lcwgs-1_RG-OchCCat095-E00526-585-HJLFCCCX2-L3-7B-B1_R2.fastq.gz
OchCCat096_Ex1-6B-lcwgs-1_RG-OchCCat096-E00526-585-HJLFCCCX2-L3-6B-B1	OchCCat096	Och-CCat_096	CCat	modern	Ex1-6B-lcwgs-1	RG-OchCCat096-E00526-585-HJLFCCCX2-L3-6B-B1	2nd	Och-CCat_096-Ex1-6B-lcwgs-1-1	/archive/carpenterlab/pire/pire_ostorhinchus_chrysopomus_lcwgs/2nd_sequencing_run/fq_raw/Och-CCat_096-Ex1-6B-lcwgs-1-1.1.fq.gz	/archive/carpenterlab/pire/pire_ostorhinchus_chrysopomus_lcwgs/2nd_sequencing_run/fq_raw/Och-CCat_096-Ex1-6B-lcwgs-1-1.2.fq.gz	data/symlinks/OchCCat096_Ex1-6B-lcwgs-1_RG-OchCCat096-E00526-585-HJLFCCCX2-L3-6B-B1_R1.fastq.gz	data/symlinks/OchCCat096_Ex1-6B-lcwgs-1_RG-OchCCat096-E00526-585-HJLFCCCX2-L3-6B-B1_R2.fastq.gz
OchCTum001_Ex1-5A-lcwgs-1_RG-OchCTum001-E00526-585-HJLFCCCX2-L3-5A-B1	OchCTum001	Och-CTum_001	CTum	modern	Ex1-5A-lcwgs-1	RG-OchCTum001-E00526-585-HJLFCCCX2-L3-5A-B1	2nd	Och-CTum_001-Ex1-5A-lcwgs-1-1	/archive/carpenterlab/pire/pire_ostorhinchus_chrysopomus_lcwgs/2nd_sequencing_run/fq_raw/Och-CTum_001-Ex1-5A-lcwgs-1-1.1.fq.gz	/archive/carpenterlab/pire/pire_ostorhinchus_chrysopomus_lcwgs/2nd_sequencing_run/fq_raw/Och-CTum_001-Ex1-5A-lcwgs-1-1.2.fq.gz	data/symlinks/OchCTum001_Ex1-5A-lcwgs-1_RG-OchCTum001-E00526-585-HJLFCCCX2-L3-5A-B1_R1.fastq.gz	data/symlinks/OchCTum001_Ex1-5A-lcwgs-1_RG-OchCTum001-E00526-585-HJLFCCCX2-L3-5A-B1_R2.fastq.gz
OchCTum002_Ex1-5B-lcwgs-1_RG-OchCTum002-E00526-585-HJLFCCCX2-L3-5B-B1	OchCTum002	Och-CTum_002	CTum	modern	Ex1-5B-lcwgs-1	RG-OchCTum002-E00526-585-HJLFCCCX2-L3-5B-B1	2nd	Och-CTum_002-Ex1-5B-lcwgs-1-1	/archive/carpenterlab/pire/pire_ostorhinchus_chrysopomus_lcwgs/2nd_sequencing_run/fq_raw/Och-CTum_002-Ex1-5B-lcwgs-1-1.1.fq.gz	/archive/carpenterlab/pire/pire_ostorhinchus_chrysopomus_lcwgs/2nd_sequencing_run/fq_raw/Och-CTum_002-Ex1-5B-lcwgs-1-1.2.fq.gz	data/symlinks/OchCTum002_Ex1-5B-lcwgs-1_RG-OchCTum002-E00526-585-HJLFCCCX2-L3-5B-B1_R1.fastq.gz	data/symlinks/OchCTum002_Ex1-5B-lcwgs-1_RG-OchCTum002-E00526-585-HJLFCCCX2-L3-5B-B1_R2.fastq.gz
OchCTum003_Ex1-5C-lcwgs-1_RG-OchCTum003-E00526-585-HJLFCCCX2-L3-5C-B1	OchCTum003	Och-CTum_003	CTum	modern	Ex1-5C-lcwgs-1	RG-OchCTum003-E00526-585-HJLFCCCX2-L3-5C-B1	2nd	Och-CTum_003-Ex1-5C-lcwgs-1-1	/archive/carpenterlab/pire/pire_ostorhinchus_chrysopomus_lcwgs/2nd_sequencing_run/fq_raw/Och-CTum_003-Ex1-5C-lcwgs-1-1.1.fq.gz	/archive/carpenterlab/pire/pire_ostorhinchus_chrysopomus_lcwgs/2nd_sequencing_run/fq_raw/Och-CTum_003-Ex1-5C-lcwgs-1-1.2.fq.gz	data/symlinks/OchCTum003_Ex1-5C-lcwgs-1_RG-OchCTum003-E00526-585-HJLFCCCX2-L3-5C-B1_R1.fastq.gz	data/symlinks/OchCTum003_Ex1-5C-lcwgs-1_RG-OchCTum003-E00526-585-HJLFCCCX2-L3-5C-B1_R2.fastq.gz
OchCTum004_Ex1-5D-lcwgs-1_RG-OchCTum004-E00526-585-HJLFCCCX2-L3-5D-B1	OchCTum004	Och-CTum_004	CTum	modern	Ex1-5D-lcwgs-1	RG-OchCTum004-E00526-585-HJLFCCCX2-L3-5D-B1	2nd	Och-CTum_004-Ex1-5D-lcwgs-1-1	/archive/carpenterlab/pire/pire_ostorhinchus_chrysopomus_lcwgs/2nd_sequencing_run/fq_raw/Och-CTum_004-Ex1-5D-lcwgs-1-1.1.fq.gz	/archive/carpenterlab/pire/pire_ostorhinchus_chrysopomus_lcwgs/2nd_sequencing_run/fq_raw/Och-CTum_004-Ex1-5D-lcwgs-1-1.2.fq.gz	data/symlinks/OchCTum004_Ex1-5D-lcwgs-1_RG-OchCTum004-E00526-585-HJLFCCCX2-L3-5D-B1_R1.fastq.gz	data/symlinks/OchCTum004_Ex1-5D-lcwgs-1_RG-OchCTum004-E00526-585-HJLFCCCX2-L3-5D-B1_R2.fastq.gz
OchCTum005_Ex1-5E-lcwgs-1_RG-OchCTum005-E00526-585-HJLFCCCX2-L3-5E-B1	OchCTum005	Och-CTum_005	CTum	modern	Ex1-5E-lcwgs-1	RG-OchCTum005-E00526-585-HJLFCCCX2-L3-5E-B1	2nd	Och-CTum_005-Ex1-5E-lcwgs-1-1	/archive/carpenterlab/pire/pire_ostorhinchus_chrysopomus_lcwgs/2nd_sequencing_run/fq_raw/Och-CTum_005-Ex1-5E-lcwgs-1-1.1.fq.gz	/archive/carpenterlab/pire/pire_ostorhinchus_chrysopomus_lcwgs/2nd_sequencing_run/fq_raw/Och-CTum_005-Ex1-5E-lcwgs-1-1.2.fq.gz	data/symlinks/OchCTum005_Ex1-5E-lcwgs-1_RG-OchCTum005-E00526-585-HJLFCCCX2-L3-5E-B1_R1.fastq.gz	data/symlinks/OchCTum005_Ex1-5E-lcwgs-1_RG-OchCTum005-E00526-585-HJLFCCCX2-L3-5E-B1_R2.fastq.gz
OchCTum006_Ex1-5F-lcwgs-1_RG-OchCTum006-E00526-585-HJLFCCCX2-L3-5F-B1	OchCTum006	Och-CTum_006	CTum	modern	Ex1-5F-lcwgs-1	RG-OchCTum006-E00526-585-HJLFCCCX2-L3-5F-B1	2nd	Och-CTum_006-Ex1-5F-lcwgs-1-1	/archive/carpenterlab/pire/pire_ostorhinchus_chrysopomus_lcwgs/2nd_sequencing_run/fq_raw/Och-CTum_006-Ex1-5F-lcwgs-1-1.1.fq.gz	/archive/carpenterlab/pire/pire_ostorhinchus_chrysopomus_lcwgs/2nd_sequencing_run/fq_raw/Och-CTum_006-Ex1-5F-lcwgs-1-1.2.fq.gz	data/symlinks/OchCTum006_Ex1-5F-lcwgs-1_RG-OchCTum006-E00526-585-HJLFCCCX2-L3-5F-B1_R1.fastq.gz	data/symlinks/OchCTum006_Ex1-5F-lcwgs-1_RG-OchCTum006-E00526-585-HJLFCCCX2-L3-5F-B1_R2.fastq.gz
OchCTum007_Ex1-5G-lcwgs-1_RG-OchCTum007-E00526-585-HJLFCCCX2-L3-5G-B1	OchCTum007	Och-CTum_007	CTum	modern	Ex1-5G-lcwgs-1	RG-OchCTum007-E00526-585-HJLFCCCX2-L3-5G-B1	2nd	Och-CTum_007-Ex1-5G-lcwgs-1-1	/archive/carpenterlab/pire/pire_ostorhinchus_chrysopomus_lcwgs/2nd_sequencing_run/fq_raw/Och-CTum_007-Ex1-5G-lcwgs-1-1.1.fq.gz	/archive/carpenterlab/pire/pire_ostorhinchus_chrysopomus_lcwgs/2nd_sequencing_run/fq_raw/Och-CTum_007-Ex1-5G-lcwgs-1-1.2.fq.gz	data/symlinks/OchCTum007_Ex1-5G-lcwgs-1_RG-OchCTum007-E00526-585-HJLFCCCX2-L3-5G-B1_R1.fastq.gz	data/symlinks/OchCTum007_Ex1-5G-lcwgs-1_RG-OchCTum007-E00526-585-HJLFCCCX2-L3-5G-B1_R2.fastq.gz
OchCTum008_Ex1-5H-lcwgs-1_RG-OchCTum008-E00526-585-HJLFCCCX2-L3-5H-B1	OchCTum008	Och-CTum_008	CTum	modern	Ex1-5H-lcwgs-1	RG-OchCTum008-E00526-585-HJLFCCCX2-L3-5H-B1	2nd	Och-CTum_008-Ex1-5H-lcwgs-1-1	/archive/carpenterlab/pire/pire_ostorhinchus_chrysopomus_lcwgs/2nd_sequencing_run/fq_raw/Och-CTum_008-Ex1-5H-lcwgs-1-1.1.fq.gz	/archive/carpenterlab/pire/pire_ostorhinchus_chrysopomus_lcwgs/2nd_sequencing_run/fq_raw/Och-CTum_008-Ex1-5H-lcwgs-1-1.2.fq.gz	data/symlinks/OchCTum008_Ex1-5H-lcwgs-1_RG-OchCTum008-E00526-585-HJLFCCCX2-L3-5H-B1_R1.fastq.gz	data/symlinks/OchCTum008_Ex1-5H-lcwgs-1_RG-OchCTum008-E00526-585-HJLFCCCX2-L3-5H-B1_R2.fastq.gz
OchCTum009_Ex1-6A-lcwgs-1_RG-OchCTum009-E00526-585-HJLFCCCX2-L3-6A-B1	OchCTum009	Och-CTum_009	CTum	modern	Ex1-6A-lcwgs-1	RG-OchCTum009-E00526-585-HJLFCCCX2-L3-6A-B1	2nd	Och-CTum_009-Ex1-6A-lcwgs-1-1	/archive/carpenterlab/pire/pire_ostorhinchus_chrysopomus_lcwgs/2nd_sequencing_run/fq_raw/Och-CTum_009-Ex1-6A-lcwgs-1-1.1.fq.gz	/archive/carpenterlab/pire/pire_ostorhinchus_chrysopomus_lcwgs/2nd_sequencing_run/fq_raw/Och-CTum_009-Ex1-6A-lcwgs-1-1.2.fq.gz	data/symlinks/OchCTum009_Ex1-6A-lcwgs-1_RG-OchCTum009-E00526-585-HJLFCCCX2-L3-6A-B1_R1.fastq.gz	data/symlinks/OchCTum009_Ex1-6A-lcwgs-1_RG-OchCTum009-E00526-585-HJLFCCCX2-L3-6A-B1_R2.fastq.gz
OchCTum010_Ex1-6B-lcwgs-1_RG-OchCTum010-E00526-585-HJLFCCCX2-L3-6B-B1	OchCTum010	Och-CTum_010	CTum	modern	Ex1-6B-lcwgs-1	RG-OchCTum010-E00526-585-HJLFCCCX2-L3-6B-B1	2nd	Och-CTum_010-Ex1-6B-lcwgs-1-1	/archive/carpenterlab/pire/pire_ostorhinchus_chrysopomus_lcwgs/2nd_sequencing_run/fq_raw/Och-CTum_010-Ex1-6B-lcwgs-1-1.1.fq.gz	/archive/carpenterlab/pire/pire_ostorhinchus_chrysopomus_lcwgs/2nd_sequencing_run/fq_raw/Och-CTum_010-Ex1-6B-lcwgs-1-1.2.fq.gz	data/symlinks/OchCTum010_Ex1-6B-lcwgs-1_RG-OchCTum010-E00526-585-HJLFCCCX2-L3-6B-B1_R1.fastq.gz	data/symlinks/OchCTum010_Ex1-6B-lcwgs-1_RG-OchCTum010-E00526-585-HJLFCCCX2-L3-6B-B1_R2.fastq.gz
OchCTum011_Ex1-6C-lcwgs-1_RG-OchCTum011-E00526-585-HJLFCCCX2-L3-6C-B1	OchCTum011	Och-CTum_011	CTum	modern	Ex1-6C-lcwgs-1	RG-OchCTum011-E00526-585-HJLFCCCX2-L3-6C-B1	2nd	Och-CTum_011-Ex1-6C-lcwgs-1-1	/archive/carpenterlab/pire/pire_ostorhinchus_chrysopomus_lcwgs/2nd_sequencing_run/fq_raw/Och-CTum_011-Ex1-6C-lcwgs-1-1.1.fq.gz	/archive/carpenterlab/pire/pire_ostorhinchus_chrysopomus_lcwgs/2nd_sequencing_run/fq_raw/Och-CTum_011-Ex1-6C-lcwgs-1-1.2.fq.gz	data/symlinks/OchCTum011_Ex1-6C-lcwgs-1_RG-OchCTum011-E00526-585-HJLFCCCX2-L3-6C-B1_R1.fastq.gz	data/symlinks/OchCTum011_Ex1-6C-lcwgs-1_RG-OchCTum011-E00526-585-HJLFCCCX2-L3-6C-B1_R2.fastq.gz
OchCTum012_Ex1-6D-lcwgs-1_RG-OchCTum012-E00526-585-HJLFCCCX2-L3-6D-B1	OchCTum012	Och-CTum_012	CTum	modern	Ex1-6D-lcwgs-1	RG-OchCTum012-E00526-585-HJLFCCCX2-L3-6D-B1	2nd	Och-CTum_012-Ex1-6D-lcwgs-1-1	/archive/carpenterlab/pire/pire_ostorhinchus_chrysopomus_lcwgs/2nd_sequencing_run/fq_raw/Och-CTum_012-Ex1-6D-lcwgs-1-1.1.fq.gz	/archive/carpenterlab/pire/pire_ostorhinchus_chrysopomus_lcwgs/2nd_sequencing_run/fq_raw/Och-CTum_012-Ex1-6D-lcwgs-1-1.2.fq.gz	data/symlinks/OchCTum012_Ex1-6D-lcwgs-1_RG-OchCTum012-E00526-585-HJLFCCCX2-L3-6D-B1_R1.fastq.gz	data/symlinks/OchCTum012_Ex1-6D-lcwgs-1_RG-OchCTum012-E00526-585-HJLFCCCX2-L3-6D-B1_R2.fastq.gz
OchCTum013_Ex1-6E-lcwgs-1_RG-OchCTum013-E00526-585-HJLFCCCX2-L3-6E-B1	OchCTum013	Och-CTum_013	CTum	modern	Ex1-6E-lcwgs-1	RG-OchCTum013-E00526-585-HJLFCCCX2-L3-6E-B1	2nd	Och-CTum_013-Ex1-6E-lcwgs-1-1	/archive/carpenterlab/pire/pire_ostorhinchus_chrysopomus_lcwgs/2nd_sequencing_run/fq_raw/Och-CTum_013-Ex1-6E-lcwgs-1-1.1.fq.gz	/archive/carpenterlab/pire/pire_ostorhinchus_chrysopomus_lcwgs/2nd_sequencing_run/fq_raw/Och-CTum_013-Ex1-6E-lcwgs-1-1.2.fq.gz	data/symlinks/OchCTum013_Ex1-6E-lcwgs-1_RG-OchCTum013-E00526-585-HJLFCCCX2-L3-6E-B1_R1.fastq.gz	data/symlinks/OchCTum013_Ex1-6E-lcwgs-1_RG-OchCTum013-E00526-585-HJLFCCCX2-L3-6E-B1_R2.fastq.gz
OchCTum014_Ex1-6F-lcwgs-1_RG-OchCTum014-E00526-585-HJLFCCCX2-L3-6F-B1	OchCTum014	Och-CTum_014	CTum	modern	Ex1-6F-lcwgs-1	RG-OchCTum014-E00526-585-HJLFCCCX2-L3-6F-B1	2nd	Och-CTum_014-Ex1-6F-lcwgs-1-1	/archive/carpenterlab/pire/pire_ostorhinchus_chrysopomus_lcwgs/2nd_sequencing_run/fq_raw/Och-CTum_014-Ex1-6F-lcwgs-1-1.1.fq.gz	/archive/carpenterlab/pire/pire_ostorhinchus_chrysopomus_lcwgs/2nd_sequencing_run/fq_raw/Och-CTum_014-Ex1-6F-lcwgs-1-1.2.fq.gz	data/symlinks/OchCTum014_Ex1-6F-lcwgs-1_RG-OchCTum014-E00526-585-HJLFCCCX2-L3-6F-B1_R1.fastq.gz	data/symlinks/OchCTum014_Ex1-6F-lcwgs-1_RG-OchCTum014-E00526-585-HJLFCCCX2-L3-6F-B1_R2.fastq.gz
OchCTum015_Ex1-6G-lcwgs-1_RG-OchCTum015-E00526-585-HJLFCCCX2-L3-6G-B1	OchCTum015	Och-CTum_015	CTum	modern	Ex1-6G-lcwgs-1	RG-OchCTum015-E00526-585-HJLFCCCX2-L3-6G-B1	2nd	Och-CTum_015-Ex1-6G-lcwgs-1-1	/archive/carpenterlab/pire/pire_ostorhinchus_chrysopomus_lcwgs/2nd_sequencing_run/fq_raw/Och-CTum_015-Ex1-6G-lcwgs-1-1.1.fq.gz	/archive/carpenterlab/pire/pire_ostorhinchus_chrysopomus_lcwgs/2nd_sequencing_run/fq_raw/Och-CTum_015-Ex1-6G-lcwgs-1-1.2.fq.gz	data/symlinks/OchCTum015_Ex1-6G-lcwgs-1_RG-OchCTum015-E00526-585-HJLFCCCX2-L3-6G-B1_R1.fastq.gz	data/symlinks/OchCTum015_Ex1-6G-lcwgs-1_RG-OchCTum015-E00526-585-HJLFCCCX2-L3-6G-B1_R2.fastq.gz
OchCTum016_Ex1-6H-lcwgs-1_RG-OchCTum016-E00526-585-HJLFCCCX2-L3-6H-B1	OchCTum016	Och-CTum_016	CTum	modern	Ex1-6H-lcwgs-1	RG-OchCTum016-E00526-585-HJLFCCCX2-L3-6H-B1	2nd	Och-CTum_016-Ex1-6H-lcwgs-1-1	/archive/carpenterlab/pire/pire_ostorhinchus_chrysopomus_lcwgs/2nd_sequencing_run/fq_raw/Och-CTum_016-Ex1-6H-lcwgs-1-1.1.fq.gz	/archive/carpenterlab/pire/pire_ostorhinchus_chrysopomus_lcwgs/2nd_sequencing_run/fq_raw/Och-CTum_016-Ex1-6H-lcwgs-1-1.2.fq.gz	data/symlinks/OchCTum016_Ex1-6H-lcwgs-1_RG-OchCTum016-E00526-585-HJLFCCCX2-L3-6H-B1_R1.fastq.gz	data/symlinks/OchCTum016_Ex1-6H-lcwgs-1_RG-OchCTum016-E00526-585-HJLFCCCX2-L3-6H-B1_R2.fastq.gz
OchCTum017_Ex1-7A-lcwgs-1_RG-OchCTum017-E00526-585-HJLFCCCX2-L3-7A-B1	OchCTum017	Och-CTum_017	CTum	modern	Ex1-7A-lcwgs-1	RG-OchCTum017-E00526-585-HJLFCCCX2-L3-7A-B1	2nd	Och-CTum_017-Ex1-7A-lcwgs-1-1	/archive/carpenterlab/pire/pire_ostorhinchus_chrysopomus_lcwgs/2nd_sequencing_run/fq_raw/Och-CTum_017-Ex1-7A-lcwgs-1-1.1.fq.gz	/archive/carpenterlab/pire/pire_ostorhinchus_chrysopomus_lcwgs/2nd_sequencing_run/fq_raw/Och-CTum_017-Ex1-7A-lcwgs-1-1.2.fq.gz	data/symlinks/OchCTum017_Ex1-7A-lcwgs-1_RG-OchCTum017-E00526-585-HJLFCCCX2-L3-7A-B1_R1.fastq.gz	data/symlinks/OchCTum017_Ex1-7A-lcwgs-1_RG-OchCTum017-E00526-585-HJLFCCCX2-L3-7A-B1_R2.fastq.gz
OchCTum018_Ex1-7B-lcwgs-1_RG-OchCTum018-E00526-585-HJLFCCCX2-L3-7B-B1	OchCTum018	Och-CTum_018	CTum	modern	Ex1-7B-lcwgs-1	RG-OchCTum018-E00526-585-HJLFCCCX2-L3-7B-B1	2nd	Och-CTum_018-Ex1-7B-lcwgs-1-1	/archive/carpenterlab/pire/pire_ostorhinchus_chrysopomus_lcwgs/2nd_sequencing_run/fq_raw/Och-CTum_018-Ex1-7B-lcwgs-1-1.1.fq.gz	/archive/carpenterlab/pire/pire_ostorhinchus_chrysopomus_lcwgs/2nd_sequencing_run/fq_raw/Och-CTum_018-Ex1-7B-lcwgs-1-1.2.fq.gz	data/symlinks/OchCTum018_Ex1-7B-lcwgs-1_RG-OchCTum018-E00526-585-HJLFCCCX2-L3-7B-B1_R1.fastq.gz	data/symlinks/OchCTum018_Ex1-7B-lcwgs-1_RG-OchCTum018-E00526-585-HJLFCCCX2-L3-7B-B1_R2.fastq.gz
OchCTum019_Ex1-7C-lcwgs-1_RG-OchCTum019-E00526-585-HJLFCCCX2-L3-7C-B1	OchCTum019	Och-CTum_019	CTum	modern	Ex1-7C-lcwgs-1	RG-OchCTum019-E00526-585-HJLFCCCX2-L3-7C-B1	2nd	Och-CTum_019-Ex1-7C-lcwgs-1-1	/archive/carpenterlab/pire/pire_ostorhinchus_chrysopomus_lcwgs/2nd_sequencing_run/fq_raw/Och-CTum_019-Ex1-7C-lcwgs-1-1.1.fq.gz	/archive/carpenterlab/pire/pire_ostorhinchus_chrysopomus_lcwgs/2nd_sequencing_run/fq_raw/Och-CTum_019-Ex1-7C-lcwgs-1-1.2.fq.gz	data/symlinks/OchCTum019_Ex1-7C-lcwgs-1_RG-OchCTum019-E00526-585-HJLFCCCX2-L3-7C-B1_R1.fastq.gz	data/symlinks/OchCTum019_Ex1-7C-lcwgs-1_RG-OchCTum019-E00526-585-HJLFCCCX2-L3-7C-B1_R2.fastq.gz
OchCTum020_Ex1-7D-lcwgs-1_RG-OchCTum020-E00526-585-HJLFCCCX2-L3-7D-B1	OchCTum020	Och-CTum_020	CTum	modern	Ex1-7D-lcwgs-1	RG-OchCTum020-E00526-585-HJLFCCCX2-L3-7D-B1	2nd	Och-CTum_020-Ex1-7D-lcwgs-1-1	/archive/carpenterlab/pire/pire_ostorhinchus_chrysopomus_lcwgs/2nd_sequencing_run/fq_raw/Och-CTum_020-Ex1-7D-lcwgs-1-1.1.fq.gz	/archive/carpenterlab/pire/pire_ostorhinchus_chrysopomus_lcwgs/2nd_sequencing_run/fq_raw/Och-CTum_020-Ex1-7D-lcwgs-1-1.2.fq.gz	data/symlinks/OchCTum020_Ex1-7D-lcwgs-1_RG-OchCTum020-E00526-585-HJLFCCCX2-L3-7D-B1_R1.fastq.gz	data/symlinks/OchCTum020_Ex1-7D-lcwgs-1_RG-OchCTum020-E00526-585-HJLFCCCX2-L3-7D-B1_R2.fastq.gz
OchCTum021_Ex1-7E-lcwgs-1_RG-OchCTum021-E00526-585-HJLFCCCX2-L3-7E-B1	OchCTum021	Och-CTum_021	CTum	modern	Ex1-7E-lcwgs-1	RG-OchCTum021-E00526-585-HJLFCCCX2-L3-7E-B1	2nd	Och-CTum_021-Ex1-7E-lcwgs-1-1	/archive/carpenterlab/pire/pire_ostorhinchus_chrysopomus_lcwgs/2nd_sequencing_run/fq_raw/Och-CTum_021-Ex1-7E-lcwgs-1-1.1.fq.gz	/archive/carpenterlab/pire/pire_ostorhinchus_chrysopomus_lcwgs/2nd_sequencing_run/fq_raw/Och-CTum_021-Ex1-7E-lcwgs-1-1.2.fq.gz	data/symlinks/OchCTum021_Ex1-7E-lcwgs-1_RG-OchCTum021-E00526-585-HJLFCCCX2-L3-7E-B1_R1.fastq.gz	data/symlinks/OchCTum021_Ex1-7E-lcwgs-1_RG-OchCTum021-E00526-585-HJLFCCCX2-L3-7E-B1_R2.fastq.gz
OchCTum022_Ex1-7F-lcwgs-1_RG-OchCTum022-E00526-585-HJLFCCCX2-L3-7F-B1	OchCTum022	Och-CTum_022	CTum	modern	Ex1-7F-lcwgs-1	RG-OchCTum022-E00526-585-HJLFCCCX2-L3-7F-B1	2nd	Och-CTum_022-Ex1-7F-lcwgs-1-1	/archive/carpenterlab/pire/pire_ostorhinchus_chrysopomus_lcwgs/2nd_sequencing_run/fq_raw/Och-CTum_022-Ex1-7F-lcwgs-1-1.1.fq.gz	/archive/carpenterlab/pire/pire_ostorhinchus_chrysopomus_lcwgs/2nd_sequencing_run/fq_raw/Och-CTum_022-Ex1-7F-lcwgs-1-1.2.fq.gz	data/symlinks/OchCTum022_Ex1-7F-lcwgs-1_RG-OchCTum022-E00526-585-HJLFCCCX2-L3-7F-B1_R1.fastq.gz	data/symlinks/OchCTum022_Ex1-7F-lcwgs-1_RG-OchCTum022-E00526-585-HJLFCCCX2-L3-7F-B1_R2.fastq.gz
OchCTum023_Ex1-7G-lcwgs-1_RG-OchCTum023-E00526-585-HJLFCCCX2-L3-7G-B1	OchCTum023	Och-CTum_023	CTum	modern	Ex1-7G-lcwgs-1	RG-OchCTum023-E00526-585-HJLFCCCX2-L3-7G-B1	2nd	Och-CTum_023-Ex1-7G-lcwgs-1-1	/archive/carpenterlab/pire/pire_ostorhinchus_chrysopomus_lcwgs/2nd_sequencing_run/fq_raw/Och-CTum_023-Ex1-7G-lcwgs-1-1.1.fq.gz	/archive/carpenterlab/pire/pire_ostorhinchus_chrysopomus_lcwgs/2nd_sequencing_run/fq_raw/Och-CTum_023-Ex1-7G-lcwgs-1-1.2.fq.gz	data/symlinks/OchCTum023_Ex1-7G-lcwgs-1_RG-OchCTum023-E00526-585-HJLFCCCX2-L3-7G-B1_R1.fastq.gz	data/symlinks/OchCTum023_Ex1-7G-lcwgs-1_RG-OchCTum023-E00526-585-HJLFCCCX2-L3-7G-B1_R2.fastq.gz
OchCTum024_Ex1-7H-lcwgs-1_RG-OchCTum024-E00526-585-HJLFCCCX2-L3-7H-B1	OchCTum024	Och-CTum_024	CTum	modern	Ex1-7H-lcwgs-1	RG-OchCTum024-E00526-585-HJLFCCCX2-L3-7H-B1	2nd	Och-CTum_024-Ex1-7H-lcwgs-1-1	/archive/carpenterlab/pire/pire_ostorhinchus_chrysopomus_lcwgs/2nd_sequencing_run/fq_raw/Och-CTum_024-Ex1-7H-lcwgs-1-1.1.fq.gz	/archive/carpenterlab/pire/pire_ostorhinchus_chrysopomus_lcwgs/2nd_sequencing_run/fq_raw/Och-CTum_024-Ex1-7H-lcwgs-1-1.2.fq.gz	data/symlinks/OchCTum024_Ex1-7H-lcwgs-1_RG-OchCTum024-E00526-585-HJLFCCCX2-L3-7H-B1_R1.fastq.gz	data/symlinks/OchCTum024_Ex1-7H-lcwgs-1_RG-OchCTum024-E00526-585-HJLFCCCX2-L3-7H-B1_R2.fastq.gz
OchCTum025_Ex1-8A-lcwgs-1_RG-OchCTum025-E00526-585-HJLFCCCX2-L3-8A-B1	OchCTum025	Och-CTum_025	CTum	modern	Ex1-8A-lcwgs-1	RG-OchCTum025-E00526-585-HJLFCCCX2-L3-8A-B1	2nd	Och-CTum_025-Ex1-8A-lcwgs-1-1	/archive/carpenterlab/pire/pire_ostorhinchus_chrysopomus_lcwgs/2nd_sequencing_run/fq_raw/Och-CTum_025-Ex1-8A-lcwgs-1-1.1.fq.gz	/archive/carpenterlab/pire/pire_ostorhinchus_chrysopomus_lcwgs/2nd_sequencing_run/fq_raw/Och-CTum_025-Ex1-8A-lcwgs-1-1.2.fq.gz	data/symlinks/OchCTum025_Ex1-8A-lcwgs-1_RG-OchCTum025-E00526-585-HJLFCCCX2-L3-8A-B1_R1.fastq.gz	data/symlinks/OchCTum025_Ex1-8A-lcwgs-1_RG-OchCTum025-E00526-585-HJLFCCCX2-L3-8A-B1_R2.fastq.gz
OchCTum026_Ex1-8B-lcwgs-1_RG-OchCTum026-E00526-585-HJLFCCCX2-L3-8B-B1	OchCTum026	Och-CTum_026	CTum	modern	Ex1-8B-lcwgs-1	RG-OchCTum026-E00526-585-HJLFCCCX2-L3-8B-B1	2nd	Och-CTum_026-Ex1-8B-lcwgs-1-1	/archive/carpenterlab/pire/pire_ostorhinchus_chrysopomus_lcwgs/2nd_sequencing_run/fq_raw/Och-CTum_026-Ex1-8B-lcwgs-1-1.1.fq.gz	/archive/carpenterlab/pire/pire_ostorhinchus_chrysopomus_lcwgs/2nd_sequencing_run/fq_raw/Och-CTum_026-Ex1-8B-lcwgs-1-1.2.fq.gz	data/symlinks/OchCTum026_Ex1-8B-lcwgs-1_RG-OchCTum026-E00526-585-HJLFCCCX2-L3-8B-B1_R1.fastq.gz	data/symlinks/OchCTum026_Ex1-8B-lcwgs-1_RG-OchCTum026-E00526-585-HJLFCCCX2-L3-8B-B1_R2.fastq.gz
OchCTum027_Ex1-8C-lcwgs-1_RG-OchCTum027-E00526-585-HJLFCCCX2-L3-8C-B1	OchCTum027	Och-CTum_027	CTum	modern	Ex1-8C-lcwgs-1	RG-OchCTum027-E00526-585-HJLFCCCX2-L3-8C-B1	2nd	Och-CTum_027-Ex1-8C-lcwgs-1-1	/archive/carpenterlab/pire/pire_ostorhinchus_chrysopomus_lcwgs/2nd_sequencing_run/fq_raw/Och-CTum_027-Ex1-8C-lcwgs-1-1.1.fq.gz	/archive/carpenterlab/pire/pire_ostorhinchus_chrysopomus_lcwgs/2nd_sequencing_run/fq_raw/Och-CTum_027-Ex1-8C-lcwgs-1-1.2.fq.gz	data/symlinks/OchCTum027_Ex1-8C-lcwgs-1_RG-OchCTum027-E00526-585-HJLFCCCX2-L3-8C-B1_R1.fastq.gz	data/symlinks/OchCTum027_Ex1-8C-lcwgs-1_RG-OchCTum027-E00526-585-HJLFCCCX2-L3-8C-B1_R2.fastq.gz
OchCTum028_Ex1-8D-lcwgs-1_RG-OchCTum028-E00526-585-HJLFCCCX2-L3-8D-B1	OchCTum028	Och-CTum_028	CTum	modern	Ex1-8D-lcwgs-1	RG-OchCTum028-E00526-585-HJLFCCCX2-L3-8D-B1	2nd	Och-CTum_028-Ex1-8D-lcwgs-1-1	/archive/carpenterlab/pire/pire_ostorhinchus_chrysopomus_lcwgs/2nd_sequencing_run/fq_raw/Och-CTum_028-Ex1-8D-lcwgs-1-1.1.fq.gz	/archive/carpenterlab/pire/pire_ostorhinchus_chrysopomus_lcwgs/2nd_sequencing_run/fq_raw/Och-CTum_028-Ex1-8D-lcwgs-1-1.2.fq.gz	data/symlinks/OchCTum028_Ex1-8D-lcwgs-1_RG-OchCTum028-E00526-585-HJLFCCCX2-L3-8D-B1_R1.fastq.gz	data/symlinks/OchCTum028_Ex1-8D-lcwgs-1_RG-OchCTum028-E00526-585-HJLFCCCX2-L3-8D-B1_R2.fastq.gz
OchCTum029_Ex1-8E-lcwgs-1_RG-OchCTum029-E00526-585-HJLFCCCX2-L3-8E-B1	OchCTum029	Och-CTum_029	CTum	modern	Ex1-8E-lcwgs-1	RG-OchCTum029-E00526-585-HJLFCCCX2-L3-8E-B1	2nd	Och-CTum_029-Ex1-8E-lcwgs-1-1	/archive/carpenterlab/pire/pire_ostorhinchus_chrysopomus_lcwgs/2nd_sequencing_run/fq_raw/Och-CTum_029-Ex1-8E-lcwgs-1-1.1.fq.gz	/archive/carpenterlab/pire/pire_ostorhinchus_chrysopomus_lcwgs/2nd_sequencing_run/fq_raw/Och-CTum_029-Ex1-8E-lcwgs-1-1.2.fq.gz	data/symlinks/OchCTum029_Ex1-8E-lcwgs-1_RG-OchCTum029-E00526-585-HJLFCCCX2-L3-8E-B1_R1.fastq.gz	data/symlinks/OchCTum029_Ex1-8E-lcwgs-1_RG-OchCTum029-E00526-585-HJLFCCCX2-L3-8E-B1_R2.fastq.gz
OchCTum030_Ex1-8F-lcwgs-1_RG-OchCTum030-E00526-585-HJLFCCCX2-L3-8F-B1	OchCTum030	Och-CTum_030	CTum	modern	Ex1-8F-lcwgs-1	RG-OchCTum030-E00526-585-HJLFCCCX2-L3-8F-B1	2nd	Och-CTum_030-Ex1-8F-lcwgs-1-1	/archive/carpenterlab/pire/pire_ostorhinchus_chrysopomus_lcwgs/2nd_sequencing_run/fq_raw/Och-CTum_030-Ex1-8F-lcwgs-1-1.1.fq.gz	/archive/carpenterlab/pire/pire_ostorhinchus_chrysopomus_lcwgs/2nd_sequencing_run/fq_raw/Och-CTum_030-Ex1-8F-lcwgs-1-1.2.fq.gz	data/symlinks/OchCTum030_Ex1-8F-lcwgs-1_RG-OchCTum030-E00526-585-HJLFCCCX2-L3-8F-B1_R1.fastq.gz	data/symlinks/OchCTum030_Ex1-8F-lcwgs-1_RG-OchCTum030-E00526-585-HJLFCCCX2-L3-8F-B1_R2.fastq.gz
OchCTum031_Ex1-8G-lcwgs-1_RG-OchCTum031-E00526-585-HJLFCCCX2-L3-8G-B1	OchCTum031	Och-CTum_031	CTum	modern	Ex1-8G-lcwgs-1	RG-OchCTum031-E00526-585-HJLFCCCX2-L3-8G-B1	2nd	Och-CTum_031-Ex1-8G-lcwgs-1-1	/archive/carpenterlab/pire/pire_ostorhinchus_chrysopomus_lcwgs/2nd_sequencing_run/fq_raw/Och-CTum_031-Ex1-8G-lcwgs-1-1.1.fq.gz	/archive/carpenterlab/pire/pire_ostorhinchus_chrysopomus_lcwgs/2nd_sequencing_run/fq_raw/Och-CTum_031-Ex1-8G-lcwgs-1-1.2.fq.gz	data/symlinks/OchCTum031_Ex1-8G-lcwgs-1_RG-OchCTum031-E00526-585-HJLFCCCX2-L3-8G-B1_R1.fastq.gz	data/symlinks/OchCTum031_Ex1-8G-lcwgs-1_RG-OchCTum031-E00526-585-HJLFCCCX2-L3-8G-B1_R2.fastq.gz
OchCTum032_Ex1-8H-lcwgs-1_RG-OchCTum032-E00526-585-HJLFCCCX2-L3-8H-B1	OchCTum032	Och-CTum_032	CTum	modern	Ex1-8H-lcwgs-1	RG-OchCTum032-E00526-585-HJLFCCCX2-L3-8H-B1	2nd	Och-CTum_032-Ex1-8H-lcwgs-1-1	/archive/carpenterlab/pire/pire_ostorhinchus_chrysopomus_lcwgs/2nd_sequencing_run/fq_raw/Och-CTum_032-Ex1-8H-lcwgs-1-1.1.fq.gz	/archive/carpenterlab/pire/pire_ostorhinchus_chrysopomus_lcwgs/2nd_sequencing_run/fq_raw/Och-CTum_032-Ex1-8H-lcwgs-1-1.2.fq.gz	data/symlinks/OchCTum032_Ex1-8H-lcwgs-1_RG-OchCTum032-E00526-585-HJLFCCCX2-L3-8H-B1_R1.fastq.gz	data/symlinks/OchCTum032_Ex1-8H-lcwgs-1_RG-OchCTum032-E00526-585-HJLFCCCX2-L3-8H-B1_R2.fastq.gz
OchCTum033_Ex1-9A-lcwgs-1_RG-OchCTum033-E00526-585-HJLFCCCX2-L3-9A-B1	OchCTum033	Och-CTum_033	CTum	modern	Ex1-9A-lcwgs-1	RG-OchCTum033-E00526-585-HJLFCCCX2-L3-9A-B1	2nd	Och-CTum_033-Ex1-9A-lcwgs-1-1	/archive/carpenterlab/pire/pire_ostorhinchus_chrysopomus_lcwgs/2nd_sequencing_run/fq_raw/Och-CTum_033-Ex1-9A-lcwgs-1-1.1.fq.gz	/archive/carpenterlab/pire/pire_ostorhinchus_chrysopomus_lcwgs/2nd_sequencing_run/fq_raw/Och-CTum_033-Ex1-9A-lcwgs-1-1.2.fq.gz	data/symlinks/OchCTum033_Ex1-9A-lcwgs-1_RG-OchCTum033-E00526-585-HJLFCCCX2-L3-9A-B1_R1.fastq.gz	data/symlinks/OchCTum033_Ex1-9A-lcwgs-1_RG-OchCTum033-E00526-585-HJLFCCCX2-L3-9A-B1_R2.fastq.gz
OchCTum034_Ex1-9B-lcwgs-1_RG-OchCTum034-E00526-585-HJLFCCCX2-L3-9B-B1	OchCTum034	Och-CTum_034	CTum	modern	Ex1-9B-lcwgs-1	RG-OchCTum034-E00526-585-HJLFCCCX2-L3-9B-B1	2nd	Och-CTum_034-Ex1-9B-lcwgs-1-1	/archive/carpenterlab/pire/pire_ostorhinchus_chrysopomus_lcwgs/2nd_sequencing_run/fq_raw/Och-CTum_034-Ex1-9B-lcwgs-1-1.1.fq.gz	/archive/carpenterlab/pire/pire_ostorhinchus_chrysopomus_lcwgs/2nd_sequencing_run/fq_raw/Och-CTum_034-Ex1-9B-lcwgs-1-1.2.fq.gz	data/symlinks/OchCTum034_Ex1-9B-lcwgs-1_RG-OchCTum034-E00526-585-HJLFCCCX2-L3-9B-B1_R1.fastq.gz	data/symlinks/OchCTum034_Ex1-9B-lcwgs-1_RG-OchCTum034-E00526-585-HJLFCCCX2-L3-9B-B1_R2.fastq.gz
OchCTum035_Ex1-9C-lcwgs-1_RG-OchCTum035-E00526-585-HJLFCCCX2-L3-9C-B1	OchCTum035	Och-CTum_035	CTum	modern	Ex1-9C-lcwgs-1	RG-OchCTum035-E00526-585-HJLFCCCX2-L3-9C-B1	2nd	Och-CTum_035-Ex1-9C-lcwgs-1-1	/archive/carpenterlab/pire/pire_ostorhinchus_chrysopomus_lcwgs/2nd_sequencing_run/fq_raw/Och-CTum_035-Ex1-9C-lcwgs-1-1.1.fq.gz	/archive/carpenterlab/pire/pire_ostorhinchus_chrysopomus_lcwgs/2nd_sequencing_run/fq_raw/Och-CTum_035-Ex1-9C-lcwgs-1-1.2.fq.gz	data/symlinks/OchCTum035_Ex1-9C-lcwgs-1_RG-OchCTum035-E00526-585-HJLFCCCX2-L3-9C-B1_R1.fastq.gz	data/symlinks/OchCTum035_Ex1-9C-lcwgs-1_RG-OchCTum035-E00526-585-HJLFCCCX2-L3-9C-B1_R2.fastq.gz
OchCTum036_Ex1-9D-lcwgs-1_RG-OchCTum036-E00526-585-HJLFCCCX2-L3-9D-B1	OchCTum036	Och-CTum_036	CTum	modern	Ex1-9D-lcwgs-1	RG-OchCTum036-E00526-585-HJLFCCCX2-L3-9D-B1	2nd	Och-CTum_036-Ex1-9D-lcwgs-1-1	/archive/carpenterlab/pire/pire_ostorhinchus_chrysopomus_lcwgs/2nd_sequencing_run/fq_raw/Och-CTum_036-Ex1-9D-lcwgs-1-1.1.fq.gz	/archive/carpenterlab/pire/pire_ostorhinchus_chrysopomus_lcwgs/2nd_sequencing_run/fq_raw/Och-CTum_036-Ex1-9D-lcwgs-1-1.2.fq.gz	data/symlinks/OchCTum036_Ex1-9D-lcwgs-1_RG-OchCTum036-E00526-585-HJLFCCCX2-L3-9D-B1_R1.fastq.gz	data/symlinks/OchCTum036_Ex1-9D-lcwgs-1_RG-OchCTum036-E00526-585-HJLFCCCX2-L3-9D-B1_R2.fastq.gz
OchCTum037_Ex1-9E-lcwgs-1_RG-OchCTum037-E00526-585-HJLFCCCX2-L3-9E-B1	OchCTum037	Och-CTum_037	CTum	modern	Ex1-9E-lcwgs-1	RG-OchCTum037-E00526-585-HJLFCCCX2-L3-9E-B1	2nd	Och-CTum_037-Ex1-9E-lcwgs-1-1	/archive/carpenterlab/pire/pire_ostorhinchus_chrysopomus_lcwgs/2nd_sequencing_run/fq_raw/Och-CTum_037-Ex1-9E-lcwgs-1-1.1.fq.gz	/archive/carpenterlab/pire/pire_ostorhinchus_chrysopomus_lcwgs/2nd_sequencing_run/fq_raw/Och-CTum_037-Ex1-9E-lcwgs-1-1.2.fq.gz	data/symlinks/OchCTum037_Ex1-9E-lcwgs-1_RG-OchCTum037-E00526-585-HJLFCCCX2-L3-9E-B1_R1.fastq.gz	data/symlinks/OchCTum037_Ex1-9E-lcwgs-1_RG-OchCTum037-E00526-585-HJLFCCCX2-L3-9E-B1_R2.fastq.gz
OchCTum038_Ex1-9F-lcwgs-1_RG-OchCTum038-E00526-585-HJLFCCCX2-L3-9F-B1	OchCTum038	Och-CTum_038	CTum	modern	Ex1-9F-lcwgs-1	RG-OchCTum038-E00526-585-HJLFCCCX2-L3-9F-B1	2nd	Och-CTum_038-Ex1-9F-lcwgs-1-1	/archive/carpenterlab/pire/pire_ostorhinchus_chrysopomus_lcwgs/2nd_sequencing_run/fq_raw/Och-CTum_038-Ex1-9F-lcwgs-1-1.1.fq.gz	/archive/carpenterlab/pire/pire_ostorhinchus_chrysopomus_lcwgs/2nd_sequencing_run/fq_raw/Och-CTum_038-Ex1-9F-lcwgs-1-1.2.fq.gz	data/symlinks/OchCTum038_Ex1-9F-lcwgs-1_RG-OchCTum038-E00526-585-HJLFCCCX2-L3-9F-B1_R1.fastq.gz	data/symlinks/OchCTum038_Ex1-9F-lcwgs-1_RG-OchCTum038-E00526-585-HJLFCCCX2-L3-9F-B1_R2.fastq.gz
OchCTum039_Ex1-9G-lcwgs-1_RG-OchCTum039-E00526-585-HJLFCCCX2-L3-9G-B1	OchCTum039	Och-CTum_039	CTum	modern	Ex1-9G-lcwgs-1	RG-OchCTum039-E00526-585-HJLFCCCX2-L3-9G-B1	2nd	Och-CTum_039-Ex1-9G-lcwgs-1-1	/archive/carpenterlab/pire/pire_ostorhinchus_chrysopomus_lcwgs/2nd_sequencing_run/fq_raw/Och-CTum_039-Ex1-9G-lcwgs-1-1.1.fq.gz	/archive/carpenterlab/pire/pire_ostorhinchus_chrysopomus_lcwgs/2nd_sequencing_run/fq_raw/Och-CTum_039-Ex1-9G-lcwgs-1-1.2.fq.gz	data/symlinks/OchCTum039_Ex1-9G-lcwgs-1_RG-OchCTum039-E00526-585-HJLFCCCX2-L3-9G-B1_R1.fastq.gz	data/symlinks/OchCTum039_Ex1-9G-lcwgs-1_RG-OchCTum039-E00526-585-HJLFCCCX2-L3-9G-B1_R2.fastq.gz
OchCTum040_Ex1-9H-lcwgs-1_RG-OchCTum040-E00526-585-HJLFCCCX2-L3-9H-B1	OchCTum040	Och-CTum_040	CTum	modern	Ex1-9H-lcwgs-1	RG-OchCTum040-E00526-585-HJLFCCCX2-L3-9H-B1	2nd	Och-CTum_040-Ex1-9H-lcwgs-1-1	/archive/carpenterlab/pire/pire_ostorhinchus_chrysopomus_lcwgs/2nd_sequencing_run/fq_raw/Och-CTum_040-Ex1-9H-lcwgs-1-1.1.fq.gz	/archive/carpenterlab/pire/pire_ostorhinchus_chrysopomus_lcwgs/2nd_sequencing_run/fq_raw/Och-CTum_040-Ex1-9H-lcwgs-1-1.2.fq.gz	data/symlinks/OchCTum040_Ex1-9H-lcwgs-1_RG-OchCTum040-E00526-585-HJLFCCCX2-L3-9H-B1_R1.fastq.gz	data/symlinks/OchCTum040_Ex1-9H-lcwgs-1_RG-OchCTum040-E00526-585-HJLFCCCX2-L3-9H-B1_R2.fastq.gz
OchCTum041_Ex1-10A-lcwgs-1_RG-OchCTum041-E00526-585-HJLFCCCX2-L3-10A-B1	OchCTum041	Och-CTum_041	CTum	modern	Ex1-10A-lcwgs-1	RG-OchCTum041-E00526-585-HJLFCCCX2-L3-10A-B1	2nd	Och-CTum_041-Ex1-10A-lcwgs-1-1	/archive/carpenterlab/pire/pire_ostorhinchus_chrysopomus_lcwgs/2nd_sequencing_run/fq_raw/Och-CTum_041-Ex1-10A-lcwgs-1-1.1.fq.gz	/archive/carpenterlab/pire/pire_ostorhinchus_chrysopomus_lcwgs/2nd_sequencing_run/fq_raw/Och-CTum_041-Ex1-10A-lcwgs-1-1.2.fq.gz	data/symlinks/OchCTum041_Ex1-10A-lcwgs-1_RG-OchCTum041-E00526-585-HJLFCCCX2-L3-10A-B1_R1.fastq.gz	data/symlinks/OchCTum041_Ex1-10A-lcwgs-1_RG-OchCTum041-E00526-585-HJLFCCCX2-L3-10A-B1_R2.fastq.gz
OchCTum042_Ex1-10B-lcwgs-1_RG-OchCTum042-E00526-585-HJLFCCCX2-L3-10B-B1	OchCTum042	Och-CTum_042	CTum	modern	Ex1-10B-lcwgs-1	RG-OchCTum042-E00526-585-HJLFCCCX2-L3-10B-B1	2nd	Och-CTum_042-Ex1-10B-lcwgs-1-1	/archive/carpenterlab/pire/pire_ostorhinchus_chrysopomus_lcwgs/2nd_sequencing_run/fq_raw/Och-CTum_042-Ex1-10B-lcwgs-1-1.1.fq.gz	/archive/carpenterlab/pire/pire_ostorhinchus_chrysopomus_lcwgs/2nd_sequencing_run/fq_raw/Och-CTum_042-Ex1-10B-lcwgs-1-1.2.fq.gz	data/symlinks/OchCTum042_Ex1-10B-lcwgs-1_RG-OchCTum042-E00526-585-HJLFCCCX2-L3-10B-B1_R1.fastq.gz	data/symlinks/OchCTum042_Ex1-10B-lcwgs-1_RG-OchCTum042-E00526-585-HJLFCCCX2-L3-10B-B1_R2.fastq.gz
OchCTum043_Ex1-10C-lcwgs-1_RG-OchCTum043-E00526-585-HJLFCCCX2-L3-10C-B1	OchCTum043	Och-CTum_043	CTum	modern	Ex1-10C-lcwgs-1	RG-OchCTum043-E00526-585-HJLFCCCX2-L3-10C-B1	2nd	Och-CTum_043-Ex1-10C-lcwgs-1-1	/archive/carpenterlab/pire/pire_ostorhinchus_chrysopomus_lcwgs/2nd_sequencing_run/fq_raw/Och-CTum_043-Ex1-10C-lcwgs-1-1.1.fq.gz	/archive/carpenterlab/pire/pire_ostorhinchus_chrysopomus_lcwgs/2nd_sequencing_run/fq_raw/Och-CTum_043-Ex1-10C-lcwgs-1-1.2.fq.gz	data/symlinks/OchCTum043_Ex1-10C-lcwgs-1_RG-OchCTum043-E00526-585-HJLFCCCX2-L3-10C-B1_R1.fastq.gz	data/symlinks/OchCTum043_Ex1-10C-lcwgs-1_RG-OchCTum043-E00526-585-HJLFCCCX2-L3-10C-B1_R2.fastq.gz
OchCTum044_Ex1-10D-lcwgs-1_RG-OchCTum044-E00526-585-HJLFCCCX2-L3-10D-B1	OchCTum044	Och-CTum_044	CTum	modern	Ex1-10D-lcwgs-1	RG-OchCTum044-E00526-585-HJLFCCCX2-L3-10D-B1	2nd	Och-CTum_044-Ex1-10D-lcwgs-1-1	/archive/carpenterlab/pire/pire_ostorhinchus_chrysopomus_lcwgs/2nd_sequencing_run/fq_raw/Och-CTum_044-Ex1-10D-lcwgs-1-1.1.fq.gz	/archive/carpenterlab/pire/pire_ostorhinchus_chrysopomus_lcwgs/2nd_sequencing_run/fq_raw/Och-CTum_044-Ex1-10D-lcwgs-1-1.2.fq.gz	data/symlinks/OchCTum044_Ex1-10D-lcwgs-1_RG-OchCTum044-E00526-585-HJLFCCCX2-L3-10D-B1_R1.fastq.gz	data/symlinks/OchCTum044_Ex1-10D-lcwgs-1_RG-OchCTum044-E00526-585-HJLFCCCX2-L3-10D-B1_R2.fastq.gz
OchCTum045_Ex1-10E-lcwgs-1_RG-OchCTum045-E00526-585-HJLFCCCX2-L3-10E-B1	OchCTum045	Och-CTum_045	CTum	modern	Ex1-10E-lcwgs-1	RG-OchCTum045-E00526-585-HJLFCCCX2-L3-10E-B1	2nd	Och-CTum_045-Ex1-10E-lcwgs-1-1	/archive/carpenterlab/pire/pire_ostorhinchus_chrysopomus_lcwgs/2nd_sequencing_run/fq_raw/Och-CTum_045-Ex1-10E-lcwgs-1-1.1.fq.gz	/archive/carpenterlab/pire/pire_ostorhinchus_chrysopomus_lcwgs/2nd_sequencing_run/fq_raw/Och-CTum_045-Ex1-10E-lcwgs-1-1.2.fq.gz	data/symlinks/OchCTum045_Ex1-10E-lcwgs-1_RG-OchCTum045-E00526-585-HJLFCCCX2-L3-10E-B1_R1.fastq.gz	data/symlinks/OchCTum045_Ex1-10E-lcwgs-1_RG-OchCTum045-E00526-585-HJLFCCCX2-L3-10E-B1_R2.fastq.gz
OchCTum047_Ex1-10G-lcwgs-1_RG-OchCTum047-E00526-585-HJLFCCCX2-L3-10G-B1	OchCTum047	Och-CTum_047	CTum	modern	Ex1-10G-lcwgs-1	RG-OchCTum047-E00526-585-HJLFCCCX2-L3-10G-B1	2nd	Och-CTum_047-Ex1-10G-lcwgs-1-1	/archive/carpenterlab/pire/pire_ostorhinchus_chrysopomus_lcwgs/2nd_sequencing_run/fq_raw/Och-CTum_047-Ex1-10G-lcwgs-1-1.1.fq.gz	/archive/carpenterlab/pire/pire_ostorhinchus_chrysopomus_lcwgs/2nd_sequencing_run/fq_raw/Och-CTum_047-Ex1-10G-lcwgs-1-1.2.fq.gz	data/symlinks/OchCTum047_Ex1-10G-lcwgs-1_RG-OchCTum047-E00526-585-HJLFCCCX2-L3-10G-B1_R1.fastq.gz	data/symlinks/OchCTum047_Ex1-10G-lcwgs-1_RG-OchCTum047-E00526-585-HJLFCCCX2-L3-10G-B1_R2.fastq.gz
OchCTum048_Ex1-10H-lcwgs-1_RG-OchCTum048-E00526-585-HJLFCCCX2-L3-10H-B1	OchCTum048	Och-CTum_048	CTum	modern	Ex1-10H-lcwgs-1	RG-OchCTum048-E00526-585-HJLFCCCX2-L3-10H-B1	2nd	Och-CTum_048-Ex1-10H-lcwgs-1-1	/archive/carpenterlab/pire/pire_ostorhinchus_chrysopomus_lcwgs/2nd_sequencing_run/fq_raw/Och-CTum_048-Ex1-10H-lcwgs-1-1.1.fq.gz	/archive/carpenterlab/pire/pire_ostorhinchus_chrysopomus_lcwgs/2nd_sequencing_run/fq_raw/Och-CTum_048-Ex1-10H-lcwgs-1-1.2.fq.gz	data/symlinks/OchCTum048_Ex1-10H-lcwgs-1_RG-OchCTum048-E00526-585-HJLFCCCX2-L3-10H-B1_R1.fastq.gz	data/symlinks/OchCTum048_Ex1-10H-lcwgs-1_RG-OchCTum048-E00526-585-HJLFCCCX2-L3-10H-B1_R2.fastq.gz
OchCTum049_Ex1-11A-lcwgs-1_RG-OchCTum049-E00526-585-HJLFCCCX2-L3-11A-B1	OchCTum049	Och-CTum_049	CTum	modern	Ex1-11A-lcwgs-1	RG-OchCTum049-E00526-585-HJLFCCCX2-L3-11A-B1	2nd	Och-CTum_049-Ex1-11A-lcwgs-1-1	/archive/carpenterlab/pire/pire_ostorhinchus_chrysopomus_lcwgs/2nd_sequencing_run/fq_raw/Och-CTum_049-Ex1-11A-lcwgs-1-1.1.fq.gz	/archive/carpenterlab/pire/pire_ostorhinchus_chrysopomus_lcwgs/2nd_sequencing_run/fq_raw/Och-CTum_049-Ex1-11A-lcwgs-1-1.2.fq.gz	data/symlinks/OchCTum049_Ex1-11A-lcwgs-1_RG-OchCTum049-E00526-585-HJLFCCCX2-L3-11A-B1_R1.fastq.gz	data/symlinks/OchCTum049_Ex1-11A-lcwgs-1_RG-OchCTum049-E00526-585-HJLFCCCX2-L3-11A-B1_R2.fastq.gz
OchCTum050_Ex1-11B-lcwgs-1_RG-OchCTum050-E00526-585-HJLFCCCX2-L3-11B-B1	OchCTum050	Och-CTum_050	CTum	modern	Ex1-11B-lcwgs-1	RG-OchCTum050-E00526-585-HJLFCCCX2-L3-11B-B1	2nd	Och-CTum_050-Ex1-11B-lcwgs-1-1	/archive/carpenterlab/pire/pire_ostorhinchus_chrysopomus_lcwgs/2nd_sequencing_run/fq_raw/Och-CTum_050-Ex1-11B-lcwgs-1-1.1.fq.gz	/archive/carpenterlab/pire/pire_ostorhinchus_chrysopomus_lcwgs/2nd_sequencing_run/fq_raw/Och-CTum_050-Ex1-11B-lcwgs-1-1.2.fq.gz	data/symlinks/OchCTum050_Ex1-11B-lcwgs-1_RG-OchCTum050-E00526-585-HJLFCCCX2-L3-11B-B1_R1.fastq.gz	data/symlinks/OchCTum050_Ex1-11B-lcwgs-1_RG-OchCTum050-E00526-585-HJLFCCCX2-L3-11B-B1_R2.fastq.gz
OchCTum051_Ex1-11C-lcwgs-1_RG-OchCTum051-E00526-585-HJLFCCCX2-L3-11C-B1	OchCTum051	Och-CTum_051	CTum	modern	Ex1-11C-lcwgs-1	RG-OchCTum051-E00526-585-HJLFCCCX2-L3-11C-B1	2nd	Och-CTum_051-Ex1-11C-lcwgs-1-1	/archive/carpenterlab/pire/pire_ostorhinchus_chrysopomus_lcwgs/2nd_sequencing_run/fq_raw/Och-CTum_051-Ex1-11C-lcwgs-1-1.1.fq.gz	/archive/carpenterlab/pire/pire_ostorhinchus_chrysopomus_lcwgs/2nd_sequencing_run/fq_raw/Och-CTum_051-Ex1-11C-lcwgs-1-1.2.fq.gz	data/symlinks/OchCTum051_Ex1-11C-lcwgs-1_RG-OchCTum051-E00526-585-HJLFCCCX2-L3-11C-B1_R1.fastq.gz	data/symlinks/OchCTum051_Ex1-11C-lcwgs-1_RG-OchCTum051-E00526-585-HJLFCCCX2-L3-11C-B1_R2.fastq.gz
OchACan001_Ex1-1A-lcwgs-1_RG-OchACan001-LH00328-276-22KKJLLT3-L2-1A-B1	OchACan001	Och-ACan_001	ACan	historical	Ex1-1A-lcwgs-1	RG-OchACan001-LH00328-276-22KKJLLT3-L2-1A-B1	3rd	Och-ACan_001-Ex1-1A-lcwgs-1-1	/archive/carpenterlab/pire/pire_ostorhinchus_chrysopomus_lcwgs/3rd_sequencing_run/fq_raw/Och-ACan_001-Ex1-1A-lcwgs-1-1.1.fq.gz	/archive/carpenterlab/pire/pire_ostorhinchus_chrysopomus_lcwgs/3rd_sequencing_run/fq_raw/Och-ACan_001-Ex1-1A-lcwgs-1-1.2.fq.gz	data/symlinks/OchACan001_Ex1-1A-lcwgs-1_RG-OchACan001-LH00328-276-22KKJLLT3-L2-1A-B1_R1.fastq.gz	data/symlinks/OchACan001_Ex1-1A-lcwgs-1_RG-OchACan001-LH00328-276-22KKJLLT3-L2-1A-B1_R2.fastq.gz
OchACan002_Ex1-2A-lcwgs-1_RG-OchACan002-LH00328-276-22KKJLLT3-L2-2A-B1	OchACan002	Och-ACan_002	ACan	historical	Ex1-2A-lcwgs-1	RG-OchACan002-LH00328-276-22KKJLLT3-L2-2A-B1	3rd	Och-ACan_002-Ex1-2A-lcwgs-1-1	/archive/carpenterlab/pire/pire_ostorhinchus_chrysopomus_lcwgs/3rd_sequencing_run/fq_raw/Och-ACan_002-Ex1-2A-lcwgs-1-1.1.fq.gz	/archive/carpenterlab/pire/pire_ostorhinchus_chrysopomus_lcwgs/3rd_sequencing_run/fq_raw/Och-ACan_002-Ex1-2A-lcwgs-1-1.2.fq.gz	data/symlinks/OchACan002_Ex1-2A-lcwgs-1_RG-OchACan002-LH00328-276-22KKJLLT3-L2-2A-B1_R1.fastq.gz	data/symlinks/OchACan002_Ex1-2A-lcwgs-1_RG-OchACan002-LH00328-276-22KKJLLT3-L2-2A-B1_R2.fastq.gz
OchACan003_Ex1-3A-lcwgs-1_RG-OchACan003-LH00328-276-22KKJLLT3-L2-3A-B1	OchACan003	Och-ACan_003	ACan	historical	Ex1-3A-lcwgs-1	RG-OchACan003-LH00328-276-22KKJLLT3-L2-3A-B1	3rd	Och-ACan_003-Ex1-3A-lcwgs-1-1	/archive/carpenterlab/pire/pire_ostorhinchus_chrysopomus_lcwgs/3rd_sequencing_run/fq_raw/Och-ACan_003-Ex1-3A-lcwgs-1-1.1.fq.gz	/archive/carpenterlab/pire/pire_ostorhinchus_chrysopomus_lcwgs/3rd_sequencing_run/fq_raw/Och-ACan_003-Ex1-3A-lcwgs-1-1.2.fq.gz	data/symlinks/OchACan003_Ex1-3A-lcwgs-1_RG-OchACan003-LH00328-276-22KKJLLT3-L2-3A-B1_R1.fastq.gz	data/symlinks/OchACan003_Ex1-3A-lcwgs-1_RG-OchACan003-LH00328-276-22KKJLLT3-L2-3A-B1_R2.fastq.gz
OchACan004_Ex1-4A-lcwgs-1_RG-OchACan004-LH00328-276-22KKJLLT3-L2-4A-B1	OchACan004	Och-ACan_004	ACan	historical	Ex1-4A-lcwgs-1	RG-OchACan004-LH00328-276-22KKJLLT3-L2-4A-B1	3rd	Och-ACan_004-Ex1-4A-lcwgs-1-1	/archive/carpenterlab/pire/pire_ostorhinchus_chrysopomus_lcwgs/3rd_sequencing_run/fq_raw/Och-ACan_004-Ex1-4A-lcwgs-1-1.1.fq.gz	/archive/carpenterlab/pire/pire_ostorhinchus_chrysopomus_lcwgs/3rd_sequencing_run/fq_raw/Och-ACan_004-Ex1-4A-lcwgs-1-1.2.fq.gz	data/symlinks/OchACan004_Ex1-4A-lcwgs-1_RG-OchACan004-LH00328-276-22KKJLLT3-L2-4A-B1_R1.fastq.gz	data/symlinks/OchACan004_Ex1-4A-lcwgs-1_RG-OchACan004-LH00328-276-22KKJLLT3-L2-4A-B1_R2.fastq.gz
OchACan005_Ex1-5A-lcwgs-1_RG-OchACan005-LH00328-276-22KKJLLT3-L2-5A-B1	OchACan005	Och-ACan_005	ACan	historical	Ex1-5A-lcwgs-1	RG-OchACan005-LH00328-276-22KKJLLT3-L2-5A-B1	3rd	Och-ACan_005-Ex1-5A-lcwgs-1-1	/archive/carpenterlab/pire/pire_ostorhinchus_chrysopomus_lcwgs/3rd_sequencing_run/fq_raw/Och-ACan_005-Ex1-5A-lcwgs-1-1.1.fq.gz	/archive/carpenterlab/pire/pire_ostorhinchus_chrysopomus_lcwgs/3rd_sequencing_run/fq_raw/Och-ACan_005-Ex1-5A-lcwgs-1-1.2.fq.gz	data/symlinks/OchACan005_Ex1-5A-lcwgs-1_RG-OchACan005-LH00328-276-22KKJLLT3-L2-5A-B1_R1.fastq.gz	data/symlinks/OchACan005_Ex1-5A-lcwgs-1_RG-OchACan005-LH00328-276-22KKJLLT3-L2-5A-B1_R2.fastq.gz
OchACan006_Ex1-6A-lcwgs-1_RG-OchACan006-LH00328-276-22KKJLLT3-L2-6A-B1	OchACan006	Och-ACan_006	ACan	historical	Ex1-6A-lcwgs-1	RG-OchACan006-LH00328-276-22KKJLLT3-L2-6A-B1	3rd	Och-ACan_006-Ex1-6A-lcwgs-1-1	/archive/carpenterlab/pire/pire_ostorhinchus_chrysopomus_lcwgs/3rd_sequencing_run/fq_raw/Och-ACan_006-Ex1-6A-lcwgs-1-1.1.fq.gz	/archive/carpenterlab/pire/pire_ostorhinchus_chrysopomus_lcwgs/3rd_sequencing_run/fq_raw/Och-ACan_006-Ex1-6A-lcwgs-1-1.2.fq.gz	data/symlinks/OchACan006_Ex1-6A-lcwgs-1_RG-OchACan006-LH00328-276-22KKJLLT3-L2-6A-B1_R1.fastq.gz	data/symlinks/OchACan006_Ex1-6A-lcwgs-1_RG-OchACan006-LH00328-276-22KKJLLT3-L2-6A-B1_R2.fastq.gz
OchACan007_Ex1-7A-lcwgs-1_RG-OchACan007-LH00328-276-22KKJLLT3-L2-7A-B1	OchACan007	Och-ACan_007	ACan	historical	Ex1-7A-lcwgs-1	RG-OchACan007-LH00328-276-22KKJLLT3-L2-7A-B1	3rd	Och-ACan_007-Ex1-7A-lcwgs-1-1	/archive/carpenterlab/pire/pire_ostorhinchus_chrysopomus_lcwgs/3rd_sequencing_run/fq_raw/Och-ACan_007-Ex1-7A-lcwgs-1-1.1.fq.gz	/archive/carpenterlab/pire/pire_ostorhinchus_chrysopomus_lcwgs/3rd_sequencing_run/fq_raw/Och-ACan_007-Ex1-7A-lcwgs-1-1.2.fq.gz	data/symlinks/OchACan007_Ex1-7A-lcwgs-1_RG-OchACan007-LH00328-276-22KKJLLT3-L2-7A-B1_R1.fastq.gz	data/symlinks/OchACan007_Ex1-7A-lcwgs-1_RG-OchACan007-LH00328-276-22KKJLLT3-L2-7A-B1_R2.fastq.gz
OchACan008_Ex1-8A-lcwgs-1_RG-OchACan008-LH00328-276-22KKJLLT3-L2-8A-B1	OchACan008	Och-ACan_008	ACan	historical	Ex1-8A-lcwgs-1	RG-OchACan008-LH00328-276-22KKJLLT3-L2-8A-B1	3rd	Och-ACan_008-Ex1-8A-lcwgs-1-1	/archive/carpenterlab/pire/pire_ostorhinchus_chrysopomus_lcwgs/3rd_sequencing_run/fq_raw/Och-ACan_008-Ex1-8A-lcwgs-1-1.1.fq.gz	/archive/carpenterlab/pire/pire_ostorhinchus_chrysopomus_lcwgs/3rd_sequencing_run/fq_raw/Och-ACan_008-Ex1-8A-lcwgs-1-1.2.fq.gz	data/symlinks/OchACan008_Ex1-8A-lcwgs-1_RG-OchACan008-LH00328-276-22KKJLLT3-L2-8A-B1_R1.fastq.gz	data/symlinks/OchACan008_Ex1-8A-lcwgs-1_RG-OchACan008-LH00328-276-22KKJLLT3-L2-8A-B1_R2.fastq.gz
OchACan009_Ex1-9A-lcwgs-1_RG-OchACan009-LH00328-276-22KKJLLT3-L2-9A-B1	OchACan009	Och-ACan_009	ACan	historical	Ex1-9A-lcwgs-1	RG-OchACan009-LH00328-276-22KKJLLT3-L2-9A-B1	3rd	Och-ACan_009-Ex1-9A-lcwgs-1-1	/archive/carpenterlab/pire/pire_ostorhinchus_chrysopomus_lcwgs/3rd_sequencing_run/fq_raw/Och-ACan_009-Ex1-9A-lcwgs-1-1.1.fq.gz	/archive/carpenterlab/pire/pire_ostorhinchus_chrysopomus_lcwgs/3rd_sequencing_run/fq_raw/Och-ACan_009-Ex1-9A-lcwgs-1-1.2.fq.gz	data/symlinks/OchACan009_Ex1-9A-lcwgs-1_RG-OchACan009-LH00328-276-22KKJLLT3-L2-9A-B1_R1.fastq.gz	data/symlinks/OchACan009_Ex1-9A-lcwgs-1_RG-OchACan009-LH00328-276-22KKJLLT3-L2-9A-B1_R2.fastq.gz
OchACan010_Ex1-10A-lcwgs-1_RG-OchACan010-LH00328-276-22KKJLLT3-L2-10A-B1	OchACan010	Och-ACan_010	ACan	historical	Ex1-10A-lcwgs-1	RG-OchACan010-LH00328-276-22KKJLLT3-L2-10A-B1	3rd	Och-ACan_010-Ex1-10A-lcwgs-1-1	/archive/carpenterlab/pire/pire_ostorhinchus_chrysopomus_lcwgs/3rd_sequencing_run/fq_raw/Och-ACan_010-Ex1-10A-lcwgs-1-1.1.fq.gz	/archive/carpenterlab/pire/pire_ostorhinchus_chrysopomus_lcwgs/3rd_sequencing_run/fq_raw/Och-ACan_010-Ex1-10A-lcwgs-1-1.2.fq.gz	data/symlinks/OchACan010_Ex1-10A-lcwgs-1_RG-OchACan010-LH00328-276-22KKJLLT3-L2-10A-B1_R1.fastq.gz	data/symlinks/OchACan010_Ex1-10A-lcwgs-1_RG-OchACan010-LH00328-276-22KKJLLT3-L2-10A-B1_R2.fastq.gz
OchACan011_Ex1-11A-lcwgs-1_RG-OchACan011-LH00328-276-22KKJLLT3-L2-11A-B1	OchACan011	Och-ACan_011	ACan	historical	Ex1-11A-lcwgs-1	RG-OchACan011-LH00328-276-22KKJLLT3-L2-11A-B1	3rd	Och-ACan_011-Ex1-11A-lcwgs-1-1	/archive/carpenterlab/pire/pire_ostorhinchus_chrysopomus_lcwgs/3rd_sequencing_run/fq_raw/Och-ACan_011-Ex1-11A-lcwgs-1-1.1.fq.gz	/archive/carpenterlab/pire/pire_ostorhinchus_chrysopomus_lcwgs/3rd_sequencing_run/fq_raw/Och-ACan_011-Ex1-11A-lcwgs-1-1.2.fq.gz	data/symlinks/OchACan011_Ex1-11A-lcwgs-1_RG-OchACan011-LH00328-276-22KKJLLT3-L2-11A-B1_R1.fastq.gz	data/symlinks/OchACan011_Ex1-11A-lcwgs-1_RG-OchACan011-LH00328-276-22KKJLLT3-L2-11A-B1_R2.fastq.gz
OchACan012_Ex1-12A-lcwgs-1_RG-OchACan012-LH00328-276-22KKJLLT3-L2-12A-B1	OchACan012	Och-ACan_012	ACan	historical	Ex1-12A-lcwgs-1	RG-OchACan012-LH00328-276-22KKJLLT3-L2-12A-B1	3rd	Och-ACan_012-Ex1-12A-lcwgs-1-1	/archive/carpenterlab/pire/pire_ostorhinchus_chrysopomus_lcwgs/3rd_sequencing_run/fq_raw/Och-ACan_012-Ex1-12A-lcwgs-1-1.1.fq.gz	/archive/carpenterlab/pire/pire_ostorhinchus_chrysopomus_lcwgs/3rd_sequencing_run/fq_raw/Och-ACan_012-Ex1-12A-lcwgs-1-1.2.fq.gz	data/symlinks/OchACan012_Ex1-12A-lcwgs-1_RG-OchACan012-LH00328-276-22KKJLLT3-L2-12A-B1_R1.fastq.gz	data/symlinks/OchACan012_Ex1-12A-lcwgs-1_RG-OchACan012-LH00328-276-22KKJLLT3-L2-12A-B1_R2.fastq.gz
OchACan013_Ex1-1B-lcwgs-1_RG-OchACan013-LH00328-276-22KKJLLT3-L2-1B-B1	OchACan013	Och-ACan_013	ACan	historical	Ex1-1B-lcwgs-1	RG-OchACan013-LH00328-276-22KKJLLT3-L2-1B-B1	3rd	Och-ACan_013-Ex1-1B-lcwgs-1-1	/archive/carpenterlab/pire/pire_ostorhinchus_chrysopomus_lcwgs/3rd_sequencing_run/fq_raw/Och-ACan_013-Ex1-1B-lcwgs-1-1.1.fq.gz	/archive/carpenterlab/pire/pire_ostorhinchus_chrysopomus_lcwgs/3rd_sequencing_run/fq_raw/Och-ACan_013-Ex1-1B-lcwgs-1-1.2.fq.gz	data/symlinks/OchACan013_Ex1-1B-lcwgs-1_RG-OchACan013-LH00328-276-22KKJLLT3-L2-1B-B1_R1.fastq.gz	data/symlinks/OchACan013_Ex1-1B-lcwgs-1_RG-OchACan013-LH00328-276-22KKJLLT3-L2-1B-B1_R2.fastq.gz
OchACan014_Ex1-2B-lcwgs-1_RG-OchACan014-LH00328-276-22KKJLLT3-L2-2B-B1	OchACan014	Och-ACan_014	ACan	historical	Ex1-2B-lcwgs-1	RG-OchACan014-LH00328-276-22KKJLLT3-L2-2B-B1	3rd	Och-ACan_014-Ex1-2B-lcwgs-1-1	/archive/carpenterlab/pire/pire_ostorhinchus_chrysopomus_lcwgs/3rd_sequencing_run/fq_raw/Och-ACan_014-Ex1-2B-lcwgs-1-1.1.fq.gz	/archive/carpenterlab/pire/pire_ostorhinchus_chrysopomus_lcwgs/3rd_sequencing_run/fq_raw/Och-ACan_014-Ex1-2B-lcwgs-1-1.2.fq.gz	data/symlinks/OchACan014_Ex1-2B-lcwgs-1_RG-OchACan014-LH00328-276-22KKJLLT3-L2-2B-B1_R1.fastq.gz	data/symlinks/OchACan014_Ex1-2B-lcwgs-1_RG-OchACan014-LH00328-276-22KKJLLT3-L2-2B-B1_R2.fastq.gz
OchACan015_Ex1-3B-lcwgs-1_RG-OchACan015-LH00328-276-22KKJLLT3-L2-3B-B1	OchACan015	Och-ACan_015	ACan	historical	Ex1-3B-lcwgs-1	RG-OchACan015-LH00328-276-22KKJLLT3-L2-3B-B1	3rd	Och-ACan_015-Ex1-3B-lcwgs-1-1	/archive/carpenterlab/pire/pire_ostorhinchus_chrysopomus_lcwgs/3rd_sequencing_run/fq_raw/Och-ACan_015-Ex1-3B-lcwgs-1-1.1.fq.gz	/archive/carpenterlab/pire/pire_ostorhinchus_chrysopomus_lcwgs/3rd_sequencing_run/fq_raw/Och-ACan_015-Ex1-3B-lcwgs-1-1.2.fq.gz	data/symlinks/OchACan015_Ex1-3B-lcwgs-1_RG-OchACan015-LH00328-276-22KKJLLT3-L2-3B-B1_R1.fastq.gz	data/symlinks/OchACan015_Ex1-3B-lcwgs-1_RG-OchACan015-LH00328-276-22KKJLLT3-L2-3B-B1_R2.fastq.gz
OchACan016_Ex1-4B-lcwgs-1_RG-OchACan016-LH00328-276-22KKJLLT3-L2-4B-B1	OchACan016	Och-ACan_016	ACan	historical	Ex1-4B-lcwgs-1	RG-OchACan016-LH00328-276-22KKJLLT3-L2-4B-B1	3rd	Och-ACan_016-Ex1-4B-lcwgs-1-1	/archive/carpenterlab/pire/pire_ostorhinchus_chrysopomus_lcwgs/3rd_sequencing_run/fq_raw/Och-ACan_016-Ex1-4B-lcwgs-1-1.1.fq.gz	/archive/carpenterlab/pire/pire_ostorhinchus_chrysopomus_lcwgs/3rd_sequencing_run/fq_raw/Och-ACan_016-Ex1-4B-lcwgs-1-1.2.fq.gz	data/symlinks/OchACan016_Ex1-4B-lcwgs-1_RG-OchACan016-LH00328-276-22KKJLLT3-L2-4B-B1_R1.fastq.gz	data/symlinks/OchACan016_Ex1-4B-lcwgs-1_RG-OchACan016-LH00328-276-22KKJLLT3-L2-4B-B1_R2.fastq.gz
OchACan017_Ex1-5B-lcwgs-1_RG-OchACan017-LH00328-276-22KKJLLT3-L2-5B-B1	OchACan017	Och-ACan_017	ACan	historical	Ex1-5B-lcwgs-1	RG-OchACan017-LH00328-276-22KKJLLT3-L2-5B-B1	3rd	Och-ACan_017-Ex1-5B-lcwgs-1-1	/archive/carpenterlab/pire/pire_ostorhinchus_chrysopomus_lcwgs/3rd_sequencing_run/fq_raw/Och-ACan_017-Ex1-5B-lcwgs-1-1.1.fq.gz	/archive/carpenterlab/pire/pire_ostorhinchus_chrysopomus_lcwgs/3rd_sequencing_run/fq_raw/Och-ACan_017-Ex1-5B-lcwgs-1-1.2.fq.gz	data/symlinks/OchACan017_Ex1-5B-lcwgs-1_RG-OchACan017-LH00328-276-22KKJLLT3-L2-5B-B1_R1.fastq.gz	data/symlinks/OchACan017_Ex1-5B-lcwgs-1_RG-OchACan017-LH00328-276-22KKJLLT3-L2-5B-B1_R2.fastq.gz
OchACan018_Ex1-6B-lcwgs-1_RG-OchACan018-LH00328-276-22KKJLLT3-L2-6B-B1	OchACan018	Och-ACan_018	ACan	historical	Ex1-6B-lcwgs-1	RG-OchACan018-LH00328-276-22KKJLLT3-L2-6B-B1	3rd	Och-ACan_018-Ex1-6B-lcwgs-1-1	/archive/carpenterlab/pire/pire_ostorhinchus_chrysopomus_lcwgs/3rd_sequencing_run/fq_raw/Och-ACan_018-Ex1-6B-lcwgs-1-1.1.fq.gz	/archive/carpenterlab/pire/pire_ostorhinchus_chrysopomus_lcwgs/3rd_sequencing_run/fq_raw/Och-ACan_018-Ex1-6B-lcwgs-1-1.2.fq.gz	data/symlinks/OchACan018_Ex1-6B-lcwgs-1_RG-OchACan018-LH00328-276-22KKJLLT3-L2-6B-B1_R1.fastq.gz	data/symlinks/OchACan018_Ex1-6B-lcwgs-1_RG-OchACan018-LH00328-276-22KKJLLT3-L2-6B-B1_R2.fastq.gz
OchACan019_Ex1-7B-lcwgs-1_RG-OchACan019-LH00328-276-22KKJLLT3-L2-7B-B1	OchACan019	Och-ACan_019	ACan	historical	Ex1-7B-lcwgs-1	RG-OchACan019-LH00328-276-22KKJLLT3-L2-7B-B1	3rd	Och-ACan_019-Ex1-7B-lcwgs-1-1	/archive/carpenterlab/pire/pire_ostorhinchus_chrysopomus_lcwgs/3rd_sequencing_run/fq_raw/Och-ACan_019-Ex1-7B-lcwgs-1-1.1.fq.gz	/archive/carpenterlab/pire/pire_ostorhinchus_chrysopomus_lcwgs/3rd_sequencing_run/fq_raw/Och-ACan_019-Ex1-7B-lcwgs-1-1.2.fq.gz	data/symlinks/OchACan019_Ex1-7B-lcwgs-1_RG-OchACan019-LH00328-276-22KKJLLT3-L2-7B-B1_R1.fastq.gz	data/symlinks/OchACan019_Ex1-7B-lcwgs-1_RG-OchACan019-LH00328-276-22KKJLLT3-L2-7B-B1_R2.fastq.gz
OchACan020_Ex1-8B-lcwgs-1_RG-OchACan020-LH00328-276-22KKJLLT3-L2-8B-B1	OchACan020	Och-ACan_020	ACan	historical	Ex1-8B-lcwgs-1	RG-OchACan020-LH00328-276-22KKJLLT3-L2-8B-B1	3rd	Och-ACan_020-Ex1-8B-lcwgs-1-1	/archive/carpenterlab/pire/pire_ostorhinchus_chrysopomus_lcwgs/3rd_sequencing_run/fq_raw/Och-ACan_020-Ex1-8B-lcwgs-1-1.1.fq.gz	/archive/carpenterlab/pire/pire_ostorhinchus_chrysopomus_lcwgs/3rd_sequencing_run/fq_raw/Och-ACan_020-Ex1-8B-lcwgs-1-1.2.fq.gz	data/symlinks/OchACan020_Ex1-8B-lcwgs-1_RG-OchACan020-LH00328-276-22KKJLLT3-L2-8B-B1_R1.fastq.gz	data/symlinks/OchACan020_Ex1-8B-lcwgs-1_RG-OchACan020-LH00328-276-22KKJLLT3-L2-8B-B1_R2.fastq.gz
OchACan021_Ex1-9B-lcwgs-1_RG-OchACan021-LH00328-276-22KKJLLT3-L2-9B-B1	OchACan021	Och-ACan_021	ACan	historical	Ex1-9B-lcwgs-1	RG-OchACan021-LH00328-276-22KKJLLT3-L2-9B-B1	3rd	Och-ACan_021-Ex1-9B-lcwgs-1-1	/archive/carpenterlab/pire/pire_ostorhinchus_chrysopomus_lcwgs/3rd_sequencing_run/fq_raw/Och-ACan_021-Ex1-9B-lcwgs-1-1.1.fq.gz	/archive/carpenterlab/pire/pire_ostorhinchus_chrysopomus_lcwgs/3rd_sequencing_run/fq_raw/Och-ACan_021-Ex1-9B-lcwgs-1-1.2.fq.gz	data/symlinks/OchACan021_Ex1-9B-lcwgs-1_RG-OchACan021-LH00328-276-22KKJLLT3-L2-9B-B1_R1.fastq.gz	data/symlinks/OchACan021_Ex1-9B-lcwgs-1_RG-OchACan021-LH00328-276-22KKJLLT3-L2-9B-B1_R2.fastq.gz
OchACan022_Ex1-10B-lcwgs-1_RG-OchACan022-LH00328-276-22KKJLLT3-L2-10B-B1	OchACan022	Och-ACan_022	ACan	historical	Ex1-10B-lcwgs-1	RG-OchACan022-LH00328-276-22KKJLLT3-L2-10B-B1	3rd	Och-ACan_022-Ex1-10B-lcwgs-1-1	/archive/carpenterlab/pire/pire_ostorhinchus_chrysopomus_lcwgs/3rd_sequencing_run/fq_raw/Och-ACan_022-Ex1-10B-lcwgs-1-1.1.fq.gz	/archive/carpenterlab/pire/pire_ostorhinchus_chrysopomus_lcwgs/3rd_sequencing_run/fq_raw/Och-ACan_022-Ex1-10B-lcwgs-1-1.2.fq.gz	data/symlinks/OchACan022_Ex1-10B-lcwgs-1_RG-OchACan022-LH00328-276-22KKJLLT3-L2-10B-B1_R1.fastq.gz	data/symlinks/OchACan022_Ex1-10B-lcwgs-1_RG-OchACan022-LH00328-276-22KKJLLT3-L2-10B-B1_R2.fastq.gz
OchACan023_Ex1-11B-lcwgs-1_RG-OchACan023-LH00328-276-22KKJLLT3-L2-11B-B1	OchACan023	Och-ACan_023	ACan	historical	Ex1-11B-lcwgs-1	RG-OchACan023-LH00328-276-22KKJLLT3-L2-11B-B1	3rd	Och-ACan_023-Ex1-11B-lcwgs-1-1	/archive/carpenterlab/pire/pire_ostorhinchus_chrysopomus_lcwgs/3rd_sequencing_run/fq_raw/Och-ACan_023-Ex1-11B-lcwgs-1-1.1.fq.gz	/archive/carpenterlab/pire/pire_ostorhinchus_chrysopomus_lcwgs/3rd_sequencing_run/fq_raw/Och-ACan_023-Ex1-11B-lcwgs-1-1.2.fq.gz	data/symlinks/OchACan023_Ex1-11B-lcwgs-1_RG-OchACan023-LH00328-276-22KKJLLT3-L2-11B-B1_R1.fastq.gz	data/symlinks/OchACan023_Ex1-11B-lcwgs-1_RG-OchACan023-LH00328-276-22KKJLLT3-L2-11B-B1_R2.fastq.gz
OchACan024_Ex1-12B-lcwgs-1_RG-OchACan024-LH00328-276-22KKJLLT3-L2-12B-B1	OchACan024	Och-ACan_024	ACan	historical	Ex1-12B-lcwgs-1	RG-OchACan024-LH00328-276-22KKJLLT3-L2-12B-B1	3rd	Och-ACan_024-Ex1-12B-lcwgs-1-1	/archive/carpenterlab/pire/pire_ostorhinchus_chrysopomus_lcwgs/3rd_sequencing_run/fq_raw/Och-ACan_024-Ex1-12B-lcwgs-1-1.1.fq.gz	/archive/carpenterlab/pire/pire_ostorhinchus_chrysopomus_lcwgs/3rd_sequencing_run/fq_raw/Och-ACan_024-Ex1-12B-lcwgs-1-1.2.fq.gz	data/symlinks/OchACan024_Ex1-12B-lcwgs-1_RG-OchACan024-LH00328-276-22KKJLLT3-L2-12B-B1_R1.fastq.gz	data/symlinks/OchACan024_Ex1-12B-lcwgs-1_RG-OchACan024-LH00328-276-22KKJLLT3-L2-12B-B1_R2.fastq.gz
OchCBur013_Ex1-1A-lcwgs-1_RG-OchCBur013-LH00328-276-22KKJLLT3-L2-1A-B1	OchCBur013	Och-CBur_013	CBur	modern	Ex1-1A-lcwgs-1	RG-OchCBur013-LH00328-276-22KKJLLT3-L2-1A-B1	3rd	Och-CBur_013_Ex1-1A-lcwgs-1-1	/archive/carpenterlab/pire/pire_ostorhinchus_chrysopomus_lcwgs/3rd_sequencing_run/fq_raw/Och-CBur_013_Ex1-1A-lcwgs-1-1.1.fq.gz	/archive/carpenterlab/pire/pire_ostorhinchus_chrysopomus_lcwgs/3rd_sequencing_run/fq_raw/Och-CBur_013_Ex1-1A-lcwgs-1-1.2.fq.gz	data/symlinks/OchCBur013_Ex1-1A-lcwgs-1_RG-OchCBur013-LH00328-276-22KKJLLT3-L2-1A-B1_R1.fastq.gz	data/symlinks/OchCBur013_Ex1-1A-lcwgs-1_RG-OchCBur013-LH00328-276-22KKJLLT3-L2-1A-B1_R2.fastq.gz
OchCBur014_Ex1-1G-lcwgs-1_RG-OchCBur014-LH00328-276-22KKJLLT3-L2-1G-B1	OchCBur014	Och-CBur_014	CBur	modern	Ex1-1G-lcwgs-1	RG-OchCBur014-LH00328-276-22KKJLLT3-L2-1G-B1	3rd	Och-CBur_014_Ex1-1G-lcwgs-1-1	/archive/carpenterlab/pire/pire_ostorhinchus_chrysopomus_lcwgs/3rd_sequencing_run/fq_raw/Och-CBur_014_Ex1-1G-lcwgs-1-1.1.fq.gz	/archive/carpenterlab/pire/pire_ostorhinchus_chrysopomus_lcwgs/3rd_sequencing_run/fq_raw/Och-CBur_014_Ex1-1G-lcwgs-1-1.2.fq.gz	data/symlinks/OchCBur014_Ex1-1G-lcwgs-1_RG-OchCBur014-LH00328-276-22KKJLLT3-L2-1G-B1_R1.fastq.gz	data/symlinks/OchCBur014_Ex1-1G-lcwgs-1_RG-OchCBur014-LH00328-276-22KKJLLT3-L2-1G-B1_R2.fastq.gz
OchCBur015_Ex1-2E-lcwgs-1_RG-OchCBur015-LH00328-276-22KKJLLT3-L2-2E-B1	OchCBur015	Och-CBur_015	CBur	modern	Ex1-2E-lcwgs-1	RG-OchCBur015-LH00328-276-22KKJLLT3-L2-2E-B1	3rd	Och-CBur_015_Ex1-2E-lcwgs-1-1	/archive/carpenterlab/pire/pire_ostorhinchus_chrysopomus_lcwgs/3rd_sequencing_run/fq_raw/Och-CBur_015_Ex1-2E-lcwgs-1-1.1.fq.gz	/archive/carpenterlab/pire/pire_ostorhinchus_chrysopomus_lcwgs/3rd_sequencing_run/fq_raw/Och-CBur_015_Ex1-2E-lcwgs-1-1.2.fq.gz	data/symlinks/OchCBur015_Ex1-2E-lcwgs-1_RG-OchCBur015-LH00328-276-22KKJLLT3-L2-2E-B1_R1.fastq.gz	data/symlinks/OchCBur015_Ex1-2E-lcwgs-1_RG-OchCBur015-LH00328-276-22KKJLLT3-L2-2E-B1_R2.fastq.gz
OchCBur016_Ex1-3A-lcwgs-1_RG-OchCBur016-LH00328-276-22KKJLLT3-L2-3A-B1	OchCBur016	Och-CBur_016	CBur	modern	Ex1-3A-lcwgs-1	RG-OchCBur016-LH00328-276-22KKJLLT3-L2-3A-B1	3rd	Och-CBur_016_Ex1-3A-lcwgs-1-1	/archive/carpenterlab/pire/pire_ostorhinchus_chrysopomus_lcwgs/3rd_sequencing_run/fq_raw/Och-CBur_016_Ex1-3A-lcwgs-1-1.1.fq.gz	/archive/carpenterlab/pire/pire_ostorhinchus_chrysopomus_lcwgs/3rd_sequencing_run/fq_raw/Och-CBur_016_Ex1-3A-lcwgs-1-1.2.fq.gz	data/symlinks/OchCBur016_Ex1-3A-lcwgs-1_RG-OchCBur016-LH00328-276-22KKJLLT3-L2-3A-B1_R1.fastq.gz	data/symlinks/OchCBur016_Ex1-3A-lcwgs-1_RG-OchCBur016-LH00328-276-22KKJLLT3-L2-3A-B1_R2.fastq.gz
OchCBur017_Ex1-3H-lcwgs-1_RG-OchCBur017-LH00328-276-22KKJLLT3-L2-3H-B1	OchCBur017	Och-CBur_017	CBur	modern	Ex1-3H-lcwgs-1	RG-OchCBur017-LH00328-276-22KKJLLT3-L2-3H-B1	3rd	Och-CBur_017_Ex1-3H-lcwgs-1-1	/archive/carpenterlab/pire/pire_ostorhinchus_chrysopomus_lcwgs/3rd_sequencing_run/fq_raw/Och-CBur_017_Ex1-3H-lcwgs-1-1.1.fq.gz	/archive/carpenterlab/pire/pire_ostorhinchus_chrysopomus_lcwgs/3rd_sequencing_run/fq_raw/Och-CBur_017_Ex1-3H-lcwgs-1-1.2.fq.gz	data/symlinks/OchCBur017_Ex1-3H-lcwgs-1_RG-OchCBur017-LH00328-276-22KKJLLT3-L2-3H-B1_R1.fastq.gz	data/symlinks/OchCBur017_Ex1-3H-lcwgs-1_RG-OchCBur017-LH00328-276-22KKJLLT3-L2-3H-B1_R2.fastq.gz
OchCBur018_Ex1-4G-lcwgs-1_RG-OchCBur018-LH00328-276-22KKJLLT3-L2-4G-B1	OchCBur018	Och-CBur_018	CBur	modern	Ex1-4G-lcwgs-1	RG-OchCBur018-LH00328-276-22KKJLLT3-L2-4G-B1	3rd	Och-CBur_018_Ex1-4G-lcwgs-1-1	/archive/carpenterlab/pire/pire_ostorhinchus_chrysopomus_lcwgs/3rd_sequencing_run/fq_raw/Och-CBur_018_Ex1-4G-lcwgs-1-1.1.fq.gz	/archive/carpenterlab/pire/pire_ostorhinchus_chrysopomus_lcwgs/3rd_sequencing_run/fq_raw/Och-CBur_018_Ex1-4G-lcwgs-1-1.2.fq.gz	data/symlinks/OchCBur018_Ex1-4G-lcwgs-1_RG-OchCBur018-LH00328-276-22KKJLLT3-L2-4G-B1_R1.fastq.gz	data/symlinks/OchCBur018_Ex1-4G-lcwgs-1_RG-OchCBur018-LH00328-276-22KKJLLT3-L2-4G-B1_R2.fastq.gz
OchCBur021_Ex1-6F-lcwgs-1_RG-OchCBur021-LH00328-276-22KKJLLT3-L2-6F-B1	OchCBur021	Och-CBur_021	CBur	modern	Ex1-6F-lcwgs-1	RG-OchCBur021-LH00328-276-22KKJLLT3-L2-6F-B1	3rd	Och-CBur_021_Ex1-6F-lcwgs-1-1	/archive/carpenterlab/pire/pire_ostorhinchus_chrysopomus_lcwgs/3rd_sequencing_run/fq_raw/Och-CBur_021_Ex1-6F-lcwgs-1-1.1.fq.gz	/archive/carpenterlab/pire/pire_ostorhinchus_chrysopomus_lcwgs/3rd_sequencing_run/fq_raw/Och-CBur_021_Ex1-6F-lcwgs-1-1.2.fq.gz	data/symlinks/OchCBur021_Ex1-6F-lcwgs-1_RG-OchCBur021-LH00328-276-22KKJLLT3-L2-6F-B1_R1.fastq.gz	data/symlinks/OchCBur021_Ex1-6F-lcwgs-1_RG-OchCBur021-LH00328-276-22KKJLLT3-L2-6F-B1_R2.fastq.gz
OchCBur022_Ex1-7B-lcwgs-1_RG-OchCBur022-LH00328-276-22KKJLLT3-L2-7B-B1	OchCBur022	Och-CBur_022	CBur	modern	Ex1-7B-lcwgs-1	RG-OchCBur022-LH00328-276-22KKJLLT3-L2-7B-B1	3rd	Och-CBur_022_Ex1-7B-lcwgs-1-1	/archive/carpenterlab/pire/pire_ostorhinchus_chrysopomus_lcwgs/3rd_sequencing_run/fq_raw/Och-CBur_022_Ex1-7B-lcwgs-1-1.1.fq.gz	/archive/carpenterlab/pire/pire_ostorhinchus_chrysopomus_lcwgs/3rd_sequencing_run/fq_raw/Och-CBur_022_Ex1-7B-lcwgs-1-1.2.fq.gz	data/symlinks/OchCBur022_Ex1-7B-lcwgs-1_RG-OchCBur022-LH00328-276-22KKJLLT3-L2-7B-B1_R1.fastq.gz	data/symlinks/OchCBur022_Ex1-7B-lcwgs-1_RG-OchCBur022-LH00328-276-22KKJLLT3-L2-7B-B1_R2.fastq.gz
OchCBur023_Ex1-7G-lcwgs-1_RG-OchCBur023-LH00328-276-22KKJLLT3-L2-7G-B1	OchCBur023	Och-CBur_023	CBur	modern	Ex1-7G-lcwgs-1	RG-OchCBur023-LH00328-276-22KKJLLT3-L2-7G-B1	3rd	Och-CBur_023_Ex1-7G-lcwgs-1-1	/archive/carpenterlab/pire/pire_ostorhinchus_chrysopomus_lcwgs/3rd_sequencing_run/fq_raw/Och-CBur_023_Ex1-7G-lcwgs-1-1.1.fq.gz	/archive/carpenterlab/pire/pire_ostorhinchus_chrysopomus_lcwgs/3rd_sequencing_run/fq_raw/Och-CBur_023_Ex1-7G-lcwgs-1-1.2.fq.gz	data/symlinks/OchCBur023_Ex1-7G-lcwgs-1_RG-OchCBur023-LH00328-276-22KKJLLT3-L2-7G-B1_R1.fastq.gz	data/symlinks/OchCBur023_Ex1-7G-lcwgs-1_RG-OchCBur023-LH00328-276-22KKJLLT3-L2-7G-B1_R2.fastq.gz
OchCBur024_Ex1-8E-lcwgs-1_RG-OchCBur024-LH00328-276-22KKJLLT3-L2-8E-B1	OchCBur024	Och-CBur_024	CBur	modern	Ex1-8E-lcwgs-1	RG-OchCBur024-LH00328-276-22KKJLLT3-L2-8E-B1	3rd	Och-CBur_024_Ex1-8E-lcwgs-1-1	/archive/carpenterlab/pire/pire_ostorhinchus_chrysopomus_lcwgs/3rd_sequencing_run/fq_raw/Och-CBur_024_Ex1-8E-lcwgs-1-1.1.fq.gz	/archive/carpenterlab/pire/pire_ostorhinchus_chrysopomus_lcwgs/3rd_sequencing_run/fq_raw/Och-CBur_024_Ex1-8E-lcwgs-1-1.2.fq.gz	data/symlinks/OchCBur024_Ex1-8E-lcwgs-1_RG-OchCBur024-LH00328-276-22KKJLLT3-L2-8E-B1_R1.fastq.gz	data/symlinks/OchCBur024_Ex1-8E-lcwgs-1_RG-OchCBur024-LH00328-276-22KKJLLT3-L2-8E-B1_R2.fastq.gz
OchCBur025_Ex1-1B-lcwgs-1_RG-OchCBur025-LH00328-276-22KKJLLT3-L2-1B-B1	OchCBur025	Och-CBur_025	CBur	modern	Ex1-1B-lcwgs-1	RG-OchCBur025-LH00328-276-22KKJLLT3-L2-1B-B1	3rd	Och-CBur_025_Ex1-1B-lcwgs-1-1	/archive/carpenterlab/pire/pire_ostorhinchus_chrysopomus_lcwgs/3rd_sequencing_run/fq_raw/Och-CBur_025_Ex1-1B-lcwgs-1-1.1.fq.gz	/archive/carpenterlab/pire/pire_ostorhinchus_chrysopomus_lcwgs/3rd_sequencing_run/fq_raw/Och-CBur_025_Ex1-1B-lcwgs-1-1.2.fq.gz	data/symlinks/OchCBur025_Ex1-1B-lcwgs-1_RG-OchCBur025-LH00328-276-22KKJLLT3-L2-1B-B1_R1.fastq.gz	data/symlinks/OchCBur025_Ex1-1B-lcwgs-1_RG-OchCBur025-LH00328-276-22KKJLLT3-L2-1B-B1_R2.fastq.gz
OchCBur026_Ex1-1H-lcwgs-1_RG-OchCBur026-LH00328-276-22KKJLLT3-L2-1H-B1	OchCBur026	Och-CBur_026	CBur	modern	Ex1-1H-lcwgs-1	RG-OchCBur026-LH00328-276-22KKJLLT3-L2-1H-B1	3rd	Och-CBur_026_Ex1-1H-lcwgs-1-1	/archive/carpenterlab/pire/pire_ostorhinchus_chrysopomus_lcwgs/3rd_sequencing_run/fq_raw/Och-CBur_026_Ex1-1H-lcwgs-1-1.1.fq.gz	/archive/carpenterlab/pire/pire_ostorhinchus_chrysopomus_lcwgs/3rd_sequencing_run/fq_raw/Och-CBur_026_Ex1-1H-lcwgs-1-1.2.fq.gz	data/symlinks/OchCBur026_Ex1-1H-lcwgs-1_RG-OchCBur026-LH00328-276-22KKJLLT3-L2-1H-B1_R1.fastq.gz	data/symlinks/OchCBur026_Ex1-1H-lcwgs-1_RG-OchCBur026-LH00328-276-22KKJLLT3-L2-1H-B1_R2.fastq.gz
OchCBur028_Ex1-3B-lcwgs-1_RG-OchCBur028-LH00328-276-22KKJLLT3-L2-3B-B1	OchCBur028	Och-CBur_028	CBur	modern	Ex1-3B-lcwgs-1	RG-OchCBur028-LH00328-276-22KKJLLT3-L2-3B-B1	3rd	Och-CBur_028_Ex1-3B-lcwgs-1-1	/archive/carpenterlab/pire/pire_ostorhinchus_chrysopomus_lcwgs/3rd_sequencing_run/fq_raw/Och-CBur_028_Ex1-3B-lcwgs-1-1.1.fq.gz	/archive/carpenterlab/pire/pire_ostorhinchus_chrysopomus_lcwgs/3rd_sequencing_run/fq_raw/Och-CBur_028_Ex1-3B-lcwgs-1-1.2.fq.gz	data/symlinks/OchCBur028_Ex1-3B-lcwgs-1_RG-OchCBur028-LH00328-276-22KKJLLT3-L2-3B-B1_R1.fastq.gz	data/symlinks/OchCBur028_Ex1-3B-lcwgs-1_RG-OchCBur028-LH00328-276-22KKJLLT3-L2-3B-B1_R2.fastq.gz
OchCBur029_Ex1-4A-lcwgs-1_RG-OchCBur029-LH00328-276-22KKJLLT3-L2-4A-B1	OchCBur029	Och-CBur_029	CBur	modern	Ex1-4A-lcwgs-1	RG-OchCBur029-LH00328-276-22KKJLLT3-L2-4A-B1	3rd	Och-CBur_029_Ex1-4A-lcwgs-1-1	/archive/carpenterlab/pire/pire_ostorhinchus_chrysopomus_lcwgs/3rd_sequencing_run/fq_raw/Och-CBur_029_Ex1-4A-lcwgs-1-1.1.fq.gz	/archive/carpenterlab/pire/pire_ostorhinchus_chrysopomus_lcwgs/3rd_sequencing_run/fq_raw/Och-CBur_029_Ex1-4A-lcwgs-1-1.2.fq.gz	data/symlinks/OchCBur029_Ex1-4A-lcwgs-1_RG-OchCBur029-LH00328-276-22KKJLLT3-L2-4A-B1_R1.fastq.gz	data/symlinks/OchCBur029_Ex1-4A-lcwgs-1_RG-OchCBur029-LH00328-276-22KKJLLT3-L2-4A-B1_R2.fastq.gz
OchCBur030_Ex1-4H-lcwgs-1_RG-OchCBur030-LH00328-276-22KKJLLT3-L2-4H-B1	OchCBur030	Och-CBur_030	CBur	modern	Ex1-4H-lcwgs-1	RG-OchCBur030-LH00328-276-22KKJLLT3-L2-4H-B1	3rd	Och-CBur_030_Ex1-4H-lcwgs-1-1	/archive/carpenterlab/pire/pire_ostorhinchus_chrysopomus_lcwgs/3rd_sequencing_run/fq_raw/Och-CBur_030_Ex1-4H-lcwgs-1-1.1.fq.gz	/archive/carpenterlab/pire/pire_ostorhinchus_chrysopomus_lcwgs/3rd_sequencing_run/fq_raw/Och-CBur_030_Ex1-4H-lcwgs-1-1.2.fq.gz	data/symlinks/OchCBur030_Ex1-4H-lcwgs-1_RG-OchCBur030-LH00328-276-22KKJLLT3-L2-4H-B1_R1.fastq.gz	data/symlinks/OchCBur030_Ex1-4H-lcwgs-1_RG-OchCBur030-LH00328-276-22KKJLLT3-L2-4H-B1_R2.fastq.gz
OchCBur031_Ex1-5E-lcwgs-1_RG-OchCBur031-LH00328-276-22KKJLLT3-L2-5E-B1	OchCBur031	Och-CBur_031	CBur	modern	Ex1-5E-lcwgs-1	RG-OchCBur031-LH00328-276-22KKJLLT3-L2-5E-B1	3rd	Och-CBur_031_Ex1-5E-lcwgs-1-1	/archive/carpenterlab/pire/pire_ostorhinchus_chrysopomus_lcwgs/3rd_sequencing_run/fq_raw/Och-CBur_031_Ex1-5E-lcwgs-1-1.1.fq.gz	/archive/carpenterlab/pire/pire_ostorhinchus_chrysopomus_lcwgs/3rd_sequencing_run/fq_raw/Och-CBur_031_Ex1-5E-lcwgs-1-1.2.fq.gz	data/symlinks/OchCBur031_Ex1-5E-lcwgs-1_RG-OchCBur031-LH00328-276-22KKJLLT3-L2-5E-B1_R1.fastq.gz	data/symlinks/OchCBur031_Ex1-5E-lcwgs-1_RG-OchCBur031-LH00328-276-22KKJLLT3-L2-5E-B1_R2.fastq.gz
OchCBur032_Ex1-6B-lcwgs-1_RG-OchCBur032-LH00328-276-22KKJLLT3-L2-6B-B1	OchCBur032	Och-CBur_032	CBur	modern	Ex1-6B-lcwgs-1	RG-OchCBur032-LH00328-276-22KKJLLT3-L2-6B-B1	3rd	Och-CBur_032_Ex1-6B-lcwgs-1-1	/archive/carpenterlab/pire/pire_ostorhinchus_chrysopomus_lcwgs/3rd_sequencing_run/fq_raw/Och-CBur_032_Ex1-6B-lcwgs-1-1.1.fq.gz	/archive/carpenterlab/pire/pire_ostorhinchus_chrysopomus_lcwgs/3rd_sequencing_run/fq_raw/Och-CBur_032_Ex1-6B-lcwgs-1-1.2.fq.gz	data/symlinks/OchCBur032_Ex1-6B-lcwgs-1_RG-OchCBur032-LH00328-276-22KKJLLT3-L2-6B-B1_R1.fastq.gz	data/symlinks/OchCBur032_Ex1-6B-lcwgs-1_RG-OchCBur032-LH00328-276-22KKJLLT3-L2-6B-B1_R2.fastq.gz
OchCBur034_Ex1-7C-lcwgs-1_RG-OchCBur034-LH00328-276-22KKJLLT3-L2-7C-B1	OchCBur034	Och-CBur_034	CBur	modern	Ex1-7C-lcwgs-1	RG-OchCBur034-LH00328-276-22KKJLLT3-L2-7C-B1	3rd	Och-CBur_034_Ex1-7C-lcwgs-1-1	/archive/carpenterlab/pire/pire_ostorhinchus_chrysopomus_lcwgs/3rd_sequencing_run/fq_raw/Och-CBur_034_Ex1-7C-lcwgs-1-1.1.fq.gz	/archive/carpenterlab/pire/pire_ostorhinchus_chrysopomus_lcwgs/3rd_sequencing_run/fq_raw/Och-CBur_034_Ex1-7C-lcwgs-1-1.2.fq.gz	data/symlinks/OchCBur034_Ex1-7C-lcwgs-1_RG-OchCBur034-LH00328-276-22KKJLLT3-L2-7C-B1_R1.fastq.gz	data/symlinks/OchCBur034_Ex1-7C-lcwgs-1_RG-OchCBur034-LH00328-276-22KKJLLT3-L2-7C-B1_R2.fastq.gz
OchCBur035_Ex1-7H-lcwgs-1_RG-OchCBur035-LH00328-276-22KKJLLT3-L2-7H-B1	OchCBur035	Och-CBur_035	CBur	modern	Ex1-7H-lcwgs-1	RG-OchCBur035-LH00328-276-22KKJLLT3-L2-7H-B1	3rd	Och-CBur_035_Ex1-7H-lcwgs-1-1	/archive/carpenterlab/pire/pire_ostorhinchus_chrysopomus_lcwgs/3rd_sequencing_run/fq_raw/Och-CBur_035_Ex1-7H-lcwgs-1-1.1.fq.gz	/archive/carpenterlab/pire/pire_ostorhinchus_chrysopomus_lcwgs/3rd_sequencing_run/fq_raw/Och-CBur_035_Ex1-7H-lcwgs-1-1.2.fq.gz	data/symlinks/OchCBur035_Ex1-7H-lcwgs-1_RG-OchCBur035-LH00328-276-22KKJLLT3-L2-7H-B1_R1.fastq.gz	data/symlinks/OchCBur035_Ex1-7H-lcwgs-1_RG-OchCBur035-LH00328-276-22KKJLLT3-L2-7H-B1_R2.fastq.gz
OchCBur037_Ex1-1C-lcwgs-1_RG-OchCBur037-LH00328-276-22KKJLLT3-L2-1C-B1	OchCBur037	Och-CBur_037	CBur	modern	Ex1-1C-lcwgs-1	RG-OchCBur037-LH00328-276-22KKJLLT3-L2-1C-B1	3rd	Och-CBur_037_Ex1-1C-lcwgs-1-1	/archive/carpenterlab/pire/pire_ostorhinchus_chrysopomus_lcwgs/3rd_sequencing_run/fq_raw/Och-CBur_037_Ex1-1C-lcwgs-1-1.1.fq.gz	/archive/carpenterlab/pire/pire_ostorhinchus_chrysopomus_lcwgs/3rd_sequencing_run/fq_raw/Och-CBur_037_Ex1-1C-lcwgs-1-1.2.fq.gz	data/symlinks/OchCBur037_Ex1-1C-lcwgs-1_RG-OchCBur037-LH00328-276-22KKJLLT3-L2-1C-B1_R1.fastq.gz	data/symlinks/OchCBur037_Ex1-1C-lcwgs-1_RG-OchCBur037-LH00328-276-22KKJLLT3-L2-1C-B1_R2.fastq.gz
OchCBur038_Ex1-2A-lcwgs-1_RG-OchCBur038-LH00328-276-22KKJLLT3-L2-2A-B1	OchCBur038	Och-CBur_038	CBur	modern	Ex1-2A-lcwgs-1	RG-OchCBur038-LH00328-276-22KKJLLT3-L2-2A-B1	3rd	Och-CBur_038_Ex1-2A-lcwgs-1-1	/archive/carpenterlab/pire/pire_ostorhinchus_chrysopomus_lcwgs/3rd_sequencing_run/fq_raw/Och-CBur_038_Ex1-2A-lcwgs-1-1.1.fq.gz	/archive/carpenterlab/pire/pire_ostorhinchus_chrysopomus_lcwgs/3rd_sequencing_run/fq_raw/Och-CBur_038_Ex1-2A-lcwgs-1-1.2.fq.gz	data/symlinks/OchCBur038_Ex1-2A-lcwgs-1_RG-OchCBur038-LH00328-276-22KKJLLT3-L2-2A-B1_R1.fastq.gz	data/symlinks/OchCBur038_Ex1-2A-lcwgs-1_RG-OchCBur038-LH00328-276-22KKJLLT3-L2-2A-B1_R2.fastq.gz
OchCBur040_Ex1-3C-lcwgs-1_RG-OchCBur040-LH00328-276-22KKJLLT3-L2-3C-B1	OchCBur040	Och-CBur_040	CBur	modern	Ex1-3C-lcwgs-1	RG-OchCBur040-LH00328-276-22KKJLLT3-L2-3C-B1	3rd	Och-CBur_040_Ex1-3C-lcwgs-1-1	/archive/carpenterlab/pire/pire_ostorhinchus_chrysopomus_lcwgs/3rd_sequencing_run/fq_raw/Och-CBur_040_Ex1-3C-lcwgs-1-1.1.fq.gz	/archive/carpenterlab/pire/pire_ostorhinchus_chrysopomus_lcwgs/3rd_sequencing_run/fq_raw/Och-CBur_040_Ex1-3C-lcwgs-1-1.2.fq.gz	data/symlinks/OchCBur040_Ex1-3C-lcwgs-1_RG-OchCBur040-LH00328-276-22KKJLLT3-L2-3C-B1_R1.fastq.gz	data/symlinks/OchCBur040_Ex1-3C-lcwgs-1_RG-OchCBur040-LH00328-276-22KKJLLT3-L2-3C-B1_R2.fastq.gz
OchCBur041_Ex1-4B-lcwgs-1_RG-OchCBur041-LH00328-276-22KKJLLT3-L2-4B-B1	OchCBur041	Och-CBur_041	CBur	modern	Ex1-4B-lcwgs-1	RG-OchCBur041-LH00328-276-22KKJLLT3-L2-4B-B1	3rd	Och-CBur_041_Ex1-4B-lcwgs-1-1	/archive/carpenterlab/pire/pire_ostorhinchus_chrysopomus_lcwgs/3rd_sequencing_run/fq_raw/Och-CBur_041_Ex1-4B-lcwgs-1-1.1.fq.gz	/archive/carpenterlab/pire/pire_ostorhinchus_chrysopomus_lcwgs/3rd_sequencing_run/fq_raw/Och-CBur_041_Ex1-4B-lcwgs-1-1.2.fq.gz	data/symlinks/OchCBur041_Ex1-4B-lcwgs-1_RG-OchCBur041-LH00328-276-22KKJLLT3-L2-4B-B1_R1.fastq.gz	data/symlinks/OchCBur041_Ex1-4B-lcwgs-1_RG-OchCBur041-LH00328-276-22KKJLLT3-L2-4B-B1_R2.fastq.gz
OchCBur042_Ex1-5A-lcwgs-1_RG-OchCBur042-LH00328-276-22KKJLLT3-L2-5A-B1	OchCBur042	Och-CBur_042	CBur	modern	Ex1-5A-lcwgs-1	RG-OchCBur042-LH00328-276-22KKJLLT3-L2-5A-B1	3rd	Och-CBur_042_Ex1-5A-lcwgs-1-1	/archive/carpenterlab/pire/pire_ostorhinchus_chrysopomus_lcwgs/3rd_sequencing_run/fq_raw/Och-CBur_042_Ex1-5A-lcwgs-1-1.1.fq.gz	/archive/carpenterlab/pire/pire_ostorhinchus_chrysopomus_lcwgs/3rd_sequencing_run/fq_raw/Och-CBur_042_Ex1-5A-lcwgs-1-1.2.fq.gz	data/symlinks/OchCBur042_Ex1-5A-lcwgs-1_RG-OchCBur042-LH00328-276-22KKJLLT3-L2-5A-B1_R1.fastq.gz	data/symlinks/OchCBur042_Ex1-5A-lcwgs-1_RG-OchCBur042-LH00328-276-22KKJLLT3-L2-5A-B1_R2.fastq.gz
OchCBur043_Ex1-5F-lcwgs-1_RG-OchCBur043-LH00328-276-22KKJLLT3-L2-5F-B1	OchCBur043	Och-CBur_043	CBur	modern	Ex1-5F-lcwgs-1	RG-OchCBur043-LH00328-276-22KKJLLT3-L2-5F-B1	3rd	Och-CBur_043_Ex1-5F-lcwgs-1-1	/archive/carpenterlab/pire/pire_ostorhinchus_chrysopomus_lcwgs/3rd_sequencing_run/fq_raw/Och-CBur_043_Ex1-5F-lcwgs-1-1.1.fq.gz	/archive/carpenterlab/pire/pire_ostorhinchus_chrysopomus_lcwgs/3rd_sequencing_run/fq_raw/Och-CBur_043_Ex1-5F-lcwgs-1-1.2.fq.gz	data/symlinks/OchCBur043_Ex1-5F-lcwgs-1_RG-OchCBur043-LH00328-276-22KKJLLT3-L2-5F-B1_R1.fastq.gz	data/symlinks/OchCBur043_Ex1-5F-lcwgs-1_RG-OchCBur043-LH00328-276-22KKJLLT3-L2-5F-B1_R2.fastq.gz
OchCBur044_Ex1-6C-lcwgs-1_RG-OchCBur044-LH00328-276-22KKJLLT3-L2-6C-B1	OchCBur044	Och-CBur_044	CBur	modern	Ex1-6C-lcwgs-1	RG-OchCBur044-LH00328-276-22KKJLLT3-L2-6C-B1	3rd	Och-CBur_044_Ex1-6C-lcwgs-1-1	/archive/carpenterlab/pire/pire_ostorhinchus_chrysopomus_lcwgs/3rd_sequencing_run/fq_raw/Och-CBur_044_Ex1-6C-lcwgs-1-1.1.fq.gz	/archive/carpenterlab/pire/pire_ostorhinchus_chrysopomus_lcwgs/3rd_sequencing_run/fq_raw/Och-CBur_044_Ex1-6C-lcwgs-1-1.2.fq.gz	data/symlinks/OchCBur044_Ex1-6C-lcwgs-1_RG-OchCBur044-LH00328-276-22KKJLLT3-L2-6C-B1_R1.fastq.gz	data/symlinks/OchCBur044_Ex1-6C-lcwgs-1_RG-OchCBur044-LH00328-276-22KKJLLT3-L2-6C-B1_R2.fastq.gz
OchCBur045_Ex1-6G-lcwgs-1_RG-OchCBur045-LH00328-276-22KKJLLT3-L2-6G-B1	OchCBur045	Och-CBur_045	CBur	modern	Ex1-6G-lcwgs-1	RG-OchCBur045-LH00328-276-22KKJLLT3-L2-6G-B1	3rd	Och-CBur_045_Ex1-6G-lcwgs-1-1	/archive/carpenterlab/pire/pire_ostorhinchus_chrysopomus_lcwgs/3rd_sequencing_run/fq_raw/Och-CBur_045_Ex1-6G-lcwgs-1-1.1.fq.gz	/archive/carpenterlab/pire/pire_ostorhinchus_chrysopomus_lcwgs/3rd_sequencing_run/fq_raw/Och-CBur_045_Ex1-6G-lcwgs-1-1.2.fq.gz	data/symlinks/OchCBur045_Ex1-6G-lcwgs-1_RG-OchCBur045-LH00328-276-22KKJLLT3-L2-6G-B1_R1.fastq.gz	data/symlinks/OchCBur045_Ex1-6G-lcwgs-1_RG-OchCBur045-LH00328-276-22KKJLLT3-L2-6G-B1_R2.fastq.gz
OchCBur047_Ex1-8A-lcwgs-1_RG-OchCBur047-LH00328-276-22KKJLLT3-L2-8A-B1	OchCBur047	Och-CBur_047	CBur	modern	Ex1-8A-lcwgs-1	RG-OchCBur047-LH00328-276-22KKJLLT3-L2-8A-B1	3rd	Och-CBur_047_Ex1-8A-lcwgs-1-1	/archive/carpenterlab/pire/pire_ostorhinchus_chrysopomus_lcwgs/3rd_sequencing_run/fq_raw/Och-CBur_047_Ex1-8A-lcwgs-1-1.1.fq.gz	/archive/carpenterlab/pire/pire_ostorhinchus_chrysopomus_lcwgs/3rd_sequencing_run/fq_raw/Och-CBur_047_Ex1-8A-lcwgs-1-1.2.fq.gz	data/symlinks/OchCBur047_Ex1-8A-lcwgs-1_RG-OchCBur047-LH00328-276-22KKJLLT3-L2-8A-B1_R1.fastq.gz	data/symlinks/OchCBur047_Ex1-8A-lcwgs-1_RG-OchCBur047-LH00328-276-22KKJLLT3-L2-8A-B1_R2.fastq.gz
OchCBur049_Ex1-1D-lcwgs-1_RG-OchCBur049-LH00328-276-22KKJLLT3-L2-1D-B1	OchCBur049	Och-CBur_049	CBur	modern	Ex1-1D-lcwgs-1	RG-OchCBur049-LH00328-276-22KKJLLT3-L2-1D-B1	3rd	Och-CBur_049_Ex1-1D-lcwgs-1-1	/archive/carpenterlab/pire/pire_ostorhinchus_chrysopomus_lcwgs/3rd_sequencing_run/fq_raw/Och-CBur_049_Ex1-1D-lcwgs-1-1.1.fq.gz	/archive/carpenterlab/pire/pire_ostorhinchus_chrysopomus_lcwgs/3rd_sequencing_run/fq_raw/Och-CBur_049_Ex1-1D-lcwgs-1-1.2.fq.gz	data/symlinks/OchCBur049_Ex1-1D-lcwgs-1_RG-OchCBur049-LH00328-276-22KKJLLT3-L2-1D-B1_R1.fastq.gz	data/symlinks/OchCBur049_Ex1-1D-lcwgs-1_RG-OchCBur049-LH00328-276-22KKJLLT3-L2-1D-B1_R2.fastq.gz
OchCBur051_Ex1-2F-lcwgs-1_RG-OchCBur051-LH00328-276-22KKJLLT3-L2-2F-B1	OchCBur051	Och-CBur_051	CBur	modern	Ex1-2F-lcwgs-1	RG-OchCBur051-LH00328-276-22KKJLLT3-L2-2F-B1	3rd	Och-CBur_051_Ex1-2F-lcwgs-1-1	/archive/carpenterlab/pire/pire_ostorhinchus_chrysopomus_lcwgs/3rd_sequencing_run/fq_raw/Och-CBur_051_Ex1-2F-lcwgs-1-1.1.fq.gz	/archive/carpenterlab/pire/pire_ostorhinchus_chrysopomus_lcwgs/3rd_sequencing_run/fq_raw/Och-CBur_051_Ex1-2F-lcwgs-1-1.2.fq.gz	data/symlinks/OchCBur051_Ex1-2F-lcwgs-1_RG-OchCBur051-LH00328-276-22KKJLLT3-L2-2F-B1_R1.fastq.gz	data/symlinks/OchCBur051_Ex1-2F-lcwgs-1_RG-OchCBur051-LH00328-276-22KKJLLT3-L2-2F-B1_R2.fastq.gz
OchCBur052_Ex1-3D-lcwgs-1_RG-OchCBur052-LH00328-276-22KKJLLT3-L2-3D-B1	OchCBur052	Och-CBur_052	CBur	modern	Ex1-3D-lcwgs-1	RG-OchCBur052-LH00328-276-22KKJLLT3-L2-3D-B1	3rd	Och-CBur_052_Ex1-3D-lcwgs-1-1	/archive/carpenterlab/pire/pire_ostorhinchus_chrysopomus_lcwgs/3rd_sequencing_run/fq_raw/Och-CBur_052_Ex1-3D-lcwgs-1-1.1.fq.gz	/archive/carpenterlab/pire/pire_ostorhinchus_chrysopomus_lcwgs/3rd_sequencing_run/fq_raw/Och-CBur_052_Ex1-3D-lcwgs-1-1.2.fq.gz	data/symlinks/OchCBur052_Ex1-3D-lcwgs-1_RG-OchCBur052-LH00328-276-22KKJLLT3-L2-3D-B1_R1.fastq.gz	data/symlinks/OchCBur052_Ex1-3D-lcwgs-1_RG-OchCBur052-LH00328-276-22KKJLLT3-L2-3D-B1_R2.fastq.gz
OchCBur053_Ex1-4C-lcwgs-1_RG-OchCBur053-LH00328-276-22KKJLLT3-L2-4C-B1	OchCBur053	Och-CBur_053	CBur	modern	Ex1-4C-lcwgs-1	RG-OchCBur053-LH00328-276-22KKJLLT3-L2-4C-B1	3rd	Och-CBur_053_Ex1-4C-lcwgs-1-1	/archive/carpenterlab/pire/pire_ostorhinchus_chrysopomus_lcwgs/3rd_sequencing_run/fq_raw/Och-CBur_053_Ex1-4C-lcwgs-1-1.1.fq.gz	/archive/carpenterlab/pire/pire_ostorhinchus_chrysopomus_lcwgs/3rd_sequencing_run/fq_raw/Och-CBur_053_Ex1-4C-lcwgs-1-1.2.fq.gz	data/symlinks/OchCBur053_Ex1-4C-lcwgs-1_RG-OchCBur053-LH00328-276-22KKJLLT3-L2-4C-B1_R1.fastq.gz	data/symlinks/OchCBur053_Ex1-4C-lcwgs-1_RG-OchCBur053-LH00328-276-22KKJLLT3-L2-4C-B1_R2.fastq.gz
OchCBur054_Ex1-5B-lcwgs-1_RG-OchCBur054-LH00328-276-22KKJLLT3-L2-5B-B1	OchCBur054	Och-CBur_054	CBur	modern	Ex1-5B-lcwgs-1	RG-OchCBur054-LH00328-276-22KKJLLT3-L2-5B-B1	3rd	Och-CBur_054_Ex1-5B-lcwgs-1-1	/archive/carpenterlab/pire/pire_ostorhinchus_chrysopomus_lcwgs/3rd_sequencing_run/fq_raw/Och-CBur_054_Ex1-5B-lcwgs-1-1.1.fq.gz	/archive/carpenterlab/pire/pire_ostorhinchus_chrysopomus_lcwgs/3rd_sequencing_run/fq_raw/Och-CBur_054_Ex1-5B-lcwgs-1-1.2.fq.gz	data/symlinks/OchCBur054_Ex1-5B-lcwgs-1_RG-OchCBur054-LH00328-276-22KKJLLT3-L2-5B-B1_R1.fastq.gz	data/symlinks/OchCBur054_Ex1-5B-lcwgs-1_RG-OchCBur054-LH00328-276-22KKJLLT3-L2-5B-B1_R2.fastq.gz
OchCBur055_Ex1-5G-lcwgs-1_RG-OchCBur055-LH00328-276-22KKJLLT3-L2-5G-B1	OchCBur055	Och-CBur_055	CBur	modern	Ex1-5G-lcwgs-1	RG-OchCBur055-LH00328-276-22KKJLLT3-L2-5G-B1	3rd	Och-CBur_055_Ex1-5G-lcwgs-1-1	/archive/carpenterlab/pire/pire_ostorhinchus_chrysopomus_lcwgs/3rd_sequencing_run/fq_raw/Och-CBur_055_Ex1-5G-lcwgs-1-1.1.fq.gz	/archive/carpenterlab/pire/pire_ostorhinchus_chrysopomus_lcwgs/3rd_sequencing_run/fq_raw/Och-CBur_055_Ex1-5G-lcwgs-1-1.2.fq.gz	data/symlinks/OchCBur055_Ex1-5G-lcwgs-1_RG-OchCBur055-LH00328-276-22KKJLLT3-L2-5G-B1_R1.fastq.gz	data/symlinks/OchCBur055_Ex1-5G-lcwgs-1_RG-OchCBur055-LH00328-276-22KKJLLT3-L2-5G-B1_R2.fastq.gz
OchCBur056_Ex1-6D-lcwgs-1_RG-OchCBur056-LH00328-276-22KKJLLT3-L2-6D-B1	OchCBur056	Och-CBur_056	CBur	modern	Ex1-6D-lcwgs-1	RG-OchCBur056-LH00328-276-22KKJLLT3-L2-6D-B1	3rd	Och-CBur_056_Ex1-6D-lcwgs-1-1	/archive/carpenterlab/pire/pire_ostorhinchus_chrysopomus_lcwgs/3rd_sequencing_run/fq_raw/Och-CBur_056_Ex1-6D-lcwgs-1-1.1.fq.gz	/archive/carpenterlab/pire/pire_ostorhinchus_chrysopomus_lcwgs/3rd_sequencing_run/fq_raw/Och-CBur_056_Ex1-6D-lcwgs-1-1.2.fq.gz	data/symlinks/OchCBur056_Ex1-6D-lcwgs-1_RG-OchCBur056-LH00328-276-22KKJLLT3-L2-6D-B1_R1.fastq.gz	data/symlinks/OchCBur056_Ex1-6D-lcwgs-1_RG-OchCBur056-LH00328-276-22KKJLLT3-L2-6D-B1_R2.fastq.gz
OchCBur057_Ex1-6H-lcwgs-1_RG-OchCBur057-LH00328-276-22KKJLLT3-L2-6H-B1	OchCBur057	Och-CBur_057	CBur	modern	Ex1-6H-lcwgs-1	RG-OchCBur057-LH00328-276-22KKJLLT3-L2-6H-B1	3rd	Och-CBur_057_Ex1-6H-lcwgs-1-1	/archive/carpenterlab/pire/pire_ostorhinchus_chrysopomus_lcwgs/3rd_sequencing_run/fq_raw/Och-CBur_057_Ex1-6H-lcwgs-1-1.1.fq.gz	/archive/carpenterlab/pire/pire_ostorhinchus_chrysopomus_lcwgs/3rd_sequencing_run/fq_raw/Och-CBur_057_Ex1-6H-lcwgs-1-1.2.fq.gz	data/symlinks/OchCBur057_Ex1-6H-lcwgs-1_RG-OchCBur057-LH00328-276-22KKJLLT3-L2-6H-B1_R1.fastq.gz	data/symlinks/OchCBur057_Ex1-6H-lcwgs-1_RG-OchCBur057-LH00328-276-22KKJLLT3-L2-6H-B1_R2.fastq.gz
OchCBur058_Ex1-7D-lcwgs-1_RG-OchCBur058-LH00328-276-22KKJLLT3-L2-7D-B1	OchCBur058	Och-CBur_058	CBur	modern	Ex1-7D-lcwgs-1	RG-OchCBur058-LH00328-276-22KKJLLT3-L2-7D-B1	3rd	Och-CBur_058_Ex1-7D-lcwgs-1-1	/archive/carpenterlab/pire/pire_ostorhinchus_chrysopomus_lcwgs/3rd_sequencing_run/fq_raw/Och-CBur_058_Ex1-7D-lcwgs-1-1.1.fq.gz	/archive/carpenterlab/pire/pire_ostorhinchus_chrysopomus_lcwgs/3rd_sequencing_run/fq_raw/Och-CBur_058_Ex1-7D-lcwgs-1-1.2.fq.gz	data/symlinks/OchCBur058_Ex1-7D-lcwgs-1_RG-OchCBur058-LH00328-276-22KKJLLT3-L2-7D-B1_R1.fastq.gz	data/symlinks/OchCBur058_Ex1-7D-lcwgs-1_RG-OchCBur058-LH00328-276-22KKJLLT3-L2-7D-B1_R2.fastq.gz
OchCBur059_Ex1-8B-lcwgs-1_RG-OchCBur059-LH00328-276-22KKJLLT3-L2-8B-B1	OchCBur059	Och-CBur_059	CBur	modern	Ex1-8B-lcwgs-1	RG-OchCBur059-LH00328-276-22KKJLLT3-L2-8B-B1	3rd	Och-CBur_059_Ex1-8B-lcwgs-1-1	/archive/carpenterlab/pire/pire_ostorhinchus_chrysopomus_lcwgs/3rd_sequencing_run/fq_raw/Och-CBur_059_Ex1-8B-lcwgs-1-1.1.fq.gz	/archive/carpenterlab/pire/pire_ostorhinchus_chrysopomus_lcwgs/3rd_sequencing_run/fq_raw/Och-CBur_059_Ex1-8B-lcwgs-1-1.2.fq.gz	data/symlinks/OchCBur059_Ex1-8B-lcwgs-1_RG-OchCBur059-LH00328-276-22KKJLLT3-L2-8B-B1_R1.fastq.gz	data/symlinks/OchCBur059_Ex1-8B-lcwgs-1_RG-OchCBur059-LH00328-276-22KKJLLT3-L2-8B-B1_R2.fastq.gz
OchCBur060_Ex1-8F-lcwgs-1_RG-OchCBur060-LH00328-276-22KKJLLT3-L2-8F-B1	OchCBur060	Och-CBur_060	CBur	modern	Ex1-8F-lcwgs-1	RG-OchCBur060-LH00328-276-22KKJLLT3-L2-8F-B1	3rd	Och-CBur_060_Ex1-8F-lcwgs-1-1	/archive/carpenterlab/pire/pire_ostorhinchus_chrysopomus_lcwgs/3rd_sequencing_run/fq_raw/Och-CBur_060_Ex1-8F-lcwgs-1-1.1.fq.gz	/archive/carpenterlab/pire/pire_ostorhinchus_chrysopomus_lcwgs/3rd_sequencing_run/fq_raw/Och-CBur_060_Ex1-8F-lcwgs-1-1.2.fq.gz	data/symlinks/OchCBur060_Ex1-8F-lcwgs-1_RG-OchCBur060-LH00328-276-22KKJLLT3-L2-8F-B1_R1.fastq.gz	data/symlinks/OchCBur060_Ex1-8F-lcwgs-1_RG-OchCBur060-LH00328-276-22KKJLLT3-L2-8F-B1_R2.fastq.gz
OchCBur061_Ex1-1E-lcwgs-1_RG-OchCBur061-LH00328-276-22KKJLLT3-L2-1E-B1	OchCBur061	Och-CBur_061	CBur	modern	Ex1-1E-lcwgs-1	RG-OchCBur061-LH00328-276-22KKJLLT3-L2-1E-B1	3rd	Och-CBur_061_Ex1-1E-lcwgs-1-1	/archive/carpenterlab/pire/pire_ostorhinchus_chrysopomus_lcwgs/3rd_sequencing_run/fq_raw/Och-CBur_061_Ex1-1E-lcwgs-1-1.1.fq.gz	/archive/carpenterlab/pire/pire_ostorhinchus_chrysopomus_lcwgs/3rd_sequencing_run/fq_raw/Och-CBur_061_Ex1-1E-lcwgs-1-1.2.fq.gz	data/symlinks/OchCBur061_Ex1-1E-lcwgs-1_RG-OchCBur061-LH00328-276-22KKJLLT3-L2-1E-B1_R1.fastq.gz	data/symlinks/OchCBur061_Ex1-1E-lcwgs-1_RG-OchCBur061-LH00328-276-22KKJLLT3-L2-1E-B1_R2.fastq.gz
OchCBur062_Ex1-2B-lcwgs-1_RG-OchCBur062-LH00328-276-22KKJLLT3-L2-2B-B1	OchCBur062	Och-CBur_062	CBur	modern	Ex1-2B-lcwgs-1	RG-OchCBur062-LH00328-276-22KKJLLT3-L2-2B-B1	3rd	Och-CBur_062_Ex1-2B-lcwgs-1-1	/archive/carpenterlab/pire/pire_ostorhinchus_chrysopomus_lcwgs/3rd_sequencing_run/fq_raw/Och-CBur_062_Ex1-2B-lcwgs-1-1.1.fq.gz	/archive/carpenterlab/pire/pire_ostorhinchus_chrysopomus_lcwgs/3rd_sequencing_run/fq_raw/Och-CBur_062_Ex1-2B-lcwgs-1-1.2.fq.gz	data/symlinks/OchCBur062_Ex1-2B-lcwgs-1_RG-OchCBur062-LH00328-276-22KKJLLT3-L2-2B-B1_R1.fastq.gz	data/symlinks/OchCBur062_Ex1-2B-lcwgs-1_RG-OchCBur062-LH00328-276-22KKJLLT3-L2-2B-B1_R2.fastq.gz
OchCBur063_Ex1-2G-lcwgs-1_RG-OchCBur063-LH00328-276-22KKJLLT3-L2-2G-B1	OchCBur063	Och-CBur_063	CBur	modern	Ex1-2G-lcwgs-1	RG-OchCBur063-LH00328-276-22KKJLLT3-L2-2G-B1	3rd	Och-CBur_063_Ex1-2G-lcwgs-1-1	/archive/carpenterlab/pire/pire_ostorhinchus_chrysopomus_lcwgs/3rd_sequencing_run/fq_raw/Och-CBur_063_Ex1-2G-lcwgs-1-1.1.fq.gz	/archive/carpenterlab/pire/pire_ostorhinchus_chrysopomus_lcwgs/3rd_sequencing_run/fq_raw/Och-CBur_063_Ex1-2G-lcwgs-1-1.2.fq.gz	data/symlinks/OchCBur063_Ex1-2G-lcwgs-1_RG-OchCBur063-LH00328-276-22KKJLLT3-L2-2G-B1_R1.fastq.gz	data/symlinks/OchCBur063_Ex1-2G-lcwgs-1_RG-OchCBur063-LH00328-276-22KKJLLT3-L2-2G-B1_R2.fastq.gz
OchCBur064_Ex1-3E-lcwgs-1_RG-OchCBur064-LH00328-276-22KKJLLT3-L2-3E-B1	OchCBur064	Och-CBur_064	CBur	modern	Ex1-3E-lcwgs-1	RG-OchCBur064-LH00328-276-22KKJLLT3-L2-3E-B1	3rd	Och-CBur_064_Ex1-3E-lcwgs-1-1	/archive/carpenterlab/pire/pire_ostorhinchus_chrysopomus_lcwgs/3rd_sequencing_run/fq_raw/Och-CBur_064_Ex1-3E-lcwgs-1-1.1.fq.gz	/archive/carpenterlab/pire/pire_ostorhinchus_chrysopomus_lcwgs/3rd_sequencing_run/fq_raw/Och-CBur_064_Ex1-3E-lcwgs-1-1.2.fq.gz	data/symlinks/OchCBur064_Ex1-3E-lcwgs-1_RG-OchCBur064-LH00328-276-22KKJLLT3-L2-3E-B1_R1.fastq.gz	data/symlinks/OchCBur064_Ex1-3E-lcwgs-1_RG-OchCBur064-LH00328-276-22KKJLLT3-L2-3E-B1_R2.fastq.gz
OchCBur065_Ex1-4D-lcwgs-1_RG-OchCBur065-LH00328-276-22KKJLLT3-L2-4D-B1	OchCBur065	Och-CBur_065	CBur	modern	Ex1-4D-lcwgs-1	RG-OchCBur065-LH00328-276-22KKJLLT3-L2-4D-B1	3rd	Och-CBur_065_Ex1-4D-lcwgs-1-1	/archive/carpenterlab/pire/pire_ostorhinchus_chrysopomus_lcwgs/3rd_sequencing_run/fq_raw/Och-CBur_065_Ex1-4D-lcwgs-1-1.1.fq.gz	/archive/carpenterlab/pire/pire_ostorhinchus_chrysopomus_lcwgs/3rd_sequencing_run/fq_raw/Och-CBur_065_Ex1-4D-lcwgs-1-1.2.fq.gz	data/symlinks/OchCBur065_Ex1-4D-lcwgs-1_RG-OchCBur065-LH00328-276-22KKJLLT3-L2-4D-B1_R1.fastq.gz	data/symlinks/OchCBur065_Ex1-4D-lcwgs-1_RG-OchCBur065-LH00328-276-22KKJLLT3-L2-4D-B1_R2.fastq.gz
OchCBur066_Ex1-5C-lcwgs-1_RG-OchCBur066-LH00328-276-22KKJLLT3-L2-5C-B1	OchCBur066	Och-CBur_066	CBur	modern	Ex1-5C-lcwgs-1	RG-OchCBur066-LH00328-276-22KKJLLT3-L2-5C-B1	3rd	Och-CBur_066_Ex1-5C-lcwgs-1-1	/archive/carpenterlab/pire/pire_ostorhinchus_chrysopomus_lcwgs/3rd_sequencing_run/fq_raw/Och-CBur_066_Ex1-5C-lcwgs-1-1.1.fq.gz	/archive/carpenterlab/pire/pire_ostorhinchus_chrysopomus_lcwgs/3rd_sequencing_run/fq_raw/Och-CBur_066_Ex1-5C-lcwgs-1-1.2.fq.gz	data/symlinks/OchCBur066_Ex1-5C-lcwgs-1_RG-OchCBur066-LH00328-276-22KKJLLT3-L2-5C-B1_R1.fastq.gz	data/symlinks/OchCBur066_Ex1-5C-lcwgs-1_RG-OchCBur066-LH00328-276-22KKJLLT3-L2-5C-B1_R2.fastq.gz
OchCBur067_Ex1-5H-lcwgs-1_RG-OchCBur067-LH00328-276-22KKJLLT3-L2-5H-B1	OchCBur067	Och-CBur_067	CBur	modern	Ex1-5H-lcwgs-1	RG-OchCBur067-LH00328-276-22KKJLLT3-L2-5H-B1	3rd	Och-CBur_067_Ex1-5H-lcwgs-1-1	/archive/carpenterlab/pire/pire_ostorhinchus_chrysopomus_lcwgs/3rd_sequencing_run/fq_raw/Och-CBur_067_Ex1-5H-lcwgs-1-1.1.fq.gz	/archive/carpenterlab/pire/pire_ostorhinchus_chrysopomus_lcwgs/3rd_sequencing_run/fq_raw/Och-CBur_067_Ex1-5H-lcwgs-1-1.2.fq.gz	data/symlinks/OchCBur067_Ex1-5H-lcwgs-1_RG-OchCBur067-LH00328-276-22KKJLLT3-L2-5H-B1_R1.fastq.gz	data/symlinks/OchCBur067_Ex1-5H-lcwgs-1_RG-OchCBur067-LH00328-276-22KKJLLT3-L2-5H-B1_R2.fastq.gz
OchCBur069_Ex1-7A-lcwgs-1_RG-OchCBur069-LH00328-276-22KKJLLT3-L2-7A-B1	OchCBur069	Och-CBur_069	CBur	modern	Ex1-7A-lcwgs-1	RG-OchCBur069-LH00328-276-22KKJLLT3-L2-7A-B1	3rd	Och-CBur_069_Ex1-7A-lcwgs-1-1	/archive/carpenterlab/pire/pire_ostorhinchus_chrysopomus_lcwgs/3rd_sequencing_run/fq_raw/Och-CBur_069_Ex1-7A-lcwgs-1-1.1.fq.gz	/archive/carpenterlab/pire/pire_ostorhinchus_chrysopomus_lcwgs/3rd_sequencing_run/fq_raw/Och-CBur_069_Ex1-7A-lcwgs-1-1.2.fq.gz	data/symlinks/OchCBur069_Ex1-7A-lcwgs-1_RG-OchCBur069-LH00328-276-22KKJLLT3-L2-7A-B1_R1.fastq.gz	data/symlinks/OchCBur069_Ex1-7A-lcwgs-1_RG-OchCBur069-LH00328-276-22KKJLLT3-L2-7A-B1_R2.fastq.gz
OchCBur070_Ex1-7E-lcwgs-1_RG-OchCBur070-LH00328-276-22KKJLLT3-L2-7E-B1	OchCBur070	Och-CBur_070	CBur	modern	Ex1-7E-lcwgs-1	RG-OchCBur070-LH00328-276-22KKJLLT3-L2-7E-B1	3rd	Och-CBur_070_Ex1-7E-lcwgs-1-1	/archive/carpenterlab/pire/pire_ostorhinchus_chrysopomus_lcwgs/3rd_sequencing_run/fq_raw/Och-CBur_070_Ex1-7E-lcwgs-1-1.1.fq.gz	/archive/carpenterlab/pire/pire_ostorhinchus_chrysopomus_lcwgs/3rd_sequencing_run/fq_raw/Och-CBur_070_Ex1-7E-lcwgs-1-1.2.fq.gz	data/symlinks/OchCBur070_Ex1-7E-lcwgs-1_RG-OchCBur070-LH00328-276-22KKJLLT3-L2-7E-B1_R1.fastq.gz	data/symlinks/OchCBur070_Ex1-7E-lcwgs-1_RG-OchCBur070-LH00328-276-22KKJLLT3-L2-7E-B1_R2.fastq.gz
OchCBur071_Ex1-8C-lcwgs-1_RG-OchCBur071-LH00328-276-22KKJLLT3-L2-8C-B1	OchCBur071	Och-CBur_071	CBur	modern	Ex1-8C-lcwgs-1	RG-OchCBur071-LH00328-276-22KKJLLT3-L2-8C-B1	3rd	Och-CBur_071_Ex1-8C-lcwgs-1-1	/archive/carpenterlab/pire/pire_ostorhinchus_chrysopomus_lcwgs/3rd_sequencing_run/fq_raw/Och-CBur_071_Ex1-8C-lcwgs-1-1.1.fq.gz	/archive/carpenterlab/pire/pire_ostorhinchus_chrysopomus_lcwgs/3rd_sequencing_run/fq_raw/Och-CBur_071_Ex1-8C-lcwgs-1-1.2.fq.gz	data/symlinks/OchCBur071_Ex1-8C-lcwgs-1_RG-OchCBur071-LH00328-276-22KKJLLT3-L2-8C-B1_R1.fastq.gz	data/symlinks/OchCBur071_Ex1-8C-lcwgs-1_RG-OchCBur071-LH00328-276-22KKJLLT3-L2-8C-B1_R2.fastq.gz
OchCBur072_Ex1-8G-lcwgs-1_RG-OchCBur072-LH00328-276-22KKJLLT3-L2-8G-B1	OchCBur072	Och-CBur_072	CBur	modern	Ex1-8G-lcwgs-1	RG-OchCBur072-LH00328-276-22KKJLLT3-L2-8G-B1	3rd	Och-CBur_072_Ex1-8G-lcwgs-1-1	/archive/carpenterlab/pire/pire_ostorhinchus_chrysopomus_lcwgs/3rd_sequencing_run/fq_raw/Och-CBur_072_Ex1-8G-lcwgs-1-1.1.fq.gz	/archive/carpenterlab/pire/pire_ostorhinchus_chrysopomus_lcwgs/3rd_sequencing_run/fq_raw/Och-CBur_072_Ex1-8G-lcwgs-1-1.2.fq.gz	data/symlinks/OchCBur072_Ex1-8G-lcwgs-1_RG-OchCBur072-LH00328-276-22KKJLLT3-L2-8G-B1_R1.fastq.gz	data/symlinks/OchCBur072_Ex1-8G-lcwgs-1_RG-OchCBur072-LH00328-276-22KKJLLT3-L2-8G-B1_R2.fastq.gz
OchCBur073_Ex1-1F-lcwgs-1_RG-OchCBur073-LH00328-276-22KKJLLT3-L2-1F-B1	OchCBur073	Och-CBur_073	CBur	modern	Ex1-1F-lcwgs-1	RG-OchCBur073-LH00328-276-22KKJLLT3-L2-1F-B1	3rd	Och-CBur_073_Ex1-1F-lcwgs-1-1	/archive/carpenterlab/pire/pire_ostorhinchus_chrysopomus_lcwgs/3rd_sequencing_run/fq_raw/Och-CBur_073_Ex1-1F-lcwgs-1-1.1.fq.gz	/archive/carpenterlab/pire/pire_ostorhinchus_chrysopomus_lcwgs/3rd_sequencing_run/fq_raw/Och-CBur_073_Ex1-1F-lcwgs-1-1.2.fq.gz	data/symlinks/OchCBur073_Ex1-1F-lcwgs-1_RG-OchCBur073-LH00328-276-22KKJLLT3-L2-1F-B1_R1.fastq.gz	data/symlinks/OchCBur073_Ex1-1F-lcwgs-1_RG-OchCBur073-LH00328-276-22KKJLLT3-L2-1F-B1_R2.fastq.gz
OchCBur074_Ex1-2C-lcwgs-1_RG-OchCBur074-LH00328-276-22KKJLLT3-L2-2C-B1	OchCBur074	Och-CBur_074	CBur	modern	Ex1-2C-lcwgs-1	RG-OchCBur074-LH00328-276-22KKJLLT3-L2-2C-B1	3rd	Och-CBur_074_Ex1-2C-lcwgs-1-1	/archive/carpenterlab/pire/pire_ostorhinchus_chrysopomus_lcwgs/3rd_sequencing_run/fq_raw/Och-CBur_074_Ex1-2C-lcwgs-1-1.1.fq.gz	/archive/carpenterlab/pire/pire_ostorhinchus_chrysopomus_lcwgs/3rd_sequencing_run/fq_raw/Och-CBur_074_Ex1-2C-lcwgs-1-1.2.fq.gz	data/symlinks/OchCBur074_Ex1-2C-lcwgs-1_RG-OchCBur074-LH00328-276-22KKJLLT3-L2-2C-B1_R1.fastq.gz	data/symlinks/OchCBur074_Ex1-2C-lcwgs-1_RG-OchCBur074-LH00328-276-22KKJLLT3-L2-2C-B1_R2.fastq.gz
OchCBur076_Ex1-3F-lcwgs-1_RG-OchCBur076-LH00328-276-22KKJLLT3-L2-3F-B1	OchCBur076	Och-CBur_076	CBur	modern	Ex1-3F-lcwgs-1	RG-OchCBur076-LH00328-276-22KKJLLT3-L2-3F-B1	3rd	Och-CBur_076_Ex1-3F-lcwgs-1-1	/archive/carpenterlab/pire/pire_ostorhinchus_chrysopomus_lcwgs/3rd_sequencing_run/fq_raw/Och-CBur_076_Ex1-3F-lcwgs-1-1.1.fq.gz	/archive/carpenterlab/pire/pire_ostorhinchus_chrysopomus_lcwgs/3rd_sequencing_run/fq_raw/Och-CBur_076_Ex1-3F-lcwgs-1-1.2.fq.gz	data/symlinks/OchCBur076_Ex1-3F-lcwgs-1_RG-OchCBur076-LH00328-276-22KKJLLT3-L2-3F-B1_R1.fastq.gz	data/symlinks/OchCBur076_Ex1-3F-lcwgs-1_RG-OchCBur076-LH00328-276-22KKJLLT3-L2-3F-B1_R2.fastq.gz
OchCBur077_Ex1-4E-lcwgs-1_RG-OchCBur077-LH00328-276-22KKJLLT3-L2-4E-B1	OchCBur077	Och-CBur_077	CBur	modern	Ex1-4E-lcwgs-1	RG-OchCBur077-LH00328-276-22KKJLLT3-L2-4E-B1	3rd	Och-CBur_077_Ex1-4E-lcwgs-1-1	/archive/carpenterlab/pire/pire_ostorhinchus_chrysopomus_lcwgs/3rd_sequencing_run/fq_raw/Och-CBur_077_Ex1-4E-lcwgs-1-1.1.fq.gz	/archive/carpenterlab/pire/pire_ostorhinchus_chrysopomus_lcwgs/3rd_sequencing_run/fq_raw/Och-CBur_077_Ex1-4E-lcwgs-1-1.2.fq.gz	data/symlinks/OchCBur077_Ex1-4E-lcwgs-1_RG-OchCBur077-LH00328-276-22KKJLLT3-L2-4E-B1_R1.fastq.gz	data/symlinks/OchCBur077_Ex1-4E-lcwgs-1_RG-OchCBur077-LH00328-276-22KKJLLT3-L2-4E-B1_R2.fastq.gz
OchCBur078_Ex1-5D-lcwgs-1_RG-OchCBur078-LH00328-276-22KKJLLT3-L2-5D-B1	OchCBur078	Och-CBur_078	CBur	modern	Ex1-5D-lcwgs-1	RG-OchCBur078-LH00328-276-22KKJLLT3-L2-5D-B1	3rd	Och-CBur_078_Ex1-5D-lcwgs-1-1	/archive/carpenterlab/pire/pire_ostorhinchus_chrysopomus_lcwgs/3rd_sequencing_run/fq_raw/Och-CBur_078_Ex1-5D-lcwgs-1-1.1.fq.gz	/archive/carpenterlab/pire/pire_ostorhinchus_chrysopomus_lcwgs/3rd_sequencing_run/fq_raw/Och-CBur_078_Ex1-5D-lcwgs-1-1.2.fq.gz	data/symlinks/OchCBur078_Ex1-5D-lcwgs-1_RG-OchCBur078-LH00328-276-22KKJLLT3-L2-5D-B1_R1.fastq.gz	data/symlinks/OchCBur078_Ex1-5D-lcwgs-1_RG-OchCBur078-LH00328-276-22KKJLLT3-L2-5D-B1_R2.fastq.gz
OchCBur079_Ex1-6A-lcwgs-1_RG-OchCBur079-LH00328-276-22KKJLLT3-L2-6A-B1	OchCBur079	Och-CBur_079	CBur	modern	Ex1-6A-lcwgs-1	RG-OchCBur079-LH00328-276-22KKJLLT3-L2-6A-B1	3rd	Och-CBur_079_Ex1-6A-lcwgs-1-1	/archive/carpenterlab/pire/pire_ostorhinchus_chrysopomus_lcwgs/3rd_sequencing_run/fq_raw/Och-CBur_079_Ex1-6A-lcwgs-1-1.1.fq.gz	/archive/carpenterlab/pire/pire_ostorhinchus_chrysopomus_lcwgs/3rd_sequencing_run/fq_raw/Och-CBur_079_Ex1-6A-lcwgs-1-1.2.fq.gz	data/symlinks/OchCBur079_Ex1-6A-lcwgs-1_RG-OchCBur079-LH00328-276-22KKJLLT3-L2-6A-B1_R1.fastq.gz	data/symlinks/OchCBur079_Ex1-6A-lcwgs-1_RG-OchCBur079-LH00328-276-22KKJLLT3-L2-6A-B1_R2.fastq.gz
OchCBur080_Ex1-6E-lcwgs-1_RG-OchCBur080-LH00328-276-22KKJLLT3-L2-6E-B1	OchCBur080	Och-CBur_080	CBur	modern	Ex1-6E-lcwgs-1	RG-OchCBur080-LH00328-276-22KKJLLT3-L2-6E-B1	3rd	Och-CBur_080_Ex1-6E-lcwgs-1-1	/archive/carpenterlab/pire/pire_ostorhinchus_chrysopomus_lcwgs/3rd_sequencing_run/fq_raw/Och-CBur_080_Ex1-6E-lcwgs-1-1.1.fq.gz	/archive/carpenterlab/pire/pire_ostorhinchus_chrysopomus_lcwgs/3rd_sequencing_run/fq_raw/Och-CBur_080_Ex1-6E-lcwgs-1-1.2.fq.gz	data/symlinks/OchCBur080_Ex1-6E-lcwgs-1_RG-OchCBur080-LH00328-276-22KKJLLT3-L2-6E-B1_R1.fastq.gz	data/symlinks/OchCBur080_Ex1-6E-lcwgs-1_RG-OchCBur080-LH00328-276-22KKJLLT3-L2-6E-B1_R2.fastq.gz
OchCBur082_Ex1-7F-lcwgs-1_RG-OchCBur082-LH00328-276-22KKJLLT3-L2-7F-B1	OchCBur082	Och-CBur_082	CBur	modern	Ex1-7F-lcwgs-1	RG-OchCBur082-LH00328-276-22KKJLLT3-L2-7F-B1	3rd	Och-CBur_082_Ex1-7F-lcwgs-1-1	/archive/carpenterlab/pire/pire_ostorhinchus_chrysopomus_lcwgs/3rd_sequencing_run/fq_raw/Och-CBur_082_Ex1-7F-lcwgs-1-1.1.fq.gz	/archive/carpenterlab/pire/pire_ostorhinchus_chrysopomus_lcwgs/3rd_sequencing_run/fq_raw/Och-CBur_082_Ex1-7F-lcwgs-1-1.2.fq.gz	data/symlinks/OchCBur082_Ex1-7F-lcwgs-1_RG-OchCBur082-LH00328-276-22KKJLLT3-L2-7F-B1_R1.fastq.gz	data/symlinks/OchCBur082_Ex1-7F-lcwgs-1_RG-OchCBur082-LH00328-276-22KKJLLT3-L2-7F-B1_R2.fastq.gz
OchCBur083_Ex1-8D-lcwgs-1_RG-OchCBur083-LH00328-276-22KKJLLT3-L2-8D-B1	OchCBur083	Och-CBur_083	CBur	modern	Ex1-8D-lcwgs-1	RG-OchCBur083-LH00328-276-22KKJLLT3-L2-8D-B1	3rd	Och-CBur_083_Ex1-8D-lcwgs-1-1	/archive/carpenterlab/pire/pire_ostorhinchus_chrysopomus_lcwgs/3rd_sequencing_run/fq_raw/Och-CBur_083_Ex1-8D-lcwgs-1-1.1.fq.gz	/archive/carpenterlab/pire/pire_ostorhinchus_chrysopomus_lcwgs/3rd_sequencing_run/fq_raw/Och-CBur_083_Ex1-8D-lcwgs-1-1.2.fq.gz	data/symlinks/OchCBur083_Ex1-8D-lcwgs-1_RG-OchCBur083-LH00328-276-22KKJLLT3-L2-8D-B1_R1.fastq.gz	data/symlinks/OchCBur083_Ex1-8D-lcwgs-1_RG-OchCBur083-LH00328-276-22KKJLLT3-L2-8D-B1_R2.fastq.gz
OchCBur084_Ex1-8H-lcwgs-1_RG-OchCBur084-LH00328-276-22KKJLLT3-L2-8H-B1	OchCBur084	Och-CBur_084	CBur	modern	Ex1-8H-lcwgs-1	RG-OchCBur084-LH00328-276-22KKJLLT3-L2-8H-B1	3rd	Och-CBur_084_Ex1-8H-lcwgs-1-1	/archive/carpenterlab/pire/pire_ostorhinchus_chrysopomus_lcwgs/3rd_sequencing_run/fq_raw/Och-CBur_084_Ex1-8H-lcwgs-1-1.1.fq.gz	/archive/carpenterlab/pire/pire_ostorhinchus_chrysopomus_lcwgs/3rd_sequencing_run/fq_raw/Och-CBur_084_Ex1-8H-lcwgs-1-1.2.fq.gz	data/symlinks/OchCBur084_Ex1-8H-lcwgs-1_RG-OchCBur084-LH00328-276-22KKJLLT3-L2-8H-B1_R1.fastq.gz	data/symlinks/OchCBur084_Ex1-8H-lcwgs-1_RG-OchCBur084-LH00328-276-22KKJLLT3-L2-8H-B1_R2.fastq.gz
OchCBur086_Ex1-2D-lcwgs-1_RG-OchCBur086-LH00328-276-22KKJLLT3-L2-2D-B1	OchCBur086	Och-CBur_086	CBur	modern	Ex1-2D-lcwgs-1	RG-OchCBur086-LH00328-276-22KKJLLT3-L2-2D-B1	3rd	Och-CBur_086_Ex1-2D-lcwgs-1-1	/archive/carpenterlab/pire/pire_ostorhinchus_chrysopomus_lcwgs/3rd_sequencing_run/fq_raw/Och-CBur_086_Ex1-2D-lcwgs-1-1.1.fq.gz	/archive/carpenterlab/pire/pire_ostorhinchus_chrysopomus_lcwgs/3rd_sequencing_run/fq_raw/Och-CBur_086_Ex1-2D-lcwgs-1-1.2.fq.gz	data/symlinks/OchCBur086_Ex1-2D-lcwgs-1_RG-OchCBur086-LH00328-276-22KKJLLT3-L2-2D-B1_R1.fastq.gz	data/symlinks/OchCBur086_Ex1-2D-lcwgs-1_RG-OchCBur086-LH00328-276-22KKJLLT3-L2-2D-B1_R2.fastq.gz
OchCBur087_Ex1-2H-lcwgs-1_RG-OchCBur087-LH00328-276-22KKJLLT3-L2-2H-B1	OchCBur087	Och-CBur_087	CBur	modern	Ex1-2H-lcwgs-1	RG-OchCBur087-LH00328-276-22KKJLLT3-L2-2H-B1	3rd	Och-CBur_087_Ex1-2H-lcwgs-1-1	/archive/carpenterlab/pire/pire_ostorhinchus_chrysopomus_lcwgs/3rd_sequencing_run/fq_raw/Och-CBur_087_Ex1-2H-lcwgs-1-1.1.fq.gz	/archive/carpenterlab/pire/pire_ostorhinchus_chrysopomus_lcwgs/3rd_sequencing_run/fq_raw/Och-CBur_087_Ex1-2H-lcwgs-1-1.2.fq.gz	data/symlinks/OchCBur087_Ex1-2H-lcwgs-1_RG-OchCBur087-LH00328-276-22KKJLLT3-L2-2H-B1_R1.fastq.gz	data/symlinks/OchCBur087_Ex1-2H-lcwgs-1_RG-OchCBur087-LH00328-276-22KKJLLT3-L2-2H-B1_R2.fastq.gz
OchCBur088_Ex1-3G-lcwgs-1_RG-OchCBur088-LH00328-276-22KKJLLT3-L2-3G-B1	OchCBur088	Och-CBur_088	CBur	modern	Ex1-3G-lcwgs-1	RG-OchCBur088-LH00328-276-22KKJLLT3-L2-3G-B1	3rd	Och-CBur_088_Ex1-3G-lcwgs-1-1	/archive/carpenterlab/pire/pire_ostorhinchus_chrysopomus_lcwgs/3rd_sequencing_run/fq_raw/Och-CBur_088_Ex1-3G-lcwgs-1-1.1.fq.gz	/archive/carpenterlab/pire/pire_ostorhinchus_chrysopomus_lcwgs/3rd_sequencing_run/fq_raw/Och-CBur_088_Ex1-3G-lcwgs-1-1.2.fq.gz	data/symlinks/OchCBur088_Ex1-3G-lcwgs-1_RG-OchCBur088-LH00328-276-22KKJLLT3-L2-3G-B1_R1.fastq.gz	data/symlinks/OchCBur088_Ex1-3G-lcwgs-1_RG-OchCBur088-LH00328-276-22KKJLLT3-L2-3G-B1_R2.fastq.gz
OchCBur089_Ex1-4F-lcwgs-1_RG-OchCBur089-LH00328-276-22KKJLLT3-L2-4F-B1	OchCBur089	Och-CBur_089	CBur	modern	Ex1-4F-lcwgs-1	RG-OchCBur089-LH00328-276-22KKJLLT3-L2-4F-B1	3rd	Och-CBur_089_Ex1-4F-lcwgs-1-1	/archive/carpenterlab/pire/pire_ostorhinchus_chrysopomus_lcwgs/3rd_sequencing_run/fq_raw/Och-CBur_089_Ex1-4F-lcwgs-1-1.1.fq.gz	/archive/carpenterlab/pire/pire_ostorhinchus_chrysopomus_lcwgs/3rd_sequencing_run/fq_raw/Och-CBur_089_Ex1-4F-lcwgs-1-1.2.fq.gz	data/symlinks/OchCBur089_Ex1-4F-lcwgs-1_RG-OchCBur089-LH00328-276-22KKJLLT3-L2-4F-B1_R1.fastq.gz	data/symlinks/OchCBur089_Ex1-4F-lcwgs-1_RG-OchCBur089-LH00328-276-22KKJLLT3-L2-4F-B1_R2.fastq.gz
OchACan001_Ex1-1A-lcwgs-1_RG-OchACan001-LH00516-290-22M5VHLT4-L4-1A-B1	OchACan001	Och-ACan_001	ACan	historical	Ex1-1A-lcwgs-1	RG-OchACan001-LH00516-290-22M5VHLT4-L4-1A-B1	4th	Och-ACan_001-Ex1-1A-lcwgs-1-2	/archive/carpenterlab/pire/pire_ostorhinchus_chrysopomus_lcwgs/4th_sequencing_run/fq_raw/Och-ACan_001-Ex1-1A-lcwgs-1-2.1.fq.gz	/archive/carpenterlab/pire/pire_ostorhinchus_chrysopomus_lcwgs/4th_sequencing_run/fq_raw/Och-ACan_001-Ex1-1A-lcwgs-1-2.2.fq.gz	data/symlinks/OchACan001_Ex1-1A-lcwgs-1_RG-OchACan001-LH00516-290-22M5VHLT4-L4-1A-B1_R1.fastq.gz	data/symlinks/OchACan001_Ex1-1A-lcwgs-1_RG-OchACan001-LH00516-290-22M5VHLT4-L4-1A-B1_R2.fastq.gz
OchACan002_Ex1-2A-lcwgs-1_RG-OchACan002-LH00516-290-22M5VHLT4-L4-2A-B1	OchACan002	Och-ACan_002	ACan	historical	Ex1-2A-lcwgs-1	RG-OchACan002-LH00516-290-22M5VHLT4-L4-2A-B1	4th	Och-ACan_002-Ex1-2A-lcwgs-1-2	/archive/carpenterlab/pire/pire_ostorhinchus_chrysopomus_lcwgs/4th_sequencing_run/fq_raw/Och-ACan_002-Ex1-2A-lcwgs-1-2.1.fq.gz	/archive/carpenterlab/pire/pire_ostorhinchus_chrysopomus_lcwgs/4th_sequencing_run/fq_raw/Och-ACan_002-Ex1-2A-lcwgs-1-2.2.fq.gz	data/symlinks/OchACan002_Ex1-2A-lcwgs-1_RG-OchACan002-LH00516-290-22M5VHLT4-L4-2A-B1_R1.fastq.gz	data/symlinks/OchACan002_Ex1-2A-lcwgs-1_RG-OchACan002-LH00516-290-22M5VHLT4-L4-2A-B1_R2.fastq.gz
OchACan003_Ex1-3A-lcwgs-1_RG-OchACan003-LH00516-290-22M5VHLT4-L4-3A-B1	OchACan003	Och-ACan_003	ACan	historical	Ex1-3A-lcwgs-1	RG-OchACan003-LH00516-290-22M5VHLT4-L4-3A-B1	4th	Och-ACan_003-Ex1-3A-lcwgs-1-2	/archive/carpenterlab/pire/pire_ostorhinchus_chrysopomus_lcwgs/4th_sequencing_run/fq_raw/Och-ACan_003-Ex1-3A-lcwgs-1-2.1.fq.gz	/archive/carpenterlab/pire/pire_ostorhinchus_chrysopomus_lcwgs/4th_sequencing_run/fq_raw/Och-ACan_003-Ex1-3A-lcwgs-1-2.2.fq.gz	data/symlinks/OchACan003_Ex1-3A-lcwgs-1_RG-OchACan003-LH00516-290-22M5VHLT4-L4-3A-B1_R1.fastq.gz	data/symlinks/OchACan003_Ex1-3A-lcwgs-1_RG-OchACan003-LH00516-290-22M5VHLT4-L4-3A-B1_R2.fastq.gz
OchACan004_Ex1-4A-lcwgs-1_RG-OchACan004-LH00516-290-22M5VHLT4-L4-4A-B1	OchACan004	Och-ACan_004	ACan	historical	Ex1-4A-lcwgs-1	RG-OchACan004-LH00516-290-22M5VHLT4-L4-4A-B1	4th	Och-ACan_004-Ex1-4A-lcwgs-1-2	/archive/carpenterlab/pire/pire_ostorhinchus_chrysopomus_lcwgs/4th_sequencing_run/fq_raw/Och-ACan_004-Ex1-4A-lcwgs-1-2.1.fq.gz	/archive/carpenterlab/pire/pire_ostorhinchus_chrysopomus_lcwgs/4th_sequencing_run/fq_raw/Och-ACan_004-Ex1-4A-lcwgs-1-2.2.fq.gz	data/symlinks/OchACan004_Ex1-4A-lcwgs-1_RG-OchACan004-LH00516-290-22M5VHLT4-L4-4A-B1_R1.fastq.gz	data/symlinks/OchACan004_Ex1-4A-lcwgs-1_RG-OchACan004-LH00516-290-22M5VHLT4-L4-4A-B1_R2.fastq.gz
OchACan005_Ex1-5A-lcwgs-1_RG-OchACan005-LH00516-290-22M5VHLT4-L4-5A-B1	OchACan005	Och-ACan_005	ACan	historical	Ex1-5A-lcwgs-1	RG-OchACan005-LH00516-290-22M5VHLT4-L4-5A-B1	4th	Och-ACan_005-Ex1-5A-lcwgs-1-2	/archive/carpenterlab/pire/pire_ostorhinchus_chrysopomus_lcwgs/4th_sequencing_run/fq_raw/Och-ACan_005-Ex1-5A-lcwgs-1-2.1.fq.gz	/archive/carpenterlab/pire/pire_ostorhinchus_chrysopomus_lcwgs/4th_sequencing_run/fq_raw/Och-ACan_005-Ex1-5A-lcwgs-1-2.2.fq.gz	data/symlinks/OchACan005_Ex1-5A-lcwgs-1_RG-OchACan005-LH00516-290-22M5VHLT4-L4-5A-B1_R1.fastq.gz	data/symlinks/OchACan005_Ex1-5A-lcwgs-1_RG-OchACan005-LH00516-290-22M5VHLT4-L4-5A-B1_R2.fastq.gz
OchACan006_Ex1-6A-lcwgs-1_RG-OchACan006-LH00516-290-22M5VHLT4-L4-6A-B1	OchACan006	Och-ACan_006	ACan	historical	Ex1-6A-lcwgs-1	RG-OchACan006-LH00516-290-22M5VHLT4-L4-6A-B1	4th	Och-ACan_006-Ex1-6A-lcwgs-1-2	/archive/carpenterlab/pire/pire_ostorhinchus_chrysopomus_lcwgs/4th_sequencing_run/fq_raw/Och-ACan_006-Ex1-6A-lcwgs-1-2.1.fq.gz	/archive/carpenterlab/pire/pire_ostorhinchus_chrysopomus_lcwgs/4th_sequencing_run/fq_raw/Och-ACan_006-Ex1-6A-lcwgs-1-2.2.fq.gz	data/symlinks/OchACan006_Ex1-6A-lcwgs-1_RG-OchACan006-LH00516-290-22M5VHLT4-L4-6A-B1_R1.fastq.gz	data/symlinks/OchACan006_Ex1-6A-lcwgs-1_RG-OchACan006-LH00516-290-22M5VHLT4-L4-6A-B1_R2.fastq.gz
OchACan007_Ex1-7A-lcwgs-1_RG-OchACan007-LH00516-290-22M5VHLT4-L4-7A-B1	OchACan007	Och-ACan_007	ACan	historical	Ex1-7A-lcwgs-1	RG-OchACan007-LH00516-290-22M5VHLT4-L4-7A-B1	4th	Och-ACan_007-Ex1-7A-lcwgs-1-2	/archive/carpenterlab/pire/pire_ostorhinchus_chrysopomus_lcwgs/4th_sequencing_run/fq_raw/Och-ACan_007-Ex1-7A-lcwgs-1-2.1.fq.gz	/archive/carpenterlab/pire/pire_ostorhinchus_chrysopomus_lcwgs/4th_sequencing_run/fq_raw/Och-ACan_007-Ex1-7A-lcwgs-1-2.2.fq.gz	data/symlinks/OchACan007_Ex1-7A-lcwgs-1_RG-OchACan007-LH00516-290-22M5VHLT4-L4-7A-B1_R1.fastq.gz	data/symlinks/OchACan007_Ex1-7A-lcwgs-1_RG-OchACan007-LH00516-290-22M5VHLT4-L4-7A-B1_R2.fastq.gz
OchACan008_Ex1-8A-lcwgs-1_RG-OchACan008-LH00516-290-22M5VHLT4-L4-8A-B1	OchACan008	Och-ACan_008	ACan	historical	Ex1-8A-lcwgs-1	RG-OchACan008-LH00516-290-22M5VHLT4-L4-8A-B1	4th	Och-ACan_008-Ex1-8A-lcwgs-1-2	/archive/carpenterlab/pire/pire_ostorhinchus_chrysopomus_lcwgs/4th_sequencing_run/fq_raw/Och-ACan_008-Ex1-8A-lcwgs-1-2.1.fq.gz	/archive/carpenterlab/pire/pire_ostorhinchus_chrysopomus_lcwgs/4th_sequencing_run/fq_raw/Och-ACan_008-Ex1-8A-lcwgs-1-2.2.fq.gz	data/symlinks/OchACan008_Ex1-8A-lcwgs-1_RG-OchACan008-LH00516-290-22M5VHLT4-L4-8A-B1_R1.fastq.gz	data/symlinks/OchACan008_Ex1-8A-lcwgs-1_RG-OchACan008-LH00516-290-22M5VHLT4-L4-8A-B1_R2.fastq.gz
OchACan009_Ex1-9A-lcwgs-1_RG-OchACan009-LH00516-290-22M5VHLT4-L4-9A-B1	OchACan009	Och-ACan_009	ACan	historical	Ex1-9A-lcwgs-1	RG-OchACan009-LH00516-290-22M5VHLT4-L4-9A-B1	4th	Och-ACan_009-Ex1-9A-lcwgs-1-2	/archive/carpenterlab/pire/pire_ostorhinchus_chrysopomus_lcwgs/4th_sequencing_run/fq_raw/Och-ACan_009-Ex1-9A-lcwgs-1-2.1.fq.gz	/archive/carpenterlab/pire/pire_ostorhinchus_chrysopomus_lcwgs/4th_sequencing_run/fq_raw/Och-ACan_009-Ex1-9A-lcwgs-1-2.2.fq.gz	data/symlinks/OchACan009_Ex1-9A-lcwgs-1_RG-OchACan009-LH00516-290-22M5VHLT4-L4-9A-B1_R1.fastq.gz	data/symlinks/OchACan009_Ex1-9A-lcwgs-1_RG-OchACan009-LH00516-290-22M5VHLT4-L4-9A-B1_R2.fastq.gz
OchACan010_Ex1-10A-lcwgs-1_RG-OchACan010-LH00516-290-22M5VHLT4-L4-10A-B1	OchACan010	Och-ACan_010	ACan	historical	Ex1-10A-lcwgs-1	RG-OchACan010-LH00516-290-22M5VHLT4-L4-10A-B1	4th	Och-ACan_010-Ex1-10A-lcwgs-1-2	/archive/carpenterlab/pire/pire_ostorhinchus_chrysopomus_lcwgs/4th_sequencing_run/fq_raw/Och-ACan_010-Ex1-10A-lcwgs-1-2.1.fq.gz	/archive/carpenterlab/pire/pire_ostorhinchus_chrysopomus_lcwgs/4th_sequencing_run/fq_raw/Och-ACan_010-Ex1-10A-lcwgs-1-2.2.fq.gz	data/symlinks/OchACan010_Ex1-10A-lcwgs-1_RG-OchACan010-LH00516-290-22M5VHLT4-L4-10A-B1_R1.fastq.gz	data/symlinks/OchACan010_Ex1-10A-lcwgs-1_RG-OchACan010-LH00516-290-22M5VHLT4-L4-10A-B1_R2.fastq.gz
OchACan011_Ex1-11A-lcwgs-1_RG-OchACan011-LH00516-290-22M5VHLT4-L4-11A-B1	OchACan011	Och-ACan_011	ACan	historical	Ex1-11A-lcwgs-1	RG-OchACan011-LH00516-290-22M5VHLT4-L4-11A-B1	4th	Och-ACan_011-Ex1-11A-lcwgs-1-2	/archive/carpenterlab/pire/pire_ostorhinchus_chrysopomus_lcwgs/4th_sequencing_run/fq_raw/Och-ACan_011-Ex1-11A-lcwgs-1-2.1.fq.gz	/archive/carpenterlab/pire/pire_ostorhinchus_chrysopomus_lcwgs/4th_sequencing_run/fq_raw/Och-ACan_011-Ex1-11A-lcwgs-1-2.2.fq.gz	data/symlinks/OchACan011_Ex1-11A-lcwgs-1_RG-OchACan011-LH00516-290-22M5VHLT4-L4-11A-B1_R1.fastq.gz	data/symlinks/OchACan011_Ex1-11A-lcwgs-1_RG-OchACan011-LH00516-290-22M5VHLT4-L4-11A-B1_R2.fastq.gz
OchACan012_Ex1-12A-lcwgs-1_RG-OchACan012-LH00516-290-22M5VHLT4-L4-12A-B1	OchACan012	Och-ACan_012	ACan	historical	Ex1-12A-lcwgs-1	RG-OchACan012-LH00516-290-22M5VHLT4-L4-12A-B1	4th	Och-ACan_012-Ex1-12A-lcwgs-1-2	/archive/carpenterlab/pire/pire_ostorhinchus_chrysopomus_lcwgs/4th_sequencing_run/fq_raw/Och-ACan_012-Ex1-12A-lcwgs-1-2.1.fq.gz	/archive/carpenterlab/pire/pire_ostorhinchus_chrysopomus_lcwgs/4th_sequencing_run/fq_raw/Och-ACan_012-Ex1-12A-lcwgs-1-2.2.fq.gz	data/symlinks/OchACan012_Ex1-12A-lcwgs-1_RG-OchACan012-LH00516-290-22M5VHLT4-L4-12A-B1_R1.fastq.gz	data/symlinks/OchACan012_Ex1-12A-lcwgs-1_RG-OchACan012-LH00516-290-22M5VHLT4-L4-12A-B1_R2.fastq.gz
OchACan013_Ex1-1B-lcwgs-1_RG-OchACan013-LH00516-290-22M5VHLT4-L4-1B-B1	OchACan013	Och-ACan_013	ACan	historical	Ex1-1B-lcwgs-1	RG-OchACan013-LH00516-290-22M5VHLT4-L4-1B-B1	4th	Och-ACan_013-Ex1-1B-lcwgs-1-2	/archive/carpenterlab/pire/pire_ostorhinchus_chrysopomus_lcwgs/4th_sequencing_run/fq_raw/Och-ACan_013-Ex1-1B-lcwgs-1-2.1.fq.gz	/archive/carpenterlab/pire/pire_ostorhinchus_chrysopomus_lcwgs/4th_sequencing_run/fq_raw/Och-ACan_013-Ex1-1B-lcwgs-1-2.2.fq.gz	data/symlinks/OchACan013_Ex1-1B-lcwgs-1_RG-OchACan013-LH00516-290-22M5VHLT4-L4-1B-B1_R1.fastq.gz	data/symlinks/OchACan013_Ex1-1B-lcwgs-1_RG-OchACan013-LH00516-290-22M5VHLT4-L4-1B-B1_R2.fastq.gz
OchACan014_Ex1-2B-lcwgs-1_RG-OchACan014-LH00516-290-22M5VHLT4-L4-2B-B1	OchACan014	Och-ACan_014	ACan	historical	Ex1-2B-lcwgs-1	RG-OchACan014-LH00516-290-22M5VHLT4-L4-2B-B1	4th	Och-ACan_014-Ex1-2B-lcwgs-1-2	/archive/carpenterlab/pire/pire_ostorhinchus_chrysopomus_lcwgs/4th_sequencing_run/fq_raw/Och-ACan_014-Ex1-2B-lcwgs-1-2.1.fq.gz	/archive/carpenterlab/pire/pire_ostorhinchus_chrysopomus_lcwgs/4th_sequencing_run/fq_raw/Och-ACan_014-Ex1-2B-lcwgs-1-2.2.fq.gz	data/symlinks/OchACan014_Ex1-2B-lcwgs-1_RG-OchACan014-LH00516-290-22M5VHLT4-L4-2B-B1_R1.fastq.gz	data/symlinks/OchACan014_Ex1-2B-lcwgs-1_RG-OchACan014-LH00516-290-22M5VHLT4-L4-2B-B1_R2.fastq.gz
OchACan015_Ex1-3B-lcwgs-1_RG-OchACan015-LH00516-290-22M5VHLT4-L4-3B-B1	OchACan015	Och-ACan_015	ACan	historical	Ex1-3B-lcwgs-1	RG-OchACan015-LH00516-290-22M5VHLT4-L4-3B-B1	4th	Och-ACan_015-Ex1-3B-lcwgs-1-2	/archive/carpenterlab/pire/pire_ostorhinchus_chrysopomus_lcwgs/4th_sequencing_run/fq_raw/Och-ACan_015-Ex1-3B-lcwgs-1-2.1.fq.gz	/archive/carpenterlab/pire/pire_ostorhinchus_chrysopomus_lcwgs/4th_sequencing_run/fq_raw/Och-ACan_015-Ex1-3B-lcwgs-1-2.2.fq.gz	data/symlinks/OchACan015_Ex1-3B-lcwgs-1_RG-OchACan015-LH00516-290-22M5VHLT4-L4-3B-B1_R1.fastq.gz	data/symlinks/OchACan015_Ex1-3B-lcwgs-1_RG-OchACan015-LH00516-290-22M5VHLT4-L4-3B-B1_R2.fastq.gz
OchACan016_Ex1-4B-lcwgs-1_RG-OchACan016-LH00516-290-22M5VHLT4-L4-4B-B1	OchACan016	Och-ACan_016	ACan	historical	Ex1-4B-lcwgs-1	RG-OchACan016-LH00516-290-22M5VHLT4-L4-4B-B1	4th	Och-ACan_016-Ex1-4B-lcwgs-1-2	/archive/carpenterlab/pire/pire_ostorhinchus_chrysopomus_lcwgs/4th_sequencing_run/fq_raw/Och-ACan_016-Ex1-4B-lcwgs-1-2.1.fq.gz	/archive/carpenterlab/pire/pire_ostorhinchus_chrysopomus_lcwgs/4th_sequencing_run/fq_raw/Och-ACan_016-Ex1-4B-lcwgs-1-2.2.fq.gz	data/symlinks/OchACan016_Ex1-4B-lcwgs-1_RG-OchACan016-LH00516-290-22M5VHLT4-L4-4B-B1_R1.fastq.gz	data/symlinks/OchACan016_Ex1-4B-lcwgs-1_RG-OchACan016-LH00516-290-22M5VHLT4-L4-4B-B1_R2.fastq.gz
OchACan017_Ex1-5B-lcwgs-1_RG-OchACan017-LH00516-290-22M5VHLT4-L4-5B-B1	OchACan017	Och-ACan_017	ACan	historical	Ex1-5B-lcwgs-1	RG-OchACan017-LH00516-290-22M5VHLT4-L4-5B-B1	4th	Och-ACan_017-Ex1-5B-lcwgs-1-2	/archive/carpenterlab/pire/pire_ostorhinchus_chrysopomus_lcwgs/4th_sequencing_run/fq_raw/Och-ACan_017-Ex1-5B-lcwgs-1-2.1.fq.gz	/archive/carpenterlab/pire/pire_ostorhinchus_chrysopomus_lcwgs/4th_sequencing_run/fq_raw/Och-ACan_017-Ex1-5B-lcwgs-1-2.2.fq.gz	data/symlinks/OchACan017_Ex1-5B-lcwgs-1_RG-OchACan017-LH00516-290-22M5VHLT4-L4-5B-B1_R1.fastq.gz	data/symlinks/OchACan017_Ex1-5B-lcwgs-1_RG-OchACan017-LH00516-290-22M5VHLT4-L4-5B-B1_R2.fastq.gz
OchACan018_Ex1-6B-lcwgs-1_RG-OchACan018-LH00516-290-22M5VHLT4-L4-6B-B1	OchACan018	Och-ACan_018	ACan	historical	Ex1-6B-lcwgs-1	RG-OchACan018-LH00516-290-22M5VHLT4-L4-6B-B1	4th	Och-ACan_018-Ex1-6B-lcwgs-1-2	/archive/carpenterlab/pire/pire_ostorhinchus_chrysopomus_lcwgs/4th_sequencing_run/fq_raw/Och-ACan_018-Ex1-6B-lcwgs-1-2.1.fq.gz	/archive/carpenterlab/pire/pire_ostorhinchus_chrysopomus_lcwgs/4th_sequencing_run/fq_raw/Och-ACan_018-Ex1-6B-lcwgs-1-2.2.fq.gz	data/symlinks/OchACan018_Ex1-6B-lcwgs-1_RG-OchACan018-LH00516-290-22M5VHLT4-L4-6B-B1_R1.fastq.gz	data/symlinks/OchACan018_Ex1-6B-lcwgs-1_RG-OchACan018-LH00516-290-22M5VHLT4-L4-6B-B1_R2.fastq.gz
OchACan019_Ex1-7B-lcwgs-1_RG-OchACan019-LH00516-290-22M5VHLT4-L4-7B-B1	OchACan019	Och-ACan_019	ACan	historical	Ex1-7B-lcwgs-1	RG-OchACan019-LH00516-290-22M5VHLT4-L4-7B-B1	4th	Och-ACan_019-Ex1-7B-lcwgs-1-2	/archive/carpenterlab/pire/pire_ostorhinchus_chrysopomus_lcwgs/4th_sequencing_run/fq_raw/Och-ACan_019-Ex1-7B-lcwgs-1-2.1.fq.gz	/archive/carpenterlab/pire/pire_ostorhinchus_chrysopomus_lcwgs/4th_sequencing_run/fq_raw/Och-ACan_019-Ex1-7B-lcwgs-1-2.2.fq.gz	data/symlinks/OchACan019_Ex1-7B-lcwgs-1_RG-OchACan019-LH00516-290-22M5VHLT4-L4-7B-B1_R1.fastq.gz	data/symlinks/OchACan019_Ex1-7B-lcwgs-1_RG-OchACan019-LH00516-290-22M5VHLT4-L4-7B-B1_R2.fastq.gz
OchACan020_Ex1-8B-lcwgs-1_RG-OchACan020-LH00516-290-22M5VHLT4-L4-8B-B1	OchACan020	Och-ACan_020	ACan	historical	Ex1-8B-lcwgs-1	RG-OchACan020-LH00516-290-22M5VHLT4-L4-8B-B1	4th	Och-ACan_020-Ex1-8B-lcwgs-1-2	/archive/carpenterlab/pire/pire_ostorhinchus_chrysopomus_lcwgs/4th_sequencing_run/fq_raw/Och-ACan_020-Ex1-8B-lcwgs-1-2.1.fq.gz	/archive/carpenterlab/pire/pire_ostorhinchus_chrysopomus_lcwgs/4th_sequencing_run/fq_raw/Och-ACan_020-Ex1-8B-lcwgs-1-2.2.fq.gz	data/symlinks/OchACan020_Ex1-8B-lcwgs-1_RG-OchACan020-LH00516-290-22M5VHLT4-L4-8B-B1_R1.fastq.gz	data/symlinks/OchACan020_Ex1-8B-lcwgs-1_RG-OchACan020-LH00516-290-22M5VHLT4-L4-8B-B1_R2.fastq.gz
OchACan021_Ex1-9B-lcwgs-1_RG-OchACan021-LH00516-290-22M5VHLT4-L4-9B-B1	OchACan021	Och-ACan_021	ACan	historical	Ex1-9B-lcwgs-1	RG-OchACan021-LH00516-290-22M5VHLT4-L4-9B-B1	4th	Och-ACan_021-Ex1-9B-lcwgs-1-2	/archive/carpenterlab/pire/pire_ostorhinchus_chrysopomus_lcwgs/4th_sequencing_run/fq_raw/Och-ACan_021-Ex1-9B-lcwgs-1-2.1.fq.gz	/archive/carpenterlab/pire/pire_ostorhinchus_chrysopomus_lcwgs/4th_sequencing_run/fq_raw/Och-ACan_021-Ex1-9B-lcwgs-1-2.2.fq.gz	data/symlinks/OchACan021_Ex1-9B-lcwgs-1_RG-OchACan021-LH00516-290-22M5VHLT4-L4-9B-B1_R1.fastq.gz	data/symlinks/OchACan021_Ex1-9B-lcwgs-1_RG-OchACan021-LH00516-290-22M5VHLT4-L4-9B-B1_R2.fastq.gz
OchACan022_Ex1-10B-lcwgs-1_RG-OchACan022-LH00516-290-22M5VHLT4-L4-10B-B1	OchACan022	Och-ACan_022	ACan	historical	Ex1-10B-lcwgs-1	RG-OchACan022-LH00516-290-22M5VHLT4-L4-10B-B1	4th	Och-ACan_022-Ex1-10B-lcwgs-1-2	/archive/carpenterlab/pire/pire_ostorhinchus_chrysopomus_lcwgs/4th_sequencing_run/fq_raw/Och-ACan_022-Ex1-10B-lcwgs-1-2.1.fq.gz	/archive/carpenterlab/pire/pire_ostorhinchus_chrysopomus_lcwgs/4th_sequencing_run/fq_raw/Och-ACan_022-Ex1-10B-lcwgs-1-2.2.fq.gz	data/symlinks/OchACan022_Ex1-10B-lcwgs-1_RG-OchACan022-LH00516-290-22M5VHLT4-L4-10B-B1_R1.fastq.gz	data/symlinks/OchACan022_Ex1-10B-lcwgs-1_RG-OchACan022-LH00516-290-22M5VHLT4-L4-10B-B1_R2.fastq.gz
OchACan023_Ex1-11B-lcwgs-1_RG-OchACan023-LH00516-290-22M5VHLT4-L4-11B-B1	OchACan023	Och-ACan_023	ACan	historical	Ex1-11B-lcwgs-1	RG-OchACan023-LH00516-290-22M5VHLT4-L4-11B-B1	4th	Och-ACan_023-Ex1-11B-lcwgs-1-2	/archive/carpenterlab/pire/pire_ostorhinchus_chrysopomus_lcwgs/4th_sequencing_run/fq_raw/Och-ACan_023-Ex1-11B-lcwgs-1-2.1.fq.gz	/archive/carpenterlab/pire/pire_ostorhinchus_chrysopomus_lcwgs/4th_sequencing_run/fq_raw/Och-ACan_023-Ex1-11B-lcwgs-1-2.2.fq.gz	data/symlinks/OchACan023_Ex1-11B-lcwgs-1_RG-OchACan023-LH00516-290-22M5VHLT4-L4-11B-B1_R1.fastq.gz	data/symlinks/OchACan023_Ex1-11B-lcwgs-1_RG-OchACan023-LH00516-290-22M5VHLT4-L4-11B-B1_R2.fastq.gz
OchACan024_Ex1-12B-lcwgs-1_RG-OchACan024-LH00516-290-22M5VHLT4-L4-12B-B1	OchACan024	Och-ACan_024	ACan	historical	Ex1-12B-lcwgs-1	RG-OchACan024-LH00516-290-22M5VHLT4-L4-12B-B1	4th	Och-ACan_024-Ex1-12B-lcwgs-1-2	/archive/carpenterlab/pire/pire_ostorhinchus_chrysopomus_lcwgs/4th_sequencing_run/fq_raw/Och-ACan_024-Ex1-12B-lcwgs-1-2.1.fq.gz	/archive/carpenterlab/pire/pire_ostorhinchus_chrysopomus_lcwgs/4th_sequencing_run/fq_raw/Och-ACan_024-Ex1-12B-lcwgs-1-2.2.fq.gz	data/symlinks/OchACan024_Ex1-12B-lcwgs-1_RG-OchACan024-LH00516-290-22M5VHLT4-L4-12B-B1_R1.fastq.gz	data/symlinks/OchACan024_Ex1-12B-lcwgs-1_RG-OchACan024-LH00516-290-22M5VHLT4-L4-12B-B1_R2.fastq.gz
OchACat001_Ex1-1A-lcwgs-2_RG-OchACat001-LH00516-290-22M5VHLT4-L4-1A-B2	OchACat001	Och-ACat_001	ACat	historical	Ex1-1A-lcwgs-2	RG-OchACat001-LH00516-290-22M5VHLT4-L4-1A-B2	4th	Och-ACat_001-Ex1-1A-lcwgs-2-2	/archive/carpenterlab/pire/pire_ostorhinchus_chrysopomus_lcwgs/4th_sequencing_run/fq_raw/Och-ACat_001-Ex1-1A-lcwgs-2-2.1.fq.gz	/archive/carpenterlab/pire/pire_ostorhinchus_chrysopomus_lcwgs/4th_sequencing_run/fq_raw/Och-ACat_001-Ex1-1A-lcwgs-2-2.2.fq.gz	data/symlinks/OchACat001_Ex1-1A-lcwgs-2_RG-OchACat001-LH00516-290-22M5VHLT4-L4-1A-B2_R1.fastq.gz	data/symlinks/OchACat001_Ex1-1A-lcwgs-2_RG-OchACat001-LH00516-290-22M5VHLT4-L4-1A-B2_R2.fastq.gz
OchACat002_Ex1-2A-lcwgs-2_RG-OchACat002-LH00516-290-22M5VHLT4-L4-2A-B2	OchACat002	Och-ACat_002	ACat	historical	Ex1-2A-lcwgs-2	RG-OchACat002-LH00516-290-22M5VHLT4-L4-2A-B2	4th	Och-ACat_002-Ex1-2A-lcwgs-2-2	/archive/carpenterlab/pire/pire_ostorhinchus_chrysopomus_lcwgs/4th_sequencing_run/fq_raw/Och-ACat_002-Ex1-2A-lcwgs-2-2.1.fq.gz	/archive/carpenterlab/pire/pire_ostorhinchus_chrysopomus_lcwgs/4th_sequencing_run/fq_raw/Och-ACat_002-Ex1-2A-lcwgs-2-2.2.fq.gz	data/symlinks/OchACat002_Ex1-2A-lcwgs-2_RG-OchACat002-LH00516-290-22M5VHLT4-L4-2A-B2_R1.fastq.gz	data/symlinks/OchACat002_Ex1-2A-lcwgs-2_RG-OchACat002-LH00516-290-22M5VHLT4-L4-2A-B2_R2.fastq.gz
OchACat003_Ex1-3A-lcwgs-2_RG-OchACat003-LH00516-290-22M5VHLT4-L4-3A-B2	OchACat003	Och-ACat_003	ACat	historical	Ex1-3A-lcwgs-2	RG-OchACat003-LH00516-290-22M5VHLT4-L4-3A-B2	4th	Och-ACat_003-Ex1-3A-lcwgs-2-2	/archive/carpenterlab/pire/pire_ostorhinchus_chrysopomus_lcwgs/4th_sequencing_run/fq_raw/Och-ACat_003-Ex1-3A-lcwgs-2-2.1.fq.gz	/archive/carpenterlab/pire/pire_ostorhinchus_chrysopomus_lcwgs/4th_sequencing_run/fq_raw/Och-ACat_003-Ex1-3A-lcwgs-2-2.2.fq.gz	data/symlinks/OchACat003_Ex1-3A-lcwgs-2_RG-OchACat003-LH00516-290-22M5VHLT4-L4-3A-B2_R1.fastq.gz	data/symlinks/OchACat003_Ex1-3A-lcwgs-2_RG-OchACat003-LH00516-290-22M5VHLT4-L4-3A-B2_R2.fastq.gz
OchACat004_Ex1-4A-lcwgs-2_RG-OchACat004-LH00516-290-22M5VHLT4-L4-4A-B2	OchACat004	Och-ACat_004	ACat	historical	Ex1-4A-lcwgs-2	RG-OchACat004-LH00516-290-22M5VHLT4-L4-4A-B2	4th	Och-ACat_004-Ex1-4A-lcwgs-2-2	/archive/carpenterlab/pire/pire_ostorhinchus_chrysopomus_lcwgs/4th_sequencing_run/fq_raw/Och-ACat_004-Ex1-4A-lcwgs-2-2.1.fq.gz	/archive/carpenterlab/pire/pire_ostorhinchus_chrysopomus_lcwgs/4th_sequencing_run/fq_raw/Och-ACat_004-Ex1-4A-lcwgs-2-2.2.fq.gz	data/symlinks/OchACat004_Ex1-4A-lcwgs-2_RG-OchACat004-LH00516-290-22M5VHLT4-L4-4A-B2_R1.fastq.gz	data/symlinks/OchACat004_Ex1-4A-lcwgs-2_RG-OchACat004-LH00516-290-22M5VHLT4-L4-4A-B2_R2.fastq.gz
OchACat005_Ex1-5A-lcwgs-2_RG-OchACat005-LH00516-290-22M5VHLT4-L4-5A-B2	OchACat005	Och-ACat_005	ACat	historical	Ex1-5A-lcwgs-2	RG-OchACat005-LH00516-290-22M5VHLT4-L4-5A-B2	4th	Och-ACat_005-Ex1-5A-lcwgs-2-2	/archive/carpenterlab/pire/pire_ostorhinchus_chrysopomus_lcwgs/4th_sequencing_run/fq_raw/Och-ACat_005-Ex1-5A-lcwgs-2-2.1.fq.gz	/archive/carpenterlab/pire/pire_ostorhinchus_chrysopomus_lcwgs/4th_sequencing_run/fq_raw/Och-ACat_005-Ex1-5A-lcwgs-2-2.2.fq.gz	data/symlinks/OchACat005_Ex1-5A-lcwgs-2_RG-OchACat005-LH00516-290-22M5VHLT4-L4-5A-B2_R1.fastq.gz	data/symlinks/OchACat005_Ex1-5A-lcwgs-2_RG-OchACat005-LH00516-290-22M5VHLT4-L4-5A-B2_R2.fastq.gz
OchACat006_Ex1-6A-lcwgs-2_RG-OchACat006-LH00516-290-22M5VHLT4-L4-6A-B2	OchACat006	Och-ACat_006	ACat	historical	Ex1-6A-lcwgs-2	RG-OchACat006-LH00516-290-22M5VHLT4-L4-6A-B2	4th	Och-ACat_006-Ex1-6A-lcwgs-2-2	/archive/carpenterlab/pire/pire_ostorhinchus_chrysopomus_lcwgs/4th_sequencing_run/fq_raw/Och-ACat_006-Ex1-6A-lcwgs-2-2.1.fq.gz	/archive/carpenterlab/pire/pire_ostorhinchus_chrysopomus_lcwgs/4th_sequencing_run/fq_raw/Och-ACat_006-Ex1-6A-lcwgs-2-2.2.fq.gz	data/symlinks/OchACat006_Ex1-6A-lcwgs-2_RG-OchACat006-LH00516-290-22M5VHLT4-L4-6A-B2_R1.fastq.gz	data/symlinks/OchACat006_Ex1-6A-lcwgs-2_RG-OchACat006-LH00516-290-22M5VHLT4-L4-6A-B2_R2.fastq.gz
OchACat007_Ex1-7A-lcwgs-2_RG-OchACat007-LH00516-290-22M5VHLT4-L4-7A-B2	OchACat007	Och-ACat_007	ACat	historical	Ex1-7A-lcwgs-2	RG-OchACat007-LH00516-290-22M5VHLT4-L4-7A-B2	4th	Och-ACat_007-Ex1-7A-lcwgs-2-2	/archive/carpenterlab/pire/pire_ostorhinchus_chrysopomus_lcwgs/4th_sequencing_run/fq_raw/Och-ACat_007-Ex1-7A-lcwgs-2-2.1.fq.gz	/archive/carpenterlab/pire/pire_ostorhinchus_chrysopomus_lcwgs/4th_sequencing_run/fq_raw/Och-ACat_007-Ex1-7A-lcwgs-2-2.2.fq.gz	data/symlinks/OchACat007_Ex1-7A-lcwgs-2_RG-OchACat007-LH00516-290-22M5VHLT4-L4-7A-B2_R1.fastq.gz	data/symlinks/OchACat007_Ex1-7A-lcwgs-2_RG-OchACat007-LH00516-290-22M5VHLT4-L4-7A-B2_R2.fastq.gz
OchACat008_Ex1-8A-lcwgs-2_RG-OchACat008-LH00516-290-22M5VHLT4-L4-8A-B2	OchACat008	Och-ACat_008	ACat	historical	Ex1-8A-lcwgs-2	RG-OchACat008-LH00516-290-22M5VHLT4-L4-8A-B2	4th	Och-ACat_008-Ex1-8A-lcwgs-2-2	/archive/carpenterlab/pire/pire_ostorhinchus_chrysopomus_lcwgs/4th_sequencing_run/fq_raw/Och-ACat_008-Ex1-8A-lcwgs-2-2.1.fq.gz	/archive/carpenterlab/pire/pire_ostorhinchus_chrysopomus_lcwgs/4th_sequencing_run/fq_raw/Och-ACat_008-Ex1-8A-lcwgs-2-2.2.fq.gz	data/symlinks/OchACat008_Ex1-8A-lcwgs-2_RG-OchACat008-LH00516-290-22M5VHLT4-L4-8A-B2_R1.fastq.gz	data/symlinks/OchACat008_Ex1-8A-lcwgs-2_RG-OchACat008-LH00516-290-22M5VHLT4-L4-8A-B2_R2.fastq.gz
OchACat009_Ex1-9A-lcwgs-2_RG-OchACat009-LH00516-290-22M5VHLT4-L4-9A-B2	OchACat009	Och-ACat_009	ACat	historical	Ex1-9A-lcwgs-2	RG-OchACat009-LH00516-290-22M5VHLT4-L4-9A-B2	4th	Och-ACat_009-Ex1-9A-lcwgs-2-2	/archive/carpenterlab/pire/pire_ostorhinchus_chrysopomus_lcwgs/4th_sequencing_run/fq_raw/Och-ACat_009-Ex1-9A-lcwgs-2-2.1.fq.gz	/archive/carpenterlab/pire/pire_ostorhinchus_chrysopomus_lcwgs/4th_sequencing_run/fq_raw/Och-ACat_009-Ex1-9A-lcwgs-2-2.2.fq.gz	data/symlinks/OchACat009_Ex1-9A-lcwgs-2_RG-OchACat009-LH00516-290-22M5VHLT4-L4-9A-B2_R1.fastq.gz	data/symlinks/OchACat009_Ex1-9A-lcwgs-2_RG-OchACat009-LH00516-290-22M5VHLT4-L4-9A-B2_R2.fastq.gz
OchACat010_Ex1-10A-lcwgs-2_RG-OchACat010-LH00516-290-22M5VHLT4-L4-10A-B2	OchACat010	Och-ACat_010	ACat	historical	Ex1-10A-lcwgs-2	RG-OchACat010-LH00516-290-22M5VHLT4-L4-10A-B2	4th	Och-ACat_010-Ex1-10A-lcwgs-2-2	/archive/carpenterlab/pire/pire_ostorhinchus_chrysopomus_lcwgs/4th_sequencing_run/fq_raw/Och-ACat_010-Ex1-10A-lcwgs-2-2.1.fq.gz	/archive/carpenterlab/pire/pire_ostorhinchus_chrysopomus_lcwgs/4th_sequencing_run/fq_raw/Och-ACat_010-Ex1-10A-lcwgs-2-2.2.fq.gz	data/symlinks/OchACat010_Ex1-10A-lcwgs-2_RG-OchACat010-LH00516-290-22M5VHLT4-L4-10A-B2_R1.fastq.gz	data/symlinks/OchACat010_Ex1-10A-lcwgs-2_RG-OchACat010-LH00516-290-22M5VHLT4-L4-10A-B2_R2.fastq.gz
OchACat011_Ex1-11A-lcwgs-2_RG-OchACat011-LH00516-290-22M5VHLT4-L4-11A-B2	OchACat011	Och-ACat_011	ACat	historical	Ex1-11A-lcwgs-2	RG-OchACat011-LH00516-290-22M5VHLT4-L4-11A-B2	4th	Och-ACat_011-Ex1-11A-lcwgs-2-2	/archive/carpenterlab/pire/pire_ostorhinchus_chrysopomus_lcwgs/4th_sequencing_run/fq_raw/Och-ACat_011-Ex1-11A-lcwgs-2-2.1.fq.gz	/archive/carpenterlab/pire/pire_ostorhinchus_chrysopomus_lcwgs/4th_sequencing_run/fq_raw/Och-ACat_011-Ex1-11A-lcwgs-2-2.2.fq.gz	data/symlinks/OchACat011_Ex1-11A-lcwgs-2_RG-OchACat011-LH00516-290-22M5VHLT4-L4-11A-B2_R1.fastq.gz	data/symlinks/OchACat011_Ex1-11A-lcwgs-2_RG-OchACat011-LH00516-290-22M5VHLT4-L4-11A-B2_R2.fastq.gz
OchACat012_Ex1-12A-lcwgs-2_RG-OchACat012-LH00516-290-22M5VHLT4-L4-12A-B2	OchACat012	Och-ACat_012	ACat	historical	Ex1-12A-lcwgs-2	RG-OchACat012-LH00516-290-22M5VHLT4-L4-12A-B2	4th	Och-ACat_012-Ex1-12A-lcwgs-2-2	/archive/carpenterlab/pire/pire_ostorhinchus_chrysopomus_lcwgs/4th_sequencing_run/fq_raw/Och-ACat_012-Ex1-12A-lcwgs-2-2.1.fq.gz	/archive/carpenterlab/pire/pire_ostorhinchus_chrysopomus_lcwgs/4th_sequencing_run/fq_raw/Och-ACat_012-Ex1-12A-lcwgs-2-2.2.fq.gz	data/symlinks/OchACat012_Ex1-12A-lcwgs-2_RG-OchACat012-LH00516-290-22M5VHLT4-L4-12A-B2_R1.fastq.gz	data/symlinks/OchACat012_Ex1-12A-lcwgs-2_RG-OchACat012-LH00516-290-22M5VHLT4-L4-12A-B2_R2.fastq.gz
OchACat013_Ex1-1B-lcwgs-2_RG-OchACat013-LH00516-290-22M5VHLT4-L4-1B-B2	OchACat013	Och-ACat_013	ACat	historical	Ex1-1B-lcwgs-2	RG-OchACat013-LH00516-290-22M5VHLT4-L4-1B-B2	4th	Och-ACat_013-Ex1-1B-lcwgs-2-2	/archive/carpenterlab/pire/pire_ostorhinchus_chrysopomus_lcwgs/4th_sequencing_run/fq_raw/Och-ACat_013-Ex1-1B-lcwgs-2-2.1.fq.gz	/archive/carpenterlab/pire/pire_ostorhinchus_chrysopomus_lcwgs/4th_sequencing_run/fq_raw/Och-ACat_013-Ex1-1B-lcwgs-2-2.2.fq.gz	data/symlinks/OchACat013_Ex1-1B-lcwgs-2_RG-OchACat013-LH00516-290-22M5VHLT4-L4-1B-B2_R1.fastq.gz	data/symlinks/OchACat013_Ex1-1B-lcwgs-2_RG-OchACat013-LH00516-290-22M5VHLT4-L4-1B-B2_R2.fastq.gz
OchACat014_Ex1-2B-lcwgs-2_RG-OchACat014-LH00516-290-22M5VHLT4-L4-2B-B2	OchACat014	Och-ACat_014	ACat	historical	Ex1-2B-lcwgs-2	RG-OchACat014-LH00516-290-22M5VHLT4-L4-2B-B2	4th	Och-ACat_014-Ex1-2B-lcwgs-2-2	/archive/carpenterlab/pire/pire_ostorhinchus_chrysopomus_lcwgs/4th_sequencing_run/fq_raw/Och-ACat_014-Ex1-2B-lcwgs-2-2.1.fq.gz	/archive/carpenterlab/pire/pire_ostorhinchus_chrysopomus_lcwgs/4th_sequencing_run/fq_raw/Och-ACat_014-Ex1-2B-lcwgs-2-2.2.fq.gz	data/symlinks/OchACat014_Ex1-2B-lcwgs-2_RG-OchACat014-LH00516-290-22M5VHLT4-L4-2B-B2_R1.fastq.gz	data/symlinks/OchACat014_Ex1-2B-lcwgs-2_RG-OchACat014-LH00516-290-22M5VHLT4-L4-2B-B2_R2.fastq.gz
OchACat015_Ex1-3B-lcwgs-2_RG-OchACat015-LH00516-290-22M5VHLT4-L4-3B-B2	OchACat015	Och-ACat_015	ACat	historical	Ex1-3B-lcwgs-2	RG-OchACat015-LH00516-290-22M5VHLT4-L4-3B-B2	4th	Och-ACat_015-Ex1-3B-lcwgs-2-2	/archive/carpenterlab/pire/pire_ostorhinchus_chrysopomus_lcwgs/4th_sequencing_run/fq_raw/Och-ACat_015-Ex1-3B-lcwgs-2-2.1.fq.gz	/archive/carpenterlab/pire/pire_ostorhinchus_chrysopomus_lcwgs/4th_sequencing_run/fq_raw/Och-ACat_015-Ex1-3B-lcwgs-2-2.2.fq.gz	data/symlinks/OchACat015_Ex1-3B-lcwgs-2_RG-OchACat015-LH00516-290-22M5VHLT4-L4-3B-B2_R1.fastq.gz	data/symlinks/OchACat015_Ex1-3B-lcwgs-2_RG-OchACat015-LH00516-290-22M5VHLT4-L4-3B-B2_R2.fastq.gz
OchACat016_Ex1-4B-lcwgs-2_RG-OchACat016-LH00516-290-22M5VHLT4-L4-4B-B2	OchACat016	Och-ACat_016	ACat	historical	Ex1-4B-lcwgs-2	RG-OchACat016-LH00516-290-22M5VHLT4-L4-4B-B2	4th	Och-ACat_016-Ex1-4B-lcwgs-2-2	/archive/carpenterlab/pire/pire_ostorhinchus_chrysopomus_lcwgs/4th_sequencing_run/fq_raw/Och-ACat_016-Ex1-4B-lcwgs-2-2.1.fq.gz	/archive/carpenterlab/pire/pire_ostorhinchus_chrysopomus_lcwgs/4th_sequencing_run/fq_raw/Och-ACat_016-Ex1-4B-lcwgs-2-2.2.fq.gz	data/symlinks/OchACat016_Ex1-4B-lcwgs-2_RG-OchACat016-LH00516-290-22M5VHLT4-L4-4B-B2_R1.fastq.gz	data/symlinks/OchACat016_Ex1-4B-lcwgs-2_RG-OchACat016-LH00516-290-22M5VHLT4-L4-4B-B2_R2.fastq.gz
OchACat017_Ex1-5B-lcwgs-2_RG-OchACat017-LH00516-290-22M5VHLT4-L4-5B-B2	OchACat017	Och-ACat_017	ACat	historical	Ex1-5B-lcwgs-2	RG-OchACat017-LH00516-290-22M5VHLT4-L4-5B-B2	4th	Och-ACat_017-Ex1-5B-lcwgs-2-2	/archive/carpenterlab/pire/pire_ostorhinchus_chrysopomus_lcwgs/4th_sequencing_run/fq_raw/Och-ACat_017-Ex1-5B-lcwgs-2-2.1.fq.gz	/archive/carpenterlab/pire/pire_ostorhinchus_chrysopomus_lcwgs/4th_sequencing_run/fq_raw/Och-ACat_017-Ex1-5B-lcwgs-2-2.2.fq.gz	data/symlinks/OchACat017_Ex1-5B-lcwgs-2_RG-OchACat017-LH00516-290-22M5VHLT4-L4-5B-B2_R1.fastq.gz	data/symlinks/OchACat017_Ex1-5B-lcwgs-2_RG-OchACat017-LH00516-290-22M5VHLT4-L4-5B-B2_R2.fastq.gz
OchACat018_Ex1-6B-lcwgs-2_RG-OchACat018-LH00516-290-22M5VHLT4-L4-6B-B2	OchACat018	Och-ACat_018	ACat	historical	Ex1-6B-lcwgs-2	RG-OchACat018-LH00516-290-22M5VHLT4-L4-6B-B2	4th	Och-ACat_018-Ex1-6B-lcwgs-2-2	/archive/carpenterlab/pire/pire_ostorhinchus_chrysopomus_lcwgs/4th_sequencing_run/fq_raw/Och-ACat_018-Ex1-6B-lcwgs-2-2.1.fq.gz	/archive/carpenterlab/pire/pire_ostorhinchus_chrysopomus_lcwgs/4th_sequencing_run/fq_raw/Och-ACat_018-Ex1-6B-lcwgs-2-2.2.fq.gz	data/symlinks/OchACat018_Ex1-6B-lcwgs-2_RG-OchACat018-LH00516-290-22M5VHLT4-L4-6B-B2_R1.fastq.gz	data/symlinks/OchACat018_Ex1-6B-lcwgs-2_RG-OchACat018-LH00516-290-22M5VHLT4-L4-6B-B2_R2.fastq.gz
OchACat019_Ex1-7B-lcwgs-2_RG-OchACat019-LH00516-290-22M5VHLT4-L4-7B-B2	OchACat019	Och-ACat_019	ACat	historical	Ex1-7B-lcwgs-2	RG-OchACat019-LH00516-290-22M5VHLT4-L4-7B-B2	4th	Och-ACat_019-Ex1-7B-lcwgs-2-2	/archive/carpenterlab/pire/pire_ostorhinchus_chrysopomus_lcwgs/4th_sequencing_run/fq_raw/Och-ACat_019-Ex1-7B-lcwgs-2-2.1.fq.gz	/archive/carpenterlab/pire/pire_ostorhinchus_chrysopomus_lcwgs/4th_sequencing_run/fq_raw/Och-ACat_019-Ex1-7B-lcwgs-2-2.2.fq.gz	data/symlinks/OchACat019_Ex1-7B-lcwgs-2_RG-OchACat019-LH00516-290-22M5VHLT4-L4-7B-B2_R1.fastq.gz	data/symlinks/OchACat019_Ex1-7B-lcwgs-2_RG-OchACat019-LH00516-290-22M5VHLT4-L4-7B-B2_R2.fastq.gz
OchACat020_Ex1-8B-lcwgs-2_RG-OchACat020-LH00516-290-22M5VHLT4-L4-8B-B2	OchACat020	Och-ACat_020	ACat	historical	Ex1-8B-lcwgs-2	RG-OchACat020-LH00516-290-22M5VHLT4-L4-8B-B2	4th	Och-ACat_020-Ex1-8B-lcwgs-2-2	/archive/carpenterlab/pire/pire_ostorhinchus_chrysopomus_lcwgs/4th_sequencing_run/fq_raw/Och-ACat_020-Ex1-8B-lcwgs-2-2.1.fq.gz	/archive/carpenterlab/pire/pire_ostorhinchus_chrysopomus_lcwgs/4th_sequencing_run/fq_raw/Och-ACat_020-Ex1-8B-lcwgs-2-2.2.fq.gz	data/symlinks/OchACat020_Ex1-8B-lcwgs-2_RG-OchACat020-LH00516-290-22M5VHLT4-L4-8B-B2_R1.fastq.gz	data/symlinks/OchACat020_Ex1-8B-lcwgs-2_RG-OchACat020-LH00516-290-22M5VHLT4-L4-8B-B2_R2.fastq.gz
OchACat021_Ex1-9B-lcwgs-2_RG-OchACat021-LH00516-290-22M5VHLT4-L4-9B-B2	OchACat021	Och-ACat_021	ACat	historical	Ex1-9B-lcwgs-2	RG-OchACat021-LH00516-290-22M5VHLT4-L4-9B-B2	4th	Och-ACat_021-Ex1-9B-lcwgs-2-2	/archive/carpenterlab/pire/pire_ostorhinchus_chrysopomus_lcwgs/4th_sequencing_run/fq_raw/Och-ACat_021-Ex1-9B-lcwgs-2-2.1.fq.gz	/archive/carpenterlab/pire/pire_ostorhinchus_chrysopomus_lcwgs/4th_sequencing_run/fq_raw/Och-ACat_021-Ex1-9B-lcwgs-2-2.2.fq.gz	data/symlinks/OchACat021_Ex1-9B-lcwgs-2_RG-OchACat021-LH00516-290-22M5VHLT4-L4-9B-B2_R1.fastq.gz	data/symlinks/OchACat021_Ex1-9B-lcwgs-2_RG-OchACat021-LH00516-290-22M5VHLT4-L4-9B-B2_R2.fastq.gz
OchACat022_Ex1-10B-lcwgs-2_RG-OchACat022-LH00516-290-22M5VHLT4-L4-10B-B2	OchACat022	Och-ACat_022	ACat	historical	Ex1-10B-lcwgs-2	RG-OchACat022-LH00516-290-22M5VHLT4-L4-10B-B2	4th	Och-ACat_022-Ex1-10B-lcwgs-2-2	/archive/carpenterlab/pire/pire_ostorhinchus_chrysopomus_lcwgs/4th_sequencing_run/fq_raw/Och-ACat_022-Ex1-10B-lcwgs-2-2.1.fq.gz	/archive/carpenterlab/pire/pire_ostorhinchus_chrysopomus_lcwgs/4th_sequencing_run/fq_raw/Och-ACat_022-Ex1-10B-lcwgs-2-2.2.fq.gz	data/symlinks/OchACat022_Ex1-10B-lcwgs-2_RG-OchACat022-LH00516-290-22M5VHLT4-L4-10B-B2_R1.fastq.gz	data/symlinks/OchACat022_Ex1-10B-lcwgs-2_RG-OchACat022-LH00516-290-22M5VHLT4-L4-10B-B2_R2.fastq.gz
OchACat023_Ex1-11B-lcwgs-2_RG-OchACat023-LH00516-290-22M5VHLT4-L4-11B-B2	OchACat023	Och-ACat_023	ACat	historical	Ex1-11B-lcwgs-2	RG-OchACat023-LH00516-290-22M5VHLT4-L4-11B-B2	4th	Och-ACat_023-Ex1-11B-lcwgs-2-2	/archive/carpenterlab/pire/pire_ostorhinchus_chrysopomus_lcwgs/4th_sequencing_run/fq_raw/Och-ACat_023-Ex1-11B-lcwgs-2-2.1.fq.gz	/archive/carpenterlab/pire/pire_ostorhinchus_chrysopomus_lcwgs/4th_sequencing_run/fq_raw/Och-ACat_023-Ex1-11B-lcwgs-2-2.2.fq.gz	data/symlinks/OchACat023_Ex1-11B-lcwgs-2_RG-OchACat023-LH00516-290-22M5VHLT4-L4-11B-B2_R1.fastq.gz	data/symlinks/OchACat023_Ex1-11B-lcwgs-2_RG-OchACat023-LH00516-290-22M5VHLT4-L4-11B-B2_R2.fastq.gz
OchACat024_Ex1-12B-lcwgs-2_RG-OchACat024-LH00516-290-22M5VHLT4-L4-12B-B2	OchACat024	Och-ACat_024	ACat	historical	Ex1-12B-lcwgs-2	RG-OchACat024-LH00516-290-22M5VHLT4-L4-12B-B2	4th	Och-ACat_024-Ex1-12B-lcwgs-2-2	/archive/carpenterlab/pire/pire_ostorhinchus_chrysopomus_lcwgs/4th_sequencing_run/fq_raw/Och-ACat_024-Ex1-12B-lcwgs-2-2.1.fq.gz	/archive/carpenterlab/pire/pire_ostorhinchus_chrysopomus_lcwgs/4th_sequencing_run/fq_raw/Och-ACat_024-Ex1-12B-lcwgs-2-2.2.fq.gz	data/symlinks/OchACat024_Ex1-12B-lcwgs-2_RG-OchACat024-LH00516-290-22M5VHLT4-L4-12B-B2_R1.fastq.gz	data/symlinks/OchACat024_Ex1-12B-lcwgs-2_RG-OchACat024-LH00516-290-22M5VHLT4-L4-12B-B2_R2.fastq.gz
OchACat025_Ex1-1C-lcwgs-2_RG-OchACat025-LH00516-290-22M5VHLT4-L4-1C-B2	OchACat025	Och-ACat_025	ACat	historical	Ex1-1C-lcwgs-2	RG-OchACat025-LH00516-290-22M5VHLT4-L4-1C-B2	4th	Och-ACat_025-Ex1-1C-lcwgs-2-2	/archive/carpenterlab/pire/pire_ostorhinchus_chrysopomus_lcwgs/4th_sequencing_run/fq_raw/Och-ACat_025-Ex1-1C-lcwgs-2-2.1.fq.gz	/archive/carpenterlab/pire/pire_ostorhinchus_chrysopomus_lcwgs/4th_sequencing_run/fq_raw/Och-ACat_025-Ex1-1C-lcwgs-2-2.2.fq.gz	data/symlinks/OchACat025_Ex1-1C-lcwgs-2_RG-OchACat025-LH00516-290-22M5VHLT4-L4-1C-B2_R1.fastq.gz	data/symlinks/OchACat025_Ex1-1C-lcwgs-2_RG-OchACat025-LH00516-290-22M5VHLT4-L4-1C-B2_R2.fastq.gz
OchACat026_Ex1-2C-lcwgs-2_RG-OchACat026-LH00516-290-22M5VHLT4-L4-2C-B2	OchACat026	Och-ACat_026	ACat	historical	Ex1-2C-lcwgs-2	RG-OchACat026-LH00516-290-22M5VHLT4-L4-2C-B2	4th	Och-ACat_026-Ex1-2C-lcwgs-2-2	/archive/carpenterlab/pire/pire_ostorhinchus_chrysopomus_lcwgs/4th_sequencing_run/fq_raw/Och-ACat_026-Ex1-2C-lcwgs-2-2.1.fq.gz	/archive/carpenterlab/pire/pire_ostorhinchus_chrysopomus_lcwgs/4th_sequencing_run/fq_raw/Och-ACat_026-Ex1-2C-lcwgs-2-2.2.fq.gz	data/symlinks/OchACat026_Ex1-2C-lcwgs-2_RG-OchACat026-LH00516-290-22M5VHLT4-L4-2C-B2_R1.fastq.gz	data/symlinks/OchACat026_Ex1-2C-lcwgs-2_RG-OchACat026-LH00516-290-22M5VHLT4-L4-2C-B2_R2.fastq.gz
OchACat027_Ex1-3C-lcwgs-2_RG-OchACat027-LH00516-290-22M5VHLT4-L4-3C-B2	OchACat027	Och-ACat_027	ACat	historical	Ex1-3C-lcwgs-2	RG-OchACat027-LH00516-290-22M5VHLT4-L4-3C-B2	4th	Och-ACat_027-Ex1-3C-lcwgs-2-2	/archive/carpenterlab/pire/pire_ostorhinchus_chrysopomus_lcwgs/4th_sequencing_run/fq_raw/Och-ACat_027-Ex1-3C-lcwgs-2-2.1.fq.gz	/archive/carpenterlab/pire/pire_ostorhinchus_chrysopomus_lcwgs/4th_sequencing_run/fq_raw/Och-ACat_027-Ex1-3C-lcwgs-2-2.2.fq.gz	data/symlinks/OchACat027_Ex1-3C-lcwgs-2_RG-OchACat027-LH00516-290-22M5VHLT4-L4-3C-B2_R1.fastq.gz	data/symlinks/OchACat027_Ex1-3C-lcwgs-2_RG-OchACat027-LH00516-290-22M5VHLT4-L4-3C-B2_R2.fastq.gz
OchACat028_Ex1-4C-lcwgs-2_RG-OchACat028-LH00516-290-22M5VHLT4-L4-4C-B2	OchACat028	Och-ACat_028	ACat	historical	Ex1-4C-lcwgs-2	RG-OchACat028-LH00516-290-22M5VHLT4-L4-4C-B2	4th	Och-ACat_028-Ex1-4C-lcwgs-2-2	/archive/carpenterlab/pire/pire_ostorhinchus_chrysopomus_lcwgs/4th_sequencing_run/fq_raw/Och-ACat_028-Ex1-4C-lcwgs-2-2.1.fq.gz	/archive/carpenterlab/pire/pire_ostorhinchus_chrysopomus_lcwgs/4th_sequencing_run/fq_raw/Och-ACat_028-Ex1-4C-lcwgs-2-2.2.fq.gz	data/symlinks/OchACat028_Ex1-4C-lcwgs-2_RG-OchACat028-LH00516-290-22M5VHLT4-L4-4C-B2_R1.fastq.gz	data/symlinks/OchACat028_Ex1-4C-lcwgs-2_RG-OchACat028-LH00516-290-22M5VHLT4-L4-4C-B2_R2.fastq.gz
OchACat029_Ex1-5C-lcwgs-2_RG-OchACat029-LH00516-290-22M5VHLT4-L4-5C-B2	OchACat029	Och-ACat_029	ACat	historical	Ex1-5C-lcwgs-2	RG-OchACat029-LH00516-290-22M5VHLT4-L4-5C-B2	4th	Och-ACat_029-Ex1-5C-lcwgs-2-2	/archive/carpenterlab/pire/pire_ostorhinchus_chrysopomus_lcwgs/4th_sequencing_run/fq_raw/Och-ACat_029-Ex1-5C-lcwgs-2-2.1.fq.gz	/archive/carpenterlab/pire/pire_ostorhinchus_chrysopomus_lcwgs/4th_sequencing_run/fq_raw/Och-ACat_029-Ex1-5C-lcwgs-2-2.2.fq.gz	data/symlinks/OchACat029_Ex1-5C-lcwgs-2_RG-OchACat029-LH00516-290-22M5VHLT4-L4-5C-B2_R1.fastq.gz	data/symlinks/OchACat029_Ex1-5C-lcwgs-2_RG-OchACat029-LH00516-290-22M5VHLT4-L4-5C-B2_R2.fastq.gz
OchACat030_Ex1-6C-lcwgs-2_RG-OchACat030-LH00516-290-22M5VHLT4-L4-6C-B2	OchACat030	Och-ACat_030	ACat	historical	Ex1-6C-lcwgs-2	RG-OchACat030-LH00516-290-22M5VHLT4-L4-6C-B2	4th	Och-ACat_030-Ex1-6C-lcwgs-2-2	/archive/carpenterlab/pire/pire_ostorhinchus_chrysopomus_lcwgs/4th_sequencing_run/fq_raw/Och-ACat_030-Ex1-6C-lcwgs-2-2.1.fq.gz	/archive/carpenterlab/pire/pire_ostorhinchus_chrysopomus_lcwgs/4th_sequencing_run/fq_raw/Och-ACat_030-Ex1-6C-lcwgs-2-2.2.fq.gz	data/symlinks/OchACat030_Ex1-6C-lcwgs-2_RG-OchACat030-LH00516-290-22M5VHLT4-L4-6C-B2_R1.fastq.gz	data/symlinks/OchACat030_Ex1-6C-lcwgs-2_RG-OchACat030-LH00516-290-22M5VHLT4-L4-6C-B2_R2.fastq.gz
OchACat031_Ex1-7C-lcwgs-2_RG-OchACat031-LH00516-290-22M5VHLT4-L4-7C-B2	OchACat031	Och-ACat_031	ACat	historical	Ex1-7C-lcwgs-2	RG-OchACat031-LH00516-290-22M5VHLT4-L4-7C-B2	4th	Och-ACat_031-Ex1-7C-lcwgs-2-2	/archive/carpenterlab/pire/pire_ostorhinchus_chrysopomus_lcwgs/4th_sequencing_run/fq_raw/Och-ACat_031-Ex1-7C-lcwgs-2-2.1.fq.gz	/archive/carpenterlab/pire/pire_ostorhinchus_chrysopomus_lcwgs/4th_sequencing_run/fq_raw/Och-ACat_031-Ex1-7C-lcwgs-2-2.2.fq.gz	data/symlinks/OchACat031_Ex1-7C-lcwgs-2_RG-OchACat031-LH00516-290-22M5VHLT4-L4-7C-B2_R1.fastq.gz	data/symlinks/OchACat031_Ex1-7C-lcwgs-2_RG-OchACat031-LH00516-290-22M5VHLT4-L4-7C-B2_R2.fastq.gz
OchACat032_Ex1-8C-lcwgs-2_RG-OchACat032-LH00516-290-22M5VHLT4-L4-8C-B2	OchACat032	Och-ACat_032	ACat	historical	Ex1-8C-lcwgs-2	RG-OchACat032-LH00516-290-22M5VHLT4-L4-8C-B2	4th	Och-ACat_032-Ex1-8C-lcwgs-2-2	/archive/carpenterlab/pire/pire_ostorhinchus_chrysopomus_lcwgs/4th_sequencing_run/fq_raw/Och-ACat_032-Ex1-8C-lcwgs-2-2.1.fq.gz	/archive/carpenterlab/pire/pire_ostorhinchus_chrysopomus_lcwgs/4th_sequencing_run/fq_raw/Och-ACat_032-Ex1-8C-lcwgs-2-2.2.fq.gz	data/symlinks/OchACat032_Ex1-8C-lcwgs-2_RG-OchACat032-LH00516-290-22M5VHLT4-L4-8C-B2_R1.fastq.gz	data/symlinks/OchACat032_Ex1-8C-lcwgs-2_RG-OchACat032-LH00516-290-22M5VHLT4-L4-8C-B2_R2.fastq.gz
OchACat033_Ex1-9C-lcwgs-2_RG-OchACat033-LH00516-290-22M5VHLT4-L4-9C-B2	OchACat033	Och-ACat_033	ACat	historical	Ex1-9C-lcwgs-2	RG-OchACat033-LH00516-290-22M5VHLT4-L4-9C-B2	4th	Och-ACat_033-Ex1-9C-lcwgs-2-2	/archive/carpenterlab/pire/pire_ostorhinchus_chrysopomus_lcwgs/4th_sequencing_run/fq_raw/Och-ACat_033-Ex1-9C-lcwgs-2-2.1.fq.gz	/archive/carpenterlab/pire/pire_ostorhinchus_chrysopomus_lcwgs/4th_sequencing_run/fq_raw/Och-ACat_033-Ex1-9C-lcwgs-2-2.2.fq.gz	data/symlinks/OchACat033_Ex1-9C-lcwgs-2_RG-OchACat033-LH00516-290-22M5VHLT4-L4-9C-B2_R1.fastq.gz	data/symlinks/OchACat033_Ex1-9C-lcwgs-2_RG-OchACat033-LH00516-290-22M5VHLT4-L4-9C-B2_R2.fastq.gz
OchACat034_Ex1-10C-lcwgs-2_RG-OchACat034-LH00516-290-22M5VHLT4-L4-10C-B2	OchACat034	Och-ACat_034	ACat	historical	Ex1-10C-lcwgs-2	RG-OchACat034-LH00516-290-22M5VHLT4-L4-10C-B2	4th	Och-ACat_034-Ex1-10C-lcwgs-2-2	/archive/carpenterlab/pire/pire_ostorhinchus_chrysopomus_lcwgs/4th_sequencing_run/fq_raw/Och-ACat_034-Ex1-10C-lcwgs-2-2.1.fq.gz	/archive/carpenterlab/pire/pire_ostorhinchus_chrysopomus_lcwgs/4th_sequencing_run/fq_raw/Och-ACat_034-Ex1-10C-lcwgs-2-2.2.fq.gz	data/symlinks/OchACat034_Ex1-10C-lcwgs-2_RG-OchACat034-LH00516-290-22M5VHLT4-L4-10C-B2_R1.fastq.gz	data/symlinks/OchACat034_Ex1-10C-lcwgs-2_RG-OchACat034-LH00516-290-22M5VHLT4-L4-10C-B2_R2.fastq.gz
OchACat035_Ex1-11C-lcwgs-2_RG-OchACat035-LH00516-290-22M5VHLT4-L4-11C-B2	OchACat035	Och-ACat_035	ACat	historical	Ex1-11C-lcwgs-2	RG-OchACat035-LH00516-290-22M5VHLT4-L4-11C-B2	4th	Och-ACat_035-Ex1-11C-lcwgs-2-2	/archive/carpenterlab/pire/pire_ostorhinchus_chrysopomus_lcwgs/4th_sequencing_run/fq_raw/Och-ACat_035-Ex1-11C-lcwgs-2-2.1.fq.gz	/archive/carpenterlab/pire/pire_ostorhinchus_chrysopomus_lcwgs/4th_sequencing_run/fq_raw/Och-ACat_035-Ex1-11C-lcwgs-2-2.2.fq.gz	data/symlinks/OchACat035_Ex1-11C-lcwgs-2_RG-OchACat035-LH00516-290-22M5VHLT4-L4-11C-B2_R1.fastq.gz	data/symlinks/OchACat035_Ex1-11C-lcwgs-2_RG-OchACat035-LH00516-290-22M5VHLT4-L4-11C-B2_R2.fastq.gz
OchACat036_Ex1-12C-lcwgs-2_RG-OchACat036-LH00516-290-22M5VHLT4-L4-12C-B2	OchACat036	Och-ACat_036	ACat	historical	Ex1-12C-lcwgs-2	RG-OchACat036-LH00516-290-22M5VHLT4-L4-12C-B2	4th	Och-ACat_036-Ex1-12C-lcwgs-2-2	/archive/carpenterlab/pire/pire_ostorhinchus_chrysopomus_lcwgs/4th_sequencing_run/fq_raw/Och-ACat_036-Ex1-12C-lcwgs-2-2.1.fq.gz	/archive/carpenterlab/pire/pire_ostorhinchus_chrysopomus_lcwgs/4th_sequencing_run/fq_raw/Och-ACat_036-Ex1-12C-lcwgs-2-2.2.fq.gz	data/symlinks/OchACat036_Ex1-12C-lcwgs-2_RG-OchACat036-LH00516-290-22M5VHLT4-L4-12C-B2_R1.fastq.gz	data/symlinks/OchACat036_Ex1-12C-lcwgs-2_RG-OchACat036-LH00516-290-22M5VHLT4-L4-12C-B2_R2.fastq.gz
OchACat037_Ex1-1D-lcwgs-2_RG-OchACat037-LH00516-290-22M5VHLT4-L4-1D-B2	OchACat037	Och-ACat_037	ACat	historical	Ex1-1D-lcwgs-2	RG-OchACat037-LH00516-290-22M5VHLT4-L4-1D-B2	4th	Och-ACat_037-Ex1-1D-lcwgs-2-2	/archive/carpenterlab/pire/pire_ostorhinchus_chrysopomus_lcwgs/4th_sequencing_run/fq_raw/Och-ACat_037-Ex1-1D-lcwgs-2-2.1.fq.gz	/archive/carpenterlab/pire/pire_ostorhinchus_chrysopomus_lcwgs/4th_sequencing_run/fq_raw/Och-ACat_037-Ex1-1D-lcwgs-2-2.2.fq.gz	data/symlinks/OchACat037_Ex1-1D-lcwgs-2_RG-OchACat037-LH00516-290-22M5VHLT4-L4-1D-B2_R1.fastq.gz	data/symlinks/OchACat037_Ex1-1D-lcwgs-2_RG-OchACat037-LH00516-290-22M5VHLT4-L4-1D-B2_R2.fastq.gz
OchACat038_Ex1-2D-lcwgs-2_RG-OchACat038-LH00516-290-22M5VHLT4-L4-2D-B2	OchACat038	Och-ACat_038	ACat	historical	Ex1-2D-lcwgs-2	RG-OchACat038-LH00516-290-22M5VHLT4-L4-2D-B2	4th	Och-ACat_038-Ex1-2D-lcwgs-2-2	/archive/carpenterlab/pire/pire_ostorhinchus_chrysopomus_lcwgs/4th_sequencing_run/fq_raw/Och-ACat_038-Ex1-2D-lcwgs-2-2.1.fq.gz	/archive/carpenterlab/pire/pire_ostorhinchus_chrysopomus_lcwgs/4th_sequencing_run/fq_raw/Och-ACat_038-Ex1-2D-lcwgs-2-2.2.fq.gz	data/symlinks/OchACat038_Ex1-2D-lcwgs-2_RG-OchACat038-LH00516-290-22M5VHLT4-L4-2D-B2_R1.fastq.gz	data/symlinks/OchACat038_Ex1-2D-lcwgs-2_RG-OchACat038-LH00516-290-22M5VHLT4-L4-2D-B2_R2.fastq.gz
OchACat039_Ex1-3D-lcwgs-2_RG-OchACat039-LH00516-290-22M5VHLT4-L4-3D-B2	OchACat039	Och-ACat_039	ACat	historical	Ex1-3D-lcwgs-2	RG-OchACat039-LH00516-290-22M5VHLT4-L4-3D-B2	4th	Och-ACat_039-Ex1-3D-lcwgs-2-2	/archive/carpenterlab/pire/pire_ostorhinchus_chrysopomus_lcwgs/4th_sequencing_run/fq_raw/Och-ACat_039-Ex1-3D-lcwgs-2-2.1.fq.gz	/archive/carpenterlab/pire/pire_ostorhinchus_chrysopomus_lcwgs/4th_sequencing_run/fq_raw/Och-ACat_039-Ex1-3D-lcwgs-2-2.2.fq.gz	data/symlinks/OchACat039_Ex1-3D-lcwgs-2_RG-OchACat039-LH00516-290-22M5VHLT4-L4-3D-B2_R1.fastq.gz	data/symlinks/OchACat039_Ex1-3D-lcwgs-2_RG-OchACat039-LH00516-290-22M5VHLT4-L4-3D-B2_R2.fastq.gz
OchACat040_Ex1-4D-lcwgs-2_RG-OchACat040-LH00516-290-22M5VHLT4-L4-4D-B2	OchACat040	Och-ACat_040	ACat	historical	Ex1-4D-lcwgs-2	RG-OchACat040-LH00516-290-22M5VHLT4-L4-4D-B2	4th	Och-ACat_040-Ex1-4D-lcwgs-2-2	/archive/carpenterlab/pire/pire_ostorhinchus_chrysopomus_lcwgs/4th_sequencing_run/fq_raw/Och-ACat_040-Ex1-4D-lcwgs-2-2.1.fq.gz	/archive/carpenterlab/pire/pire_ostorhinchus_chrysopomus_lcwgs/4th_sequencing_run/fq_raw/Och-ACat_040-Ex1-4D-lcwgs-2-2.2.fq.gz	data/symlinks/OchACat040_Ex1-4D-lcwgs-2_RG-OchACat040-LH00516-290-22M5VHLT4-L4-4D-B2_R1.fastq.gz	data/symlinks/OchACat040_Ex1-4D-lcwgs-2_RG-OchACat040-LH00516-290-22M5VHLT4-L4-4D-B2_R2.fastq.gz
OchACat041_Ex1-5D-lcwgs-2_RG-OchACat041-LH00516-290-22M5VHLT4-L4-5D-B2	OchACat041	Och-ACat_041	ACat	historical	Ex1-5D-lcwgs-2	RG-OchACat041-LH00516-290-22M5VHLT4-L4-5D-B2	4th	Och-ACat_041-Ex1-5D-lcwgs-2-2	/archive/carpenterlab/pire/pire_ostorhinchus_chrysopomus_lcwgs/4th_sequencing_run/fq_raw/Och-ACat_041-Ex1-5D-lcwgs-2-2.1.fq.gz	/archive/carpenterlab/pire/pire_ostorhinchus_chrysopomus_lcwgs/4th_sequencing_run/fq_raw/Och-ACat_041-Ex1-5D-lcwgs-2-2.2.fq.gz	data/symlinks/OchACat041_Ex1-5D-lcwgs-2_RG-OchACat041-LH00516-290-22M5VHLT4-L4-5D-B2_R1.fastq.gz	data/symlinks/OchACat041_Ex1-5D-lcwgs-2_RG-OchACat041-LH00516-290-22M5VHLT4-L4-5D-B2_R2.fastq.gz
OchATum001_Ex1-6D-lcwgs-2_RG-OchATum001-LH00516-290-22M5VHLT4-L4-6D-B2	OchATum001	Och-ATum_001	ATum	historical	Ex1-6D-lcwgs-2	RG-OchATum001-LH00516-290-22M5VHLT4-L4-6D-B2	4th	Och-ATum_001-Ex1-6D-lcwgs-2-2	/archive/carpenterlab/pire/pire_ostorhinchus_chrysopomus_lcwgs/4th_sequencing_run/fq_raw/Och-ATum_001-Ex1-6D-lcwgs-2-2.1.fq.gz	/archive/carpenterlab/pire/pire_ostorhinchus_chrysopomus_lcwgs/4th_sequencing_run/fq_raw/Och-ATum_001-Ex1-6D-lcwgs-2-2.2.fq.gz	data/symlinks/OchATum001_Ex1-6D-lcwgs-2_RG-OchATum001-LH00516-290-22M5VHLT4-L4-6D-B2_R1.fastq.gz	data/symlinks/OchATum001_Ex1-6D-lcwgs-2_RG-OchATum001-LH00516-290-22M5VHLT4-L4-6D-B2_R2.fastq.gz
OchATum002_Ex1-7D-lcwgs-2_RG-OchATum002-LH00516-290-22M5VHLT4-L4-7D-B2	OchATum002	Och-ATum_002	ATum	historical	Ex1-7D-lcwgs-2	RG-OchATum002-LH00516-290-22M5VHLT4-L4-7D-B2	4th	Och-ATum_002-Ex1-7D-lcwgs-2-2	/archive/carpenterlab/pire/pire_ostorhinchus_chrysopomus_lcwgs/4th_sequencing_run/fq_raw/Och-ATum_002-Ex1-7D-lcwgs-2-2.1.fq.gz	/archive/carpenterlab/pire/pire_ostorhinchus_chrysopomus_lcwgs/4th_sequencing_run/fq_raw/Och-ATum_002-Ex1-7D-lcwgs-2-2.2.fq.gz	data/symlinks/OchATum002_Ex1-7D-lcwgs-2_RG-OchATum002-LH00516-290-22M5VHLT4-L4-7D-B2_R1.fastq.gz	data/symlinks/OchATum002_Ex1-7D-lcwgs-2_RG-OchATum002-LH00516-290-22M5VHLT4-L4-7D-B2_R2.fastq.gz
OchATum003_Ex1-8D-lcwgs-2_RG-OchATum003-LH00516-290-22M5VHLT4-L4-8D-B2	OchATum003	Och-ATum_003	ATum	historical	Ex1-8D-lcwgs-2	RG-OchATum003-LH00516-290-22M5VHLT4-L4-8D-B2	4th	Och-ATum_003-Ex1-8D-lcwgs-2-2	/archive/carpenterlab/pire/pire_ostorhinchus_chrysopomus_lcwgs/4th_sequencing_run/fq_raw/Och-ATum_003-Ex1-8D-lcwgs-2-2.1.fq.gz	/archive/carpenterlab/pire/pire_ostorhinchus_chrysopomus_lcwgs/4th_sequencing_run/fq_raw/Och-ATum_003-Ex1-8D-lcwgs-2-2.2.fq.gz	data/symlinks/OchATum003_Ex1-8D-lcwgs-2_RG-OchATum003-LH00516-290-22M5VHLT4-L4-8D-B2_R1.fastq.gz	data/symlinks/OchATum003_Ex1-8D-lcwgs-2_RG-OchATum003-LH00516-290-22M5VHLT4-L4-8D-B2_R2.fastq.gz
OchATum004_Ex1-9D-lcwgs-2_RG-OchATum004-LH00516-290-22M5VHLT4-L4-9D-B2	OchATum004	Och-ATum_004	ATum	historical	Ex1-9D-lcwgs-2	RG-OchATum004-LH00516-290-22M5VHLT4-L4-9D-B2	4th	Och-ATum_004-Ex1-9D-lcwgs-2-2	/archive/carpenterlab/pire/pire_ostorhinchus_chrysopomus_lcwgs/4th_sequencing_run/fq_raw/Och-ATum_004-Ex1-9D-lcwgs-2-2.1.fq.gz	/archive/carpenterlab/pire/pire_ostorhinchus_chrysopomus_lcwgs/4th_sequencing_run/fq_raw/Och-ATum_004-Ex1-9D-lcwgs-2-2.2.fq.gz	data/symlinks/OchATum004_Ex1-9D-lcwgs-2_RG-OchATum004-LH00516-290-22M5VHLT4-L4-9D-B2_R1.fastq.gz	data/symlinks/OchATum004_Ex1-9D-lcwgs-2_RG-OchATum004-LH00516-290-22M5VHLT4-L4-9D-B2_R2.fastq.gz
OchATum005_Ex1-10D-lcwgs-2_RG-OchATum005-LH00516-290-22M5VHLT4-L4-10D-B2	OchATum005	Och-ATum_005	ATum	historical	Ex1-10D-lcwgs-2	RG-OchATum005-LH00516-290-22M5VHLT4-L4-10D-B2	4th	Och-ATum_005-Ex1-10D-lcwgs-2-2	/archive/carpenterlab/pire/pire_ostorhinchus_chrysopomus_lcwgs/4th_sequencing_run/fq_raw/Och-ATum_005-Ex1-10D-lcwgs-2-2.1.fq.gz	/archive/carpenterlab/pire/pire_ostorhinchus_chrysopomus_lcwgs/4th_sequencing_run/fq_raw/Och-ATum_005-Ex1-10D-lcwgs-2-2.2.fq.gz	data/symlinks/OchATum005_Ex1-10D-lcwgs-2_RG-OchATum005-LH00516-290-22M5VHLT4-L4-10D-B2_R1.fastq.gz	data/symlinks/OchATum005_Ex1-10D-lcwgs-2_RG-OchATum005-LH00516-290-22M5VHLT4-L4-10D-B2_R2.fastq.gz
OchATum006_Ex1-11D-lcwgs-2_RG-OchATum006-LH00516-290-22M5VHLT4-L4-11D-B2	OchATum006	Och-ATum_006	ATum	historical	Ex1-11D-lcwgs-2	RG-OchATum006-LH00516-290-22M5VHLT4-L4-11D-B2	4th	Och-ATum_006-Ex1-11D-lcwgs-2-2	/archive/carpenterlab/pire/pire_ostorhinchus_chrysopomus_lcwgs/4th_sequencing_run/fq_raw/Och-ATum_006-Ex1-11D-lcwgs-2-2.1.fq.gz	/archive/carpenterlab/pire/pire_ostorhinchus_chrysopomus_lcwgs/4th_sequencing_run/fq_raw/Och-ATum_006-Ex1-11D-lcwgs-2-2.2.fq.gz	data/symlinks/OchATum006_Ex1-11D-lcwgs-2_RG-OchATum006-LH00516-290-22M5VHLT4-L4-11D-B2_R1.fastq.gz	data/symlinks/OchATum006_Ex1-11D-lcwgs-2_RG-OchATum006-LH00516-290-22M5VHLT4-L4-11D-B2_R2.fastq.gz
OchATum007_Ex1-12D-lcwgs-2_RG-OchATum007-LH00516-290-22M5VHLT4-L4-12D-B2	OchATum007	Och-ATum_007	ATum	historical	Ex1-12D-lcwgs-2	RG-OchATum007-LH00516-290-22M5VHLT4-L4-12D-B2	4th	Och-ATum_007-Ex1-12D-lcwgs-2-2	/archive/carpenterlab/pire/pire_ostorhinchus_chrysopomus_lcwgs/4th_sequencing_run/fq_raw/Och-ATum_007-Ex1-12D-lcwgs-2-2.1.fq.gz	/archive/carpenterlab/pire/pire_ostorhinchus_chrysopomus_lcwgs/4th_sequencing_run/fq_raw/Och-ATum_007-Ex1-12D-lcwgs-2-2.2.fq.gz	data/symlinks/OchATum007_Ex1-12D-lcwgs-2_RG-OchATum007-LH00516-290-22M5VHLT4-L4-12D-B2_R1.fastq.gz	data/symlinks/OchATum007_Ex1-12D-lcwgs-2_RG-OchATum007-LH00516-290-22M5VHLT4-L4-12D-B2_R2.fastq.gz
OchATum008_Ex1-1E-lcwgs-2_RG-OchATum008-LH00516-290-22M5VHLT4-L4-1E-B2	OchATum008	Och-ATum_008	ATum	historical	Ex1-1E-lcwgs-2	RG-OchATum008-LH00516-290-22M5VHLT4-L4-1E-B2	4th	Och-ATum_008-Ex1-1E-lcwgs-2-2	/archive/carpenterlab/pire/pire_ostorhinchus_chrysopomus_lcwgs/4th_sequencing_run/fq_raw/Och-ATum_008-Ex1-1E-lcwgs-2-2.1.fq.gz	/archive/carpenterlab/pire/pire_ostorhinchus_chrysopomus_lcwgs/4th_sequencing_run/fq_raw/Och-ATum_008-Ex1-1E-lcwgs-2-2.2.fq.gz	data/symlinks/OchATum008_Ex1-1E-lcwgs-2_RG-OchATum008-LH00516-290-22M5VHLT4-L4-1E-B2_R1.fastq.gz	data/symlinks/OchATum008_Ex1-1E-lcwgs-2_RG-OchATum008-LH00516-290-22M5VHLT4-L4-1E-B2_R2.fastq.gz
OchATum009_Ex1-2E-lcwgs-2_RG-OchATum009-LH00516-290-22M5VHLT4-L4-2E-B2	OchATum009	Och-ATum_009	ATum	historical	Ex1-2E-lcwgs-2	RG-OchATum009-LH00516-290-22M5VHLT4-L4-2E-B2	4th	Och-ATum_009-Ex1-2E-lcwgs-2-2	/archive/carpenterlab/pire/pire_ostorhinchus_chrysopomus_lcwgs/4th_sequencing_run/fq_raw/Och-ATum_009-Ex1-2E-lcwgs-2-2.1.fq.gz	/archive/carpenterlab/pire/pire_ostorhinchus_chrysopomus_lcwgs/4th_sequencing_run/fq_raw/Och-ATum_009-Ex1-2E-lcwgs-2-2.2.fq.gz	data/symlinks/OchATum009_Ex1-2E-lcwgs-2_RG-OchATum009-LH00516-290-22M5VHLT4-L4-2E-B2_R1.fastq.gz	data/symlinks/OchATum009_Ex1-2E-lcwgs-2_RG-OchATum009-LH00516-290-22M5VHLT4-L4-2E-B2_R2.fastq.gz
OchATum010_Ex1-3E-lcwgs-2_RG-OchATum010-LH00516-290-22M5VHLT4-L4-3E-B2	OchATum010	Och-ATum_010	ATum	historical	Ex1-3E-lcwgs-2	RG-OchATum010-LH00516-290-22M5VHLT4-L4-3E-B2	4th	Och-ATum_010-Ex1-3E-lcwgs-2-2	/archive/carpenterlab/pire/pire_ostorhinchus_chrysopomus_lcwgs/4th_sequencing_run/fq_raw/Och-ATum_010-Ex1-3E-lcwgs-2-2.1.fq.gz	/archive/carpenterlab/pire/pire_ostorhinchus_chrysopomus_lcwgs/4th_sequencing_run/fq_raw/Och-ATum_010-Ex1-3E-lcwgs-2-2.2.fq.gz	data/symlinks/OchATum010_Ex1-3E-lcwgs-2_RG-OchATum010-LH00516-290-22M5VHLT4-L4-3E-B2_R1.fastq.gz	data/symlinks/OchATum010_Ex1-3E-lcwgs-2_RG-OchATum010-LH00516-290-22M5VHLT4-L4-3E-B2_R2.fastq.gz
OchATum011_Ex1-4E-lcwgs-2_RG-OchATum011-LH00516-290-22M5VHLT4-L4-4E-B2	OchATum011	Och-ATum_011	ATum	historical	Ex1-4E-lcwgs-2	RG-OchATum011-LH00516-290-22M5VHLT4-L4-4E-B2	4th	Och-ATum_011-Ex1-4E-lcwgs-2-2	/archive/carpenterlab/pire/pire_ostorhinchus_chrysopomus_lcwgs/4th_sequencing_run/fq_raw/Och-ATum_011-Ex1-4E-lcwgs-2-2.1.fq.gz	/archive/carpenterlab/pire/pire_ostorhinchus_chrysopomus_lcwgs/4th_sequencing_run/fq_raw/Och-ATum_011-Ex1-4E-lcwgs-2-2.2.fq.gz	data/symlinks/OchATum011_Ex1-4E-lcwgs-2_RG-OchATum011-LH00516-290-22M5VHLT4-L4-4E-B2_R1.fastq.gz	data/symlinks/OchATum011_Ex1-4E-lcwgs-2_RG-OchATum011-LH00516-290-22M5VHLT4-L4-4E-B2_R2.fastq.gz
OchATum012_Ex1-5E-lcwgs-2_RG-OchATum012-LH00516-290-22M5VHLT4-L4-5E-B2	OchATum012	Och-ATum_012	ATum	historical	Ex1-5E-lcwgs-2	RG-OchATum012-LH00516-290-22M5VHLT4-L4-5E-B2	4th	Och-ATum_012-Ex1-5E-lcwgs-2-2	/archive/carpenterlab/pire/pire_ostorhinchus_chrysopomus_lcwgs/4th_sequencing_run/fq_raw/Och-ATum_012-Ex1-5E-lcwgs-2-2.1.fq.gz	/archive/carpenterlab/pire/pire_ostorhinchus_chrysopomus_lcwgs/4th_sequencing_run/fq_raw/Och-ATum_012-Ex1-5E-lcwgs-2-2.2.fq.gz	data/symlinks/OchATum012_Ex1-5E-lcwgs-2_RG-OchATum012-LH00516-290-22M5VHLT4-L4-5E-B2_R1.fastq.gz	data/symlinks/OchATum012_Ex1-5E-lcwgs-2_RG-OchATum012-LH00516-290-22M5VHLT4-L4-5E-B2_R2.fastq.gz
OchATum013_Ex1-6E-lcwgs-2_RG-OchATum013-LH00516-290-22M5VHLT4-L4-6E-B2	OchATum013	Och-ATum_013	ATum	historical	Ex1-6E-lcwgs-2	RG-OchATum013-LH00516-290-22M5VHLT4-L4-6E-B2	4th	Och-ATum_013-Ex1-6E-lcwgs-2-2	/archive/carpenterlab/pire/pire_ostorhinchus_chrysopomus_lcwgs/4th_sequencing_run/fq_raw/Och-ATum_013-Ex1-6E-lcwgs-2-2.1.fq.gz	/archive/carpenterlab/pire/pire_ostorhinchus_chrysopomus_lcwgs/4th_sequencing_run/fq_raw/Och-ATum_013-Ex1-6E-lcwgs-2-2.2.fq.gz	data/symlinks/OchATum013_Ex1-6E-lcwgs-2_RG-OchATum013-LH00516-290-22M5VHLT4-L4-6E-B2_R1.fastq.gz	data/symlinks/OchATum013_Ex1-6E-lcwgs-2_RG-OchATum013-LH00516-290-22M5VHLT4-L4-6E-B2_R2.fastq.gz
OchATum014_Ex1-7E-lcwgs-2_RG-OchATum014-LH00516-290-22M5VHLT4-L4-7E-B2	OchATum014	Och-ATum_014	ATum	historical	Ex1-7E-lcwgs-2	RG-OchATum014-LH00516-290-22M5VHLT4-L4-7E-B2	4th	Och-ATum_014-Ex1-7E-lcwgs-2-2	/archive/carpenterlab/pire/pire_ostorhinchus_chrysopomus_lcwgs/4th_sequencing_run/fq_raw/Och-ATum_014-Ex1-7E-lcwgs-2-2.1.fq.gz	/archive/carpenterlab/pire/pire_ostorhinchus_chrysopomus_lcwgs/4th_sequencing_run/fq_raw/Och-ATum_014-Ex1-7E-lcwgs-2-2.2.fq.gz	data/symlinks/OchATum014_Ex1-7E-lcwgs-2_RG-OchATum014-LH00516-290-22M5VHLT4-L4-7E-B2_R1.fastq.gz	data/symlinks/OchATum014_Ex1-7E-lcwgs-2_RG-OchATum014-LH00516-290-22M5VHLT4-L4-7E-B2_R2.fastq.gz
OchATum015_Ex1-8E-lcwgs-2_RG-OchATum015-LH00516-290-22M5VHLT4-L4-8E-B2	OchATum015	Och-ATum_015	ATum	historical	Ex1-8E-lcwgs-2	RG-OchATum015-LH00516-290-22M5VHLT4-L4-8E-B2	4th	Och-ATum_015-Ex1-8E-lcwgs-2-2	/archive/carpenterlab/pire/pire_ostorhinchus_chrysopomus_lcwgs/4th_sequencing_run/fq_raw/Och-ATum_015-Ex1-8E-lcwgs-2-2.1.fq.gz	/archive/carpenterlab/pire/pire_ostorhinchus_chrysopomus_lcwgs/4th_sequencing_run/fq_raw/Och-ATum_015-Ex1-8E-lcwgs-2-2.2.fq.gz	data/symlinks/OchATum015_Ex1-8E-lcwgs-2_RG-OchATum015-LH00516-290-22M5VHLT4-L4-8E-B2_R1.fastq.gz	data/symlinks/OchATum015_Ex1-8E-lcwgs-2_RG-OchATum015-LH00516-290-22M5VHLT4-L4-8E-B2_R2.fastq.gz
OchATum016_Ex1-9E-lcwgs-2_RG-OchATum016-LH00516-290-22M5VHLT4-L4-9E-B2	OchATum016	Och-ATum_016	ATum	historical	Ex1-9E-lcwgs-2	RG-OchATum016-LH00516-290-22M5VHLT4-L4-9E-B2	4th	Och-ATum_016-Ex1-9E-lcwgs-2-2	/archive/carpenterlab/pire/pire_ostorhinchus_chrysopomus_lcwgs/4th_sequencing_run/fq_raw/Och-ATum_016-Ex1-9E-lcwgs-2-2.1.fq.gz	/archive/carpenterlab/pire/pire_ostorhinchus_chrysopomus_lcwgs/4th_sequencing_run/fq_raw/Och-ATum_016-Ex1-9E-lcwgs-2-2.2.fq.gz	data/symlinks/OchATum016_Ex1-9E-lcwgs-2_RG-OchATum016-LH00516-290-22M5VHLT4-L4-9E-B2_R1.fastq.gz	data/symlinks/OchATum016_Ex1-9E-lcwgs-2_RG-OchATum016-LH00516-290-22M5VHLT4-L4-9E-B2_R2.fastq.gz
OchATum017_Ex1-10E-lcwgs-2_RG-OchATum017-LH00516-290-22M5VHLT4-L4-10E-B2	OchATum017	Och-ATum_017	ATum	historical	Ex1-10E-lcwgs-2	RG-OchATum017-LH00516-290-22M5VHLT4-L4-10E-B2	4th	Och-ATum_017-Ex1-10E-lcwgs-2-2	/archive/carpenterlab/pire/pire_ostorhinchus_chrysopomus_lcwgs/4th_sequencing_run/fq_raw/Och-ATum_017-Ex1-10E-lcwgs-2-2.1.fq.gz	/archive/carpenterlab/pire/pire_ostorhinchus_chrysopomus_lcwgs/4th_sequencing_run/fq_raw/Och-ATum_017-Ex1-10E-lcwgs-2-2.2.fq.gz	data/symlinks/OchATum017_Ex1-10E-lcwgs-2_RG-OchATum017-LH00516-290-22M5VHLT4-L4-10E-B2_R1.fastq.gz	data/symlinks/OchATum017_Ex1-10E-lcwgs-2_RG-OchATum017-LH00516-290-22M5VHLT4-L4-10E-B2_R2.fastq.gz
OchATum018_Ex1-11E-lcwgs-2_RG-OchATum018-LH00516-290-22M5VHLT4-L4-11E-B2	OchATum018	Och-ATum_018	ATum	historical	Ex1-11E-lcwgs-2	RG-OchATum018-LH00516-290-22M5VHLT4-L4-11E-B2	4th	Och-ATum_018-Ex1-11E-lcwgs-2-2	/archive/carpenterlab/pire/pire_ostorhinchus_chrysopomus_lcwgs/4th_sequencing_run/fq_raw/Och-ATum_018-Ex1-11E-lcwgs-2-2.1.fq.gz	/archive/carpenterlab/pire/pire_ostorhinchus_chrysopomus_lcwgs/4th_sequencing_run/fq_raw/Och-ATum_018-Ex1-11E-lcwgs-2-2.2.fq.gz	data/symlinks/OchATum018_Ex1-11E-lcwgs-2_RG-OchATum018-LH00516-290-22M5VHLT4-L4-11E-B2_R1.fastq.gz	data/symlinks/OchATum018_Ex1-11E-lcwgs-2_RG-OchATum018-LH00516-290-22M5VHLT4-L4-11E-B2_R2.fastq.gz
OchATum019_Ex1-12E-lcwgs-2_RG-OchATum019-LH00516-290-22M5VHLT4-L4-12E-B2	OchATum019	Och-ATum_019	ATum	historical	Ex1-12E-lcwgs-2	RG-OchATum019-LH00516-290-22M5VHLT4-L4-12E-B2	4th	Och-ATum_019-Ex1-12E-lcwgs-2-2	/archive/carpenterlab/pire/pire_ostorhinchus_chrysopomus_lcwgs/4th_sequencing_run/fq_raw/Och-ATum_019-Ex1-12E-lcwgs-2-2.1.fq.gz	/archive/carpenterlab/pire/pire_ostorhinchus_chrysopomus_lcwgs/4th_sequencing_run/fq_raw/Och-ATum_019-Ex1-12E-lcwgs-2-2.2.fq.gz	data/symlinks/OchATum019_Ex1-12E-lcwgs-2_RG-OchATum019-LH00516-290-22M5VHLT4-L4-12E-B2_R1.fastq.gz	data/symlinks/OchATum019_Ex1-12E-lcwgs-2_RG-OchATum019-LH00516-290-22M5VHLT4-L4-12E-B2_R2.fastq.gz
OchATum020_Ex1-1F-lcwgs-2_RG-OchATum020-LH00516-290-22M5VHLT4-L4-1F-B2	OchATum020	Och-ATum_020	ATum	historical	Ex1-1F-lcwgs-2	RG-OchATum020-LH00516-290-22M5VHLT4-L4-1F-B2	4th	Och-ATum_020-Ex1-1F-lcwgs-2-2	/archive/carpenterlab/pire/pire_ostorhinchus_chrysopomus_lcwgs/4th_sequencing_run/fq_raw/Och-ATum_020-Ex1-1F-lcwgs-2-2.1.fq.gz	/archive/carpenterlab/pire/pire_ostorhinchus_chrysopomus_lcwgs/4th_sequencing_run/fq_raw/Och-ATum_020-Ex1-1F-lcwgs-2-2.2.fq.gz	data/symlinks/OchATum020_Ex1-1F-lcwgs-2_RG-OchATum020-LH00516-290-22M5VHLT4-L4-1F-B2_R1.fastq.gz	data/symlinks/OchATum020_Ex1-1F-lcwgs-2_RG-OchATum020-LH00516-290-22M5VHLT4-L4-1F-B2_R2.fastq.gz
OchATum021_Ex1-2F-lcwgs-2_RG-OchATum021-LH00516-290-22M5VHLT4-L4-2F-B2	OchATum021	Och-ATum_021	ATum	historical	Ex1-2F-lcwgs-2	RG-OchATum021-LH00516-290-22M5VHLT4-L4-2F-B2	4th	Och-ATum_021-Ex1-2F-lcwgs-2-2	/archive/carpenterlab/pire/pire_ostorhinchus_chrysopomus_lcwgs/4th_sequencing_run/fq_raw/Och-ATum_021-Ex1-2F-lcwgs-2-2.1.fq.gz	/archive/carpenterlab/pire/pire_ostorhinchus_chrysopomus_lcwgs/4th_sequencing_run/fq_raw/Och-ATum_021-Ex1-2F-lcwgs-2-2.2.fq.gz	data/symlinks/OchATum021_Ex1-2F-lcwgs-2_RG-OchATum021-LH00516-290-22M5VHLT4-L4-2F-B2_R1.fastq.gz	data/symlinks/OchATum021_Ex1-2F-lcwgs-2_RG-OchATum021-LH00516-290-22M5VHLT4-L4-2F-B2_R2.fastq.gz
OchATum022_Ex1-3F-lcwgs-2_RG-OchATum022-LH00516-290-22M5VHLT4-L4-3F-B2	OchATum022	Och-ATum_022	ATum	historical	Ex1-3F-lcwgs-2	RG-OchATum022-LH00516-290-22M5VHLT4-L4-3F-B2	4th	Och-ATum_022-Ex1-3F-lcwgs-2-2	/archive/carpenterlab/pire/pire_ostorhinchus_chrysopomus_lcwgs/4th_sequencing_run/fq_raw/Och-ATum_022-Ex1-3F-lcwgs-2-2.1.fq.gz	/archive/carpenterlab/pire/pire_ostorhinchus_chrysopomus_lcwgs/4th_sequencing_run/fq_raw/Och-ATum_022-Ex1-3F-lcwgs-2-2.2.fq.gz	data/symlinks/OchATum022_Ex1-3F-lcwgs-2_RG-OchATum022-LH00516-290-22M5VHLT4-L4-3F-B2_R1.fastq.gz	data/symlinks/OchATum022_Ex1-3F-lcwgs-2_RG-OchATum022-LH00516-290-22M5VHLT4-L4-3F-B2_R2.fastq.gz
OchATum023_Ex1-4F-lcwgs-2_RG-OchATum023-LH00516-290-22M5VHLT4-L4-4F-B2	OchATum023	Och-ATum_023	ATum	historical	Ex1-4F-lcwgs-2	RG-OchATum023-LH00516-290-22M5VHLT4-L4-4F-B2	4th	Och-ATum_023-Ex1-4F-lcwgs-2-2	/archive/carpenterlab/pire/pire_ostorhinchus_chrysopomus_lcwgs/4th_sequencing_run/fq_raw/Och-ATum_023-Ex1-4F-lcwgs-2-2.1.fq.gz	/archive/carpenterlab/pire/pire_ostorhinchus_chrysopomus_lcwgs/4th_sequencing_run/fq_raw/Och-ATum_023-Ex1-4F-lcwgs-2-2.2.fq.gz	data/symlinks/OchATum023_Ex1-4F-lcwgs-2_RG-OchATum023-LH00516-290-22M5VHLT4-L4-4F-B2_R1.fastq.gz	data/symlinks/OchATum023_Ex1-4F-lcwgs-2_RG-OchATum023-LH00516-290-22M5VHLT4-L4-4F-B2_R2.fastq.gz
OchATum024_Ex1-5F-lcwgs-2_RG-OchATum024-LH00516-290-22M5VHLT4-L4-5F-B2	OchATum024	Och-ATum_024	ATum	historical	Ex1-5F-lcwgs-2	RG-OchATum024-LH00516-290-22M5VHLT4-L4-5F-B2	4th	Och-ATum_024-Ex1-5F-lcwgs-2-2	/archive/carpenterlab/pire/pire_ostorhinchus_chrysopomus_lcwgs/4th_sequencing_run/fq_raw/Och-ATum_024-Ex1-5F-lcwgs-2-2.1.fq.gz	/archive/carpenterlab/pire/pire_ostorhinchus_chrysopomus_lcwgs/4th_sequencing_run/fq_raw/Och-ATum_024-Ex1-5F-lcwgs-2-2.2.fq.gz	data/symlinks/OchATum024_Ex1-5F-lcwgs-2_RG-OchATum024-LH00516-290-22M5VHLT4-L4-5F-B2_R1.fastq.gz	data/symlinks/OchATum024_Ex1-5F-lcwgs-2_RG-OchATum024-LH00516-290-22M5VHLT4-L4-5F-B2_R2.fastq.gz
OchATum025_Ex1-6F-lcwgs-2_RG-OchATum025-LH00516-290-22M5VHLT4-L4-6F-B2	OchATum025	Och-ATum_025	ATum	historical	Ex1-6F-lcwgs-2	RG-OchATum025-LH00516-290-22M5VHLT4-L4-6F-B2	4th	Och-ATum_025-Ex1-6F-lcwgs-2-2	/archive/carpenterlab/pire/pire_ostorhinchus_chrysopomus_lcwgs/4th_sequencing_run/fq_raw/Och-ATum_025-Ex1-6F-lcwgs-2-2.1.fq.gz	/archive/carpenterlab/pire/pire_ostorhinchus_chrysopomus_lcwgs/4th_sequencing_run/fq_raw/Och-ATum_025-Ex1-6F-lcwgs-2-2.2.fq.gz	data/symlinks/OchATum025_Ex1-6F-lcwgs-2_RG-OchATum025-LH00516-290-22M5VHLT4-L4-6F-B2_R1.fastq.gz	data/symlinks/OchATum025_Ex1-6F-lcwgs-2_RG-OchATum025-LH00516-290-22M5VHLT4-L4-6F-B2_R2.fastq.gz
OchATum026_Ex1-7F-lcwgs-2_RG-OchATum026-LH00516-290-22M5VHLT4-L4-7F-B2	OchATum026	Och-ATum_026	ATum	historical	Ex1-7F-lcwgs-2	RG-OchATum026-LH00516-290-22M5VHLT4-L4-7F-B2	4th	Och-ATum_026-Ex1-7F-lcwgs-2-2	/archive/carpenterlab/pire/pire_ostorhinchus_chrysopomus_lcwgs/4th_sequencing_run/fq_raw/Och-ATum_026-Ex1-7F-lcwgs-2-2.1.fq.gz	/archive/carpenterlab/pire/pire_ostorhinchus_chrysopomus_lcwgs/4th_sequencing_run/fq_raw/Och-ATum_026-Ex1-7F-lcwgs-2-2.2.fq.gz	data/symlinks/OchATum026_Ex1-7F-lcwgs-2_RG-OchATum026-LH00516-290-22M5VHLT4-L4-7F-B2_R1.fastq.gz	data/symlinks/OchATum026_Ex1-7F-lcwgs-2_RG-OchATum026-LH00516-290-22M5VHLT4-L4-7F-B2_R2.fastq.gz
OchATum027_Ex1-8F-lcwgs-2_RG-OchATum027-LH00516-290-22M5VHLT4-L4-8F-B2	OchATum027	Och-ATum_027	ATum	historical	Ex1-8F-lcwgs-2	RG-OchATum027-LH00516-290-22M5VHLT4-L4-8F-B2	4th	Och-ATum_027-Ex1-8F-lcwgs-2-2	/archive/carpenterlab/pire/pire_ostorhinchus_chrysopomus_lcwgs/4th_sequencing_run/fq_raw/Och-ATum_027-Ex1-8F-lcwgs-2-2.1.fq.gz	/archive/carpenterlab/pire/pire_ostorhinchus_chrysopomus_lcwgs/4th_sequencing_run/fq_raw/Och-ATum_027-Ex1-8F-lcwgs-2-2.2.fq.gz	data/symlinks/OchATum027_Ex1-8F-lcwgs-2_RG-OchATum027-LH00516-290-22M5VHLT4-L4-8F-B2_R1.fastq.gz	data/symlinks/OchATum027_Ex1-8F-lcwgs-2_RG-OchATum027-LH00516-290-22M5VHLT4-L4-8F-B2_R2.fastq.gz
OchATum028_Ex1-9F-lcwgs-2_RG-OchATum028-LH00516-290-22M5VHLT4-L4-9F-B2	OchATum028	Och-ATum_028	ATum	historical	Ex1-9F-lcwgs-2	RG-OchATum028-LH00516-290-22M5VHLT4-L4-9F-B2	4th	Och-ATum_028-Ex1-9F-lcwgs-2-2	/archive/carpenterlab/pire/pire_ostorhinchus_chrysopomus_lcwgs/4th_sequencing_run/fq_raw/Och-ATum_028-Ex1-9F-lcwgs-2-2.1.fq.gz	/archive/carpenterlab/pire/pire_ostorhinchus_chrysopomus_lcwgs/4th_sequencing_run/fq_raw/Och-ATum_028-Ex1-9F-lcwgs-2-2.2.fq.gz	data/symlinks/OchATum028_Ex1-9F-lcwgs-2_RG-OchATum028-LH00516-290-22M5VHLT4-L4-9F-B2_R1.fastq.gz	data/symlinks/OchATum028_Ex1-9F-lcwgs-2_RG-OchATum028-LH00516-290-22M5VHLT4-L4-9F-B2_R2.fastq.gz
OchATum029_Ex1-10F-lcwgs-2_RG-OchATum029-LH00516-290-22M5VHLT4-L4-10F-B2	OchATum029	Och-ATum_029	ATum	historical	Ex1-10F-lcwgs-2	RG-OchATum029-LH00516-290-22M5VHLT4-L4-10F-B2	4th	Och-ATum_029-Ex1-10F-lcwgs-2-2	/archive/carpenterlab/pire/pire_ostorhinchus_chrysopomus_lcwgs/4th_sequencing_run/fq_raw/Och-ATum_029-Ex1-10F-lcwgs-2-2.1.fq.gz	/archive/carpenterlab/pire/pire_ostorhinchus_chrysopomus_lcwgs/4th_sequencing_run/fq_raw/Och-ATum_029-Ex1-10F-lcwgs-2-2.2.fq.gz	data/symlinks/OchATum029_Ex1-10F-lcwgs-2_RG-OchATum029-LH00516-290-22M5VHLT4-L4-10F-B2_R1.fastq.gz	data/symlinks/OchATum029_Ex1-10F-lcwgs-2_RG-OchATum029-LH00516-290-22M5VHLT4-L4-10F-B2_R2.fastq.gz
OchATum030_Ex1-11F-lcwgs-2_RG-OchATum030-LH00516-290-22M5VHLT4-L4-11F-B2	OchATum030	Och-ATum_030	ATum	historical	Ex1-11F-lcwgs-2	RG-OchATum030-LH00516-290-22M5VHLT4-L4-11F-B2	4th	Och-ATum_030-Ex1-11F-lcwgs-2-2	/archive/carpenterlab/pire/pire_ostorhinchus_chrysopomus_lcwgs/4th_sequencing_run/fq_raw/Och-ATum_030-Ex1-11F-lcwgs-2-2.1.fq.gz	/archive/carpenterlab/pire/pire_ostorhinchus_chrysopomus_lcwgs/4th_sequencing_run/fq_raw/Och-ATum_030-Ex1-11F-lcwgs-2-2.2.fq.gz	data/symlinks/OchATum030_Ex1-11F-lcwgs-2_RG-OchATum030-LH00516-290-22M5VHLT4-L4-11F-B2_R1.fastq.gz	data/symlinks/OchATum030_Ex1-11F-lcwgs-2_RG-OchATum030-LH00516-290-22M5VHLT4-L4-11F-B2_R2.fastq.gz
OchATum031_Ex1-12F-lcwgs-2_RG-OchATum031-LH00516-290-22M5VHLT4-L4-12F-B2	OchATum031	Och-ATum_031	ATum	historical	Ex1-12F-lcwgs-2	RG-OchATum031-LH00516-290-22M5VHLT4-L4-12F-B2	4th	Och-ATum_031-Ex1-12F-lcwgs-2-2	/archive/carpenterlab/pire/pire_ostorhinchus_chrysopomus_lcwgs/4th_sequencing_run/fq_raw/Och-ATum_031-Ex1-12F-lcwgs-2-2.1.fq.gz	/archive/carpenterlab/pire/pire_ostorhinchus_chrysopomus_lcwgs/4th_sequencing_run/fq_raw/Och-ATum_031-Ex1-12F-lcwgs-2-2.2.fq.gz	data/symlinks/OchATum031_Ex1-12F-lcwgs-2_RG-OchATum031-LH00516-290-22M5VHLT4-L4-12F-B2_R1.fastq.gz	data/symlinks/OchATum031_Ex1-12F-lcwgs-2_RG-OchATum031-LH00516-290-22M5VHLT4-L4-12F-B2_R2.fastq.gz
OchATum032_Ex1-1G-lcwgs-2_RG-OchATum032-LH00516-290-22M5VHLT4-L4-1G-B2	OchATum032	Och-ATum_032	ATum	historical	Ex1-1G-lcwgs-2	RG-OchATum032-LH00516-290-22M5VHLT4-L4-1G-B2	4th	Och-ATum_032-Ex1-1G-lcwgs-2-2	/archive/carpenterlab/pire/pire_ostorhinchus_chrysopomus_lcwgs/4th_sequencing_run/fq_raw/Och-ATum_032-Ex1-1G-lcwgs-2-2.1.fq.gz	/archive/carpenterlab/pire/pire_ostorhinchus_chrysopomus_lcwgs/4th_sequencing_run/fq_raw/Och-ATum_032-Ex1-1G-lcwgs-2-2.2.fq.gz	data/symlinks/OchATum032_Ex1-1G-lcwgs-2_RG-OchATum032-LH00516-290-22M5VHLT4-L4-1G-B2_R1.fastq.gz	data/symlinks/OchATum032_Ex1-1G-lcwgs-2_RG-OchATum032-LH00516-290-22M5VHLT4-L4-1G-B2_R2.fastq.gz
OchATum033_Ex1-2G-lcwgs-2_RG-OchATum033-LH00516-290-22M5VHLT4-L4-2G-B2	OchATum033	Och-ATum_033	ATum	historical	Ex1-2G-lcwgs-2	RG-OchATum033-LH00516-290-22M5VHLT4-L4-2G-B2	4th	Och-ATum_033-Ex1-2G-lcwgs-2-2	/archive/carpenterlab/pire/pire_ostorhinchus_chrysopomus_lcwgs/4th_sequencing_run/fq_raw/Och-ATum_033-Ex1-2G-lcwgs-2-2.1.fq.gz	/archive/carpenterlab/pire/pire_ostorhinchus_chrysopomus_lcwgs/4th_sequencing_run/fq_raw/Och-ATum_033-Ex1-2G-lcwgs-2-2.2.fq.gz	data/symlinks/OchATum033_Ex1-2G-lcwgs-2_RG-OchATum033-LH00516-290-22M5VHLT4-L4-2G-B2_R1.fastq.gz	data/symlinks/OchATum033_Ex1-2G-lcwgs-2_RG-OchATum033-LH00516-290-22M5VHLT4-L4-2G-B2_R2.fastq.gz
OchATum034_Ex1-3G-lcwgs-2_RG-OchATum034-LH00516-290-22M5VHLT4-L4-3G-B2	OchATum034	Och-ATum_034	ATum	historical	Ex1-3G-lcwgs-2	RG-OchATum034-LH00516-290-22M5VHLT4-L4-3G-B2	4th	Och-ATum_034-Ex1-3G-lcwgs-2-2	/archive/carpenterlab/pire/pire_ostorhinchus_chrysopomus_lcwgs/4th_sequencing_run/fq_raw/Och-ATum_034-Ex1-3G-lcwgs-2-2.1.fq.gz	/archive/carpenterlab/pire/pire_ostorhinchus_chrysopomus_lcwgs/4th_sequencing_run/fq_raw/Och-ATum_034-Ex1-3G-lcwgs-2-2.2.fq.gz	data/symlinks/OchATum034_Ex1-3G-lcwgs-2_RG-OchATum034-LH00516-290-22M5VHLT4-L4-3G-B2_R1.fastq.gz	data/symlinks/OchATum034_Ex1-3G-lcwgs-2_RG-OchATum034-LH00516-290-22M5VHLT4-L4-3G-B2_R2.fastq.gz
OchATum035_Ex1-4G-lcwgs-2_RG-OchATum035-LH00516-290-22M5VHLT4-L4-4G-B2	OchATum035	Och-ATum_035	ATum	historical	Ex1-4G-lcwgs-2	RG-OchATum035-LH00516-290-22M5VHLT4-L4-4G-B2	4th	Och-ATum_035-Ex1-4G-lcwgs-2-2	/archive/carpenterlab/pire/pire_ostorhinchus_chrysopomus_lcwgs/4th_sequencing_run/fq_raw/Och-ATum_035-Ex1-4G-lcwgs-2-2.1.fq.gz	/archive/carpenterlab/pire/pire_ostorhinchus_chrysopomus_lcwgs/4th_sequencing_run/fq_raw/Och-ATum_035-Ex1-4G-lcwgs-2-2.2.fq.gz	data/symlinks/OchATum035_Ex1-4G-lcwgs-2_RG-OchATum035-LH00516-290-22M5VHLT4-L4-4G-B2_R1.fastq.gz	data/symlinks/OchATum035_Ex1-4G-lcwgs-2_RG-OchATum035-LH00516-290-22M5VHLT4-L4-4G-B2_R2.fastq.gz
OchATum036_Ex1-5G-lcwgs-2_RG-OchATum036-LH00516-290-22M5VHLT4-L4-5G-B2	OchATum036	Och-ATum_036	ATum	historical	Ex1-5G-lcwgs-2	RG-OchATum036-LH00516-290-22M5VHLT4-L4-5G-B2	4th	Och-ATum_036-Ex1-5G-lcwgs-2-2	/archive/carpenterlab/pire/pire_ostorhinchus_chrysopomus_lcwgs/4th_sequencing_run/fq_raw/Och-ATum_036-Ex1-5G-lcwgs-2-2.1.fq.gz	/archive/carpenterlab/pire/pire_ostorhinchus_chrysopomus_lcwgs/4th_sequencing_run/fq_raw/Och-ATum_036-Ex1-5G-lcwgs-2-2.2.fq.gz	data/symlinks/OchATum036_Ex1-5G-lcwgs-2_RG-OchATum036-LH00516-290-22M5VHLT4-L4-5G-B2_R1.fastq.gz	data/symlinks/OchATum036_Ex1-5G-lcwgs-2_RG-OchATum036-LH00516-290-22M5VHLT4-L4-5G-B2_R2.fastq.gz
OchCBur013_Ex1-1A-lcwgs-1_RG-OchCBur013-LH00516-290-22M5VHLT4-L4-1A-B1	OchCBur013	Och-CBur_013	CBur	modern	Ex1-1A-lcwgs-1	RG-OchCBur013-LH00516-290-22M5VHLT4-L4-1A-B1	4th	Och-CBur_013_Ex1-1A-lcwgs-1-2	/archive/carpenterlab/pire/pire_ostorhinchus_chrysopomus_lcwgs/4th_sequencing_run/fq_raw/Och-CBur_013_Ex1-1A-lcwgs-1-2.1.fq.gz	/archive/carpenterlab/pire/pire_ostorhinchus_chrysopomus_lcwgs/4th_sequencing_run/fq_raw/Och-CBur_013_Ex1-1A-lcwgs-1-2.2.fq.gz	data/symlinks/OchCBur013_Ex1-1A-lcwgs-1_RG-OchCBur013-LH00516-290-22M5VHLT4-L4-1A-B1_R1.fastq.gz	data/symlinks/OchCBur013_Ex1-1A-lcwgs-1_RG-OchCBur013-LH00516-290-22M5VHLT4-L4-1A-B1_R2.fastq.gz
OchCBur015_Ex1-2E-lcwgs-1_RG-OchCBur015-LH00516-290-22M5VHLT4-L4-2E-B1	OchCBur015	Och-CBur_015	CBur	modern	Ex1-2E-lcwgs-1	RG-OchCBur015-LH00516-290-22M5VHLT4-L4-2E-B1	4th	Och-CBur_015_Ex1-2E-lcwgs-1-2	/archive/carpenterlab/pire/pire_ostorhinchus_chrysopomus_lcwgs/4th_sequencing_run/fq_raw/Och-CBur_015_Ex1-2E-lcwgs-1-2.1.fq.gz	/archive/carpenterlab/pire/pire_ostorhinchus_chrysopomus_lcwgs/4th_sequencing_run/fq_raw/Och-CBur_015_Ex1-2E-lcwgs-1-2.2.fq.gz	data/symlinks/OchCBur015_Ex1-2E-lcwgs-1_RG-OchCBur015-LH00516-290-22M5VHLT4-L4-2E-B1_R1.fastq.gz	data/symlinks/OchCBur015_Ex1-2E-lcwgs-1_RG-OchCBur015-LH00516-290-22M5VHLT4-L4-2E-B1_R2.fastq.gz
OchCBur016_Ex1-3A-lcwgs-1_RG-OchCBur016-LH00516-290-22M5VHLT4-L4-3A-B1	OchCBur016	Och-CBur_016	CBur	modern	Ex1-3A-lcwgs-1	RG-OchCBur016-LH00516-290-22M5VHLT4-L4-3A-B1	4th	Och-CBur_016_Ex1-3A-lcwgs-1-2	/archive/carpenterlab/pire/pire_ostorhinchus_chrysopomus_lcwgs/4th_sequencing_run/fq_raw/Och-CBur_016_Ex1-3A-lcwgs-1-2.1.fq.gz	/archive/carpenterlab/pire/pire_ostorhinchus_chrysopomus_lcwgs/4th_sequencing_run/fq_raw/Och-CBur_016_Ex1-3A-lcwgs-1-2.2.fq.gz	data/symlinks/OchCBur016_Ex1-3A-lcwgs-1_RG-OchCBur016-LH00516-290-22M5VHLT4-L4-3A-B1_R1.fastq.gz	data/symlinks/OchCBur016_Ex1-3A-lcwgs-1_RG-OchCBur016-LH00516-290-22M5VHLT4-L4-3A-B1_R2.fastq.gz
OchCBur017_Ex1-3H-lcwgs-1_RG-OchCBur017-LH00516-290-22M5VHLT4-L4-3H-B1	OchCBur017	Och-CBur_017	CBur	modern	Ex1-3H-lcwgs-1	RG-OchCBur017-LH00516-290-22M5VHLT4-L4-3H-B1	4th	Och-CBur_017_Ex1-3H-lcwgs-1-2	/archive/carpenterlab/pire/pire_ostorhinchus_chrysopomus_lcwgs/4th_sequencing_run/fq_raw/Och-CBur_017_Ex1-3H-lcwgs-1-2.1.fq.gz	/archive/carpenterlab/pire/pire_ostorhinchus_chrysopomus_lcwgs/4th_sequencing_run/fq_raw/Och-CBur_017_Ex1-3H-lcwgs-1-2.2.fq.gz	data/symlinks/OchCBur017_Ex1-3H-lcwgs-1_RG-OchCBur017-LH00516-290-22M5VHLT4-L4-3H-B1_R1.fastq.gz	data/symlinks/OchCBur017_Ex1-3H-lcwgs-1_RG-OchCBur017-LH00516-290-22M5VHLT4-L4-3H-B1_R2.fastq.gz
OchCBur018_Ex1-4G-lcwgs-1_RG-OchCBur018-LH00516-290-22M5VHLT4-L4-4G-B1	OchCBur018	Och-CBur_018	CBur	modern	Ex1-4G-lcwgs-1	RG-OchCBur018-LH00516-290-22M5VHLT4-L4-4G-B1	4th	Och-CBur_018_Ex1-4G-lcwgs-1-2	/archive/carpenterlab/pire/pire_ostorhinchus_chrysopomus_lcwgs/4th_sequencing_run/fq_raw/Och-CBur_018_Ex1-4G-lcwgs-1-2.1.fq.gz	/archive/carpenterlab/pire/pire_ostorhinchus_chrysopomus_lcwgs/4th_sequencing_run/fq_raw/Och-CBur_018_Ex1-4G-lcwgs-1-2.2.fq.gz	data/symlinks/OchCBur018_Ex1-4G-lcwgs-1_RG-OchCBur018-LH00516-290-22M5VHLT4-L4-4G-B1_R1.fastq.gz	data/symlinks/OchCBur018_Ex1-4G-lcwgs-1_RG-OchCBur018-LH00516-290-22M5VHLT4-L4-4G-B1_R2.fastq.gz
OchCBur021_Ex1-6F-lcwgs-1_RG-OchCBur021-LH00516-290-22M5VHLT4-L4-6F-B1	OchCBur021	Och-CBur_021	CBur	modern	Ex1-6F-lcwgs-1	RG-OchCBur021-LH00516-290-22M5VHLT4-L4-6F-B1	4th	Och-CBur_021_Ex1-6F-lcwgs-1-2	/archive/carpenterlab/pire/pire_ostorhinchus_chrysopomus_lcwgs/4th_sequencing_run/fq_raw/Och-CBur_021_Ex1-6F-lcwgs-1-2.1.fq.gz	/archive/carpenterlab/pire/pire_ostorhinchus_chrysopomus_lcwgs/4th_sequencing_run/fq_raw/Och-CBur_021_Ex1-6F-lcwgs-1-2.2.fq.gz	data/symlinks/OchCBur021_Ex1-6F-lcwgs-1_RG-OchCBur021-LH00516-290-22M5VHLT4-L4-6F-B1_R1.fastq.gz	data/symlinks/OchCBur021_Ex1-6F-lcwgs-1_RG-OchCBur021-LH00516-290-22M5VHLT4-L4-6F-B1_R2.fastq.gz
OchCBur022_Ex1-7B-lcwgs-1_RG-OchCBur022-LH00516-290-22M5VHLT4-L4-7B-B1	OchCBur022	Och-CBur_022	CBur	modern	Ex1-7B-lcwgs-1	RG-OchCBur022-LH00516-290-22M5VHLT4-L4-7B-B1	4th	Och-CBur_022_Ex1-7B-lcwgs-1-2	/archive/carpenterlab/pire/pire_ostorhinchus_chrysopomus_lcwgs/4th_sequencing_run/fq_raw/Och-CBur_022_Ex1-7B-lcwgs-1-2.1.fq.gz	/archive/carpenterlab/pire/pire_ostorhinchus_chrysopomus_lcwgs/4th_sequencing_run/fq_raw/Och-CBur_022_Ex1-7B-lcwgs-1-2.2.fq.gz	data/symlinks/OchCBur022_Ex1-7B-lcwgs-1_RG-OchCBur022-LH00516-290-22M5VHLT4-L4-7B-B1_R1.fastq.gz	data/symlinks/OchCBur022_Ex1-7B-lcwgs-1_RG-OchCBur022-LH00516-290-22M5VHLT4-L4-7B-B1_R2.fastq.gz
OchCBur023_Ex1-7G-lcwgs-1_RG-OchCBur023-LH00516-290-22M5VHLT4-L4-7G-B1	OchCBur023	Och-CBur_023	CBur	modern	Ex1-7G-lcwgs-1	RG-OchCBur023-LH00516-290-22M5VHLT4-L4-7G-B1	4th	Och-CBur_023_Ex1-7G-lcwgs-1-2	/archive/carpenterlab/pire/pire_ostorhinchus_chrysopomus_lcwgs/4th_sequencing_run/fq_raw/Och-CBur_023_Ex1-7G-lcwgs-1-2.1.fq.gz	/archive/carpenterlab/pire/pire_ostorhinchus_chrysopomus_lcwgs/4th_sequencing_run/fq_raw/Och-CBur_023_Ex1-7G-lcwgs-1-2.2.fq.gz	data/symlinks/OchCBur023_Ex1-7G-lcwgs-1_RG-OchCBur023-LH00516-290-22M5VHLT4-L4-7G-B1_R1.fastq.gz	data/symlinks/OchCBur023_Ex1-7G-lcwgs-1_RG-OchCBur023-LH00516-290-22M5VHLT4-L4-7G-B1_R2.fastq.gz
OchCBur025_Ex1-1B-lcwgs-1_RG-OchCBur025-LH00516-290-22M5VHLT4-L4-1B-B1	OchCBur025	Och-CBur_025	CBur	modern	Ex1-1B-lcwgs-1	RG-OchCBur025-LH00516-290-22M5VHLT4-L4-1B-B1	4th	Och-CBur_025_Ex1-1B-lcwgs-1-2	/archive/carpenterlab/pire/pire_ostorhinchus_chrysopomus_lcwgs/4th_sequencing_run/fq_raw/Och-CBur_025_Ex1-1B-lcwgs-1-2.1.fq.gz	/archive/carpenterlab/pire/pire_ostorhinchus_chrysopomus_lcwgs/4th_sequencing_run/fq_raw/Och-CBur_025_Ex1-1B-lcwgs-1-2.2.fq.gz	data/symlinks/OchCBur025_Ex1-1B-lcwgs-1_RG-OchCBur025-LH00516-290-22M5VHLT4-L4-1B-B1_R1.fastq.gz	data/symlinks/OchCBur025_Ex1-1B-lcwgs-1_RG-OchCBur025-LH00516-290-22M5VHLT4-L4-1B-B1_R2.fastq.gz
OchCBur028_Ex1-3B-lcwgs-1_RG-OchCBur028-LH00516-290-22M5VHLT4-L4-3B-B1	OchCBur028	Och-CBur_028	CBur	modern	Ex1-3B-lcwgs-1	RG-OchCBur028-LH00516-290-22M5VHLT4-L4-3B-B1	4th	Och-CBur_028_Ex1-3B-lcwgs-1-2	/archive/carpenterlab/pire/pire_ostorhinchus_chrysopomus_lcwgs/4th_sequencing_run/fq_raw/Och-CBur_028_Ex1-3B-lcwgs-1-2.1.fq.gz	/archive/carpenterlab/pire/pire_ostorhinchus_chrysopomus_lcwgs/4th_sequencing_run/fq_raw/Och-CBur_028_Ex1-3B-lcwgs-1-2.2.fq.gz	data/symlinks/OchCBur028_Ex1-3B-lcwgs-1_RG-OchCBur028-LH00516-290-22M5VHLT4-L4-3B-B1_R1.fastq.gz	data/symlinks/OchCBur028_Ex1-3B-lcwgs-1_RG-OchCBur028-LH00516-290-22M5VHLT4-L4-3B-B1_R2.fastq.gz
OchCBur029_Ex1-4A-lcwgs-1_RG-OchCBur029-LH00516-290-22M5VHLT4-L4-4A-B1	OchCBur029	Och-CBur_029	CBur	modern	Ex1-4A-lcwgs-1	RG-OchCBur029-LH00516-290-22M5VHLT4-L4-4A-B1	4th	Och-CBur_029_Ex1-4A-lcwgs-1-2	/archive/carpenterlab/pire/pire_ostorhinchus_chrysopomus_lcwgs/4th_sequencing_run/fq_raw/Och-CBur_029_Ex1-4A-lcwgs-1-2.1.fq.gz	/archive/carpenterlab/pire/pire_ostorhinchus_chrysopomus_lcwgs/4th_sequencing_run/fq_raw/Och-CBur_029_Ex1-4A-lcwgs-1-2.2.fq.gz	data/symlinks/OchCBur029_Ex1-4A-lcwgs-1_RG-OchCBur029-LH00516-290-22M5VHLT4-L4-4A-B1_R1.fastq.gz	data/symlinks/OchCBur029_Ex1-4A-lcwgs-1_RG-OchCBur029-LH00516-290-22M5VHLT4-L4-4A-B1_R2.fastq.gz
OchCBur030_Ex1-4H-lcwgs-1_RG-OchCBur030-LH00516-290-22M5VHLT4-L4-4H-B1	OchCBur030	Och-CBur_030	CBur	modern	Ex1-4H-lcwgs-1	RG-OchCBur030-LH00516-290-22M5VHLT4-L4-4H-B1	4th	Och-CBur_030_Ex1-4H-lcwgs-1-2	/archive/carpenterlab/pire/pire_ostorhinchus_chrysopomus_lcwgs/4th_sequencing_run/fq_raw/Och-CBur_030_Ex1-4H-lcwgs-1-2.1.fq.gz	/archive/carpenterlab/pire/pire_ostorhinchus_chrysopomus_lcwgs/4th_sequencing_run/fq_raw/Och-CBur_030_Ex1-4H-lcwgs-1-2.2.fq.gz	data/symlinks/OchCBur030_Ex1-4H-lcwgs-1_RG-OchCBur030-LH00516-290-22M5VHLT4-L4-4H-B1_R1.fastq.gz	data/symlinks/OchCBur030_Ex1-4H-lcwgs-1_RG-OchCBur030-LH00516-290-22M5VHLT4-L4-4H-B1_R2.fastq.gz
OchCBur032_Ex1-6B-lcwgs-1_RG-OchCBur032-LH00516-290-22M5VHLT4-L4-6B-B1	OchCBur032	Och-CBur_032	CBur	modern	Ex1-6B-lcwgs-1	RG-OchCBur032-LH00516-290-22M5VHLT4-L4-6B-B1	4th	Och-CBur_032_Ex1-6B-lcwgs-1-2	/archive/carpenterlab/pire/pire_ostorhinchus_chrysopomus_lcwgs/4th_sequencing_run/fq_raw/Och-CBur_032_Ex1-6B-lcwgs-1-2.1.fq.gz	/archive/carpenterlab/pire/pire_ostorhinchus_chrysopomus_lcwgs/4th_sequencing_run/fq_raw/Och-CBur_032_Ex1-6B-lcwgs-1-2.2.fq.gz	data/symlinks/OchCBur032_Ex1-6B-lcwgs-1_RG-OchCBur032-LH00516-290-22M5VHLT4-L4-6B-B1_R1.fastq.gz	data/symlinks/OchCBur032_Ex1-6B-lcwgs-1_RG-OchCBur032-LH00516-290-22M5VHLT4-L4-6B-B1_R2.fastq.gz
OchCBur035_Ex1-7H-lcwgs-1_RG-OchCBur035-LH00516-290-22M5VHLT4-L4-7H-B1	OchCBur035	Och-CBur_035	CBur	modern	Ex1-7H-lcwgs-1	RG-OchCBur035-LH00516-290-22M5VHLT4-L4-7H-B1	4th	Och-CBur_035_Ex1-7H-lcwgs-1-2	/archive/carpenterlab/pire/pire_ostorhinchus_chrysopomus_lcwgs/4th_sequencing_run/fq_raw/Och-CBur_035_Ex1-7H-lcwgs-1-2.1.fq.gz	/archive/carpenterlab/pire/pire_ostorhinchus_chrysopomus_lcwgs/4th_sequencing_run/fq_raw/Och-CBur_035_Ex1-7H-lcwgs-1-2.2.fq.gz	data/symlinks/OchCBur035_Ex1-7H-lcwgs-1_RG-OchCBur035-LH00516-290-22M5VHLT4-L4-7H-B1_R1.fastq.gz	data/symlinks/OchCBur035_Ex1-7H-lcwgs-1_RG-OchCBur035-LH00516-290-22M5VHLT4-L4-7H-B1_R2.fastq.gz
OchCBur037_Ex1-1C-lcwgs-1_RG-OchCBur037-LH00516-290-22M5VHLT4-L4-1C-B1	OchCBur037	Och-CBur_037	CBur	modern	Ex1-1C-lcwgs-1	RG-OchCBur037-LH00516-290-22M5VHLT4-L4-1C-B1	4th	Och-CBur_037_Ex1-1C-lcwgs-1-2	/archive/carpenterlab/pire/pire_ostorhinchus_chrysopomus_lcwgs/4th_sequencing_run/fq_raw/Och-CBur_037_Ex1-1C-lcwgs-1-2.1.fq.gz	/archive/carpenterlab/pire/pire_ostorhinchus_chrysopomus_lcwgs/4th_sequencing_run/fq_raw/Och-CBur_037_Ex1-1C-lcwgs-1-2.2.fq.gz	data/symlinks/OchCBur037_Ex1-1C-lcwgs-1_RG-OchCBur037-LH00516-290-22M5VHLT4-L4-1C-B1_R1.fastq.gz	data/symlinks/OchCBur037_Ex1-1C-lcwgs-1_RG-OchCBur037-LH00516-290-22M5VHLT4-L4-1C-B1_R2.fastq.gz
OchCBur038_Ex1-2A-lcwgs-1_RG-OchCBur038-LH00516-290-22M5VHLT4-L4-2A-B1	OchCBur038	Och-CBur_038	CBur	modern	Ex1-2A-lcwgs-1	RG-OchCBur038-LH00516-290-22M5VHLT4-L4-2A-B1	4th	Och-CBur_038_Ex1-2A-lcwgs-1-2	/archive/carpenterlab/pire/pire_ostorhinchus_chrysopomus_lcwgs/4th_sequencing_run/fq_raw/Och-CBur_038_Ex1-2A-lcwgs-1-2.1.fq.gz	/archive/carpenterlab/pire/pire_ostorhinchus_chrysopomus_lcwgs/4th_sequencing_run/fq_raw/Och-CBur_038_Ex1-2A-lcwgs-1-2.2.fq.gz	data/symlinks/OchCBur038_Ex1-2A-lcwgs-1_RG-OchCBur038-LH00516-290-22M5VHLT4-L4-2A-B1_R1.fastq.gz	data/symlinks/OchCBur038_Ex1-2A-lcwgs-1_RG-OchCBur038-LH00516-290-22M5VHLT4-L4-2A-B1_R2.fastq.gz
OchCBur040_Ex1-3C-lcwgs-1_RG-OchCBur040-LH00516-290-22M5VHLT4-L4-3C-B1	OchCBur040	Och-CBur_040	CBur	modern	Ex1-3C-lcwgs-1	RG-OchCBur040-LH00516-290-22M5VHLT4-L4-3C-B1	4th	Och-CBur_040_Ex1-3C-lcwgs-1-2	/archive/carpenterlab/pire/pire_ostorhinchus_chrysopomus_lcwgs/4th_sequencing_run/fq_raw/Och-CBur_040_Ex1-3C-lcwgs-1-2.1.fq.gz	/archive/carpenterlab/pire/pire_ostorhinchus_chrysopomus_lcwgs/4th_sequencing_run/fq_raw/Och-CBur_040_Ex1-3C-lcwgs-1-2.2.fq.gz	data/symlinks/OchCBur040_Ex1-3C-lcwgs-1_RG-OchCBur040-LH00516-290-22M5VHLT4-L4-3C-B1_R1.fastq.gz	data/symlinks/OchCBur040_Ex1-3C-lcwgs-1_RG-OchCBur040-LH00516-290-22M5VHLT4-L4-3C-B1_R2.fastq.gz
OchCBur041_Ex1-4B-lcwgs-1_RG-OchCBur041-LH00516-290-22M5VHLT4-L4-4B-B1	OchCBur041	Och-CBur_041	CBur	modern	Ex1-4B-lcwgs-1	RG-OchCBur041-LH00516-290-22M5VHLT4-L4-4B-B1	4th	Och-CBur_041_Ex1-4B-lcwgs-1-2	/archive/carpenterlab/pire/pire_ostorhinchus_chrysopomus_lcwgs/4th_sequencing_run/fq_raw/Och-CBur_041_Ex1-4B-lcwgs-1-2.1.fq.gz	/archive/carpenterlab/pire/pire_ostorhinchus_chrysopomus_lcwgs/4th_sequencing_run/fq_raw/Och-CBur_041_Ex1-4B-lcwgs-1-2.2.fq.gz	data/symlinks/OchCBur041_Ex1-4B-lcwgs-1_RG-OchCBur041-LH00516-290-22M5VHLT4-L4-4B-B1_R1.fastq.gz	data/symlinks/OchCBur041_Ex1-4B-lcwgs-1_RG-OchCBur041-LH00516-290-22M5VHLT4-L4-4B-B1_R2.fastq.gz
OchCBur045_Ex1-6G-lcwgs-1_RG-OchCBur045-LH00516-290-22M5VHLT4-L4-6G-B1	OchCBur045	Och-CBur_045	CBur	modern	Ex1-6G-lcwgs-1	RG-OchCBur045-LH00516-290-22M5VHLT4-L4-6G-B1	4th	Och-CBur_045_Ex1-6G-lcwgs-1-2	/archive/carpenterlab/pire/pire_ostorhinchus_chrysopomus_lcwgs/4th_sequencing_run/fq_raw/Och-CBur_045_Ex1-6G-lcwgs-1-2.1.fq.gz	/archive/carpenterlab/pire/pire_ostorhinchus_chrysopomus_lcwgs/4th_sequencing_run/fq_raw/Och-CBur_045_Ex1-6G-lcwgs-1-2.2.fq.gz	data/symlinks/OchCBur045_Ex1-6G-lcwgs-1_RG-OchCBur045-LH00516-290-22M5VHLT4-L4-6G-B1_R1.fastq.gz	data/symlinks/OchCBur045_Ex1-6G-lcwgs-1_RG-OchCBur045-LH00516-290-22M5VHLT4-L4-6G-B1_R2.fastq.gz
OchCBur047_Ex1-8A-lcwgs-1_RG-OchCBur047-LH00516-290-22M5VHLT4-L4-8A-B1	OchCBur047	Och-CBur_047	CBur	modern	Ex1-8A-lcwgs-1	RG-OchCBur047-LH00516-290-22M5VHLT4-L4-8A-B1	4th	Och-CBur_047_Ex1-8A-lcwgs-1-2	/archive/carpenterlab/pire/pire_ostorhinchus_chrysopomus_lcwgs/4th_sequencing_run/fq_raw/Och-CBur_047_Ex1-8A-lcwgs-1-2.1.fq.gz	/archive/carpenterlab/pire/pire_ostorhinchus_chrysopomus_lcwgs/4th_sequencing_run/fq_raw/Och-CBur_047_Ex1-8A-lcwgs-1-2.2.fq.gz	data/symlinks/OchCBur047_Ex1-8A-lcwgs-1_RG-OchCBur047-LH00516-290-22M5VHLT4-L4-8A-B1_R1.fastq.gz	data/symlinks/OchCBur047_Ex1-8A-lcwgs-1_RG-OchCBur047-LH00516-290-22M5VHLT4-L4-8A-B1_R2.fastq.gz
OchCBur049_Ex1-1D-lcwgs-1_RG-OchCBur049-LH00516-290-22M5VHLT4-L4-1D-B1	OchCBur049	Och-CBur_049	CBur	modern	Ex1-1D-lcwgs-1	RG-OchCBur049-LH00516-290-22M5VHLT4-L4-1D-B1	4th	Och-CBur_049_Ex1-1D-lcwgs-1-2	/archive/carpenterlab/pire/pire_ostorhinchus_chrysopomus_lcwgs/4th_sequencing_run/fq_raw/Och-CBur_049_Ex1-1D-lcwgs-1-2.1.fq.gz	/archive/carpenterlab/pire/pire_ostorhinchus_chrysopomus_lcwgs/4th_sequencing_run/fq_raw/Och-CBur_049_Ex1-1D-lcwgs-1-2.2.fq.gz	data/symlinks/OchCBur049_Ex1-1D-lcwgs-1_RG-OchCBur049-LH00516-290-22M5VHLT4-L4-1D-B1_R1.fastq.gz	data/symlinks/OchCBur049_Ex1-1D-lcwgs-1_RG-OchCBur049-LH00516-290-22M5VHLT4-L4-1D-B1_R2.fastq.gz
OchCBur051_Ex1-2F-lcwgs-1_RG-OchCBur051-LH00516-290-22M5VHLT4-L4-2F-B1	OchCBur051	Och-CBur_051	CBur	modern	Ex1-2F-lcwgs-1	RG-OchCBur051-LH00516-290-22M5VHLT4-L4-2F-B1	4th	Och-CBur_051_Ex1-2F-lcwgs-1-2	/archive/carpenterlab/pire/pire_ostorhinchus_chrysopomus_lcwgs/4th_sequencing_run/fq_raw/Och-CBur_051_Ex1-2F-lcwgs-1-2.1.fq.gz	/archive/carpenterlab/pire/pire_ostorhinchus_chrysopomus_lcwgs/4th_sequencing_run/fq_raw/Och-CBur_051_Ex1-2F-lcwgs-1-2.2.fq.gz	data/symlinks/OchCBur051_Ex1-2F-lcwgs-1_RG-OchCBur051-LH00516-290-22M5VHLT4-L4-2F-B1_R1.fastq.gz	data/symlinks/OchCBur051_Ex1-2F-lcwgs-1_RG-OchCBur051-LH00516-290-22M5VHLT4-L4-2F-B1_R2.fastq.gz
OchCBur052_Ex1-3D-lcwgs-1_RG-OchCBur052-LH00516-290-22M5VHLT4-L4-3D-B1	OchCBur052	Och-CBur_052	CBur	modern	Ex1-3D-lcwgs-1	RG-OchCBur052-LH00516-290-22M5VHLT4-L4-3D-B1	4th	Och-CBur_052_Ex1-3D-lcwgs-1-2	/archive/carpenterlab/pire/pire_ostorhinchus_chrysopomus_lcwgs/4th_sequencing_run/fq_raw/Och-CBur_052_Ex1-3D-lcwgs-1-2.1.fq.gz	/archive/carpenterlab/pire/pire_ostorhinchus_chrysopomus_lcwgs/4th_sequencing_run/fq_raw/Och-CBur_052_Ex1-3D-lcwgs-1-2.2.fq.gz	data/symlinks/OchCBur052_Ex1-3D-lcwgs-1_RG-OchCBur052-LH00516-290-22M5VHLT4-L4-3D-B1_R1.fastq.gz	data/symlinks/OchCBur052_Ex1-3D-lcwgs-1_RG-OchCBur052-LH00516-290-22M5VHLT4-L4-3D-B1_R2.fastq.gz
OchCBur055_Ex1-5G-lcwgs-1_RG-OchCBur055-LH00516-290-22M5VHLT4-L4-5G-B1	OchCBur055	Och-CBur_055	CBur	modern	Ex1-5G-lcwgs-1	RG-OchCBur055-LH00516-290-22M5VHLT4-L4-5G-B1	4th	Och-CBur_055_Ex1-5G-lcwgs-1-2	/archive/carpenterlab/pire/pire_ostorhinchus_chrysopomus_lcwgs/4th_sequencing_run/fq_raw/Och-CBur_055_Ex1-5G-lcwgs-1-2.1.fq.gz	/archive/carpenterlab/pire/pire_ostorhinchus_chrysopomus_lcwgs/4th_sequencing_run/fq_raw/Och-CBur_055_Ex1-5G-lcwgs-1-2.2.fq.gz	data/symlinks/OchCBur055_Ex1-5G-lcwgs-1_RG-OchCBur055-LH00516-290-22M5VHLT4-L4-5G-B1_R1.fastq.gz	data/symlinks/OchCBur055_Ex1-5G-lcwgs-1_RG-OchCBur055-LH00516-290-22M5VHLT4-L4-5G-B1_R2.fastq.gz
OchCBur056_Ex1-6D-lcwgs-1_RG-OchCBur056-LH00516-290-22M5VHLT4-L4-6D-B1	OchCBur056	Och-CBur_056	CBur	modern	Ex1-6D-lcwgs-1	RG-OchCBur056-LH00516-290-22M5VHLT4-L4-6D-B1	4th	Och-CBur_056_Ex1-6D-lcwgs-1-2	/archive/carpenterlab/pire/pire_ostorhinchus_chrysopomus_lcwgs/4th_sequencing_run/fq_raw/Och-CBur_056_Ex1-6D-lcwgs-1-2.1.fq.gz	/archive/carpenterlab/pire/pire_ostorhinchus_chrysopomus_lcwgs/4th_sequencing_run/fq_raw/Och-CBur_056_Ex1-6D-lcwgs-1-2.2.fq.gz	data/symlinks/OchCBur056_Ex1-6D-lcwgs-1_RG-OchCBur056-LH00516-290-22M5VHLT4-L4-6D-B1_R1.fastq.gz	data/symlinks/OchCBur056_Ex1-6D-lcwgs-1_RG-OchCBur056-LH00516-290-22M5VHLT4-L4-6D-B1_R2.fastq.gz
OchCBur057_Ex1-6H-lcwgs-1_RG-OchCBur057-LH00516-290-22M5VHLT4-L4-6H-B1	OchCBur057	Och-CBur_057	CBur	modern	Ex1-6H-lcwgs-1	RG-OchCBur057-LH00516-290-22M5VHLT4-L4-6H-B1	4th	Och-CBur_057_Ex1-6H-lcwgs-1-2	/archive/carpenterlab/pire/pire_ostorhinchus_chrysopomus_lcwgs/4th_sequencing_run/fq_raw/Och-CBur_057_Ex1-6H-lcwgs-1-2.1.fq.gz	/archive/carpenterlab/pire/pire_ostorhinchus_chrysopomus_lcwgs/4th_sequencing_run/fq_raw/Och-CBur_057_Ex1-6H-lcwgs-1-2.2.fq.gz	data/symlinks/OchCBur057_Ex1-6H-lcwgs-1_RG-OchCBur057-LH00516-290-22M5VHLT4-L4-6H-B1_R1.fastq.gz	data/symlinks/OchCBur057_Ex1-6H-lcwgs-1_RG-OchCBur057-LH00516-290-22M5VHLT4-L4-6H-B1_R2.fastq.gz
OchCBur058_Ex1-7D-lcwgs-1_RG-OchCBur058-LH00516-290-22M5VHLT4-L4-7D-B1	OchCBur058	Och-CBur_058	CBur	modern	Ex1-7D-lcwgs-1	RG-OchCBur058-LH00516-290-22M5VHLT4-L4-7D-B1	4th	Och-CBur_058_Ex1-7D-lcwgs-1-2	/archive/carpenterlab/pire/pire_ostorhinchus_chrysopomus_lcwgs/4th_sequencing_run/fq_raw/Och-CBur_058_Ex1-7D-lcwgs-1-2.1.fq.gz	/archive/carpenterlab/pire/pire_ostorhinchus_chrysopomus_lcwgs/4th_sequencing_run/fq_raw/Och-CBur_058_Ex1-7D-lcwgs-1-2.2.fq.gz	data/symlinks/OchCBur058_Ex1-7D-lcwgs-1_RG-OchCBur058-LH00516-290-22M5VHLT4-L4-7D-B1_R1.fastq.gz	data/symlinks/OchCBur058_Ex1-7D-lcwgs-1_RG-OchCBur058-LH00516-290-22M5VHLT4-L4-7D-B1_R2.fastq.gz
OchCBur059_Ex1-8B-lcwgs-1_RG-OchCBur059-LH00516-290-22M5VHLT4-L4-8B-B1	OchCBur059	Och-CBur_059	CBur	modern	Ex1-8B-lcwgs-1	RG-OchCBur059-LH00516-290-22M5VHLT4-L4-8B-B1	4th	Och-CBur_059_Ex1-8B-lcwgs-1-2	/archive/carpenterlab/pire/pire_ostorhinchus_chrysopomus_lcwgs/4th_sequencing_run/fq_raw/Och-CBur_059_Ex1-8B-lcwgs-1-2.1.fq.gz	/archive/carpenterlab/pire/pire_ostorhinchus_chrysopomus_lcwgs/4th_sequencing_run/fq_raw/Och-CBur_059_Ex1-8B-lcwgs-1-2.2.fq.gz	data/symlinks/OchCBur059_Ex1-8B-lcwgs-1_RG-OchCBur059-LH00516-290-22M5VHLT4-L4-8B-B1_R1.fastq.gz	data/symlinks/OchCBur059_Ex1-8B-lcwgs-1_RG-OchCBur059-LH00516-290-22M5VHLT4-L4-8B-B1_R2.fastq.gz
OchCBur060_Ex1-8F-lcwgs-1_RG-OchCBur060-LH00516-290-22M5VHLT4-L4-8F-B1	OchCBur060	Och-CBur_060	CBur	modern	Ex1-8F-lcwgs-1	RG-OchCBur060-LH00516-290-22M5VHLT4-L4-8F-B1	4th	Och-CBur_060_Ex1-8F-lcwgs-1-2	/archive/carpenterlab/pire/pire_ostorhinchus_chrysopomus_lcwgs/4th_sequencing_run/fq_raw/Och-CBur_060_Ex1-8F-lcwgs-1-2.1.fq.gz	/archive/carpenterlab/pire/pire_ostorhinchus_chrysopomus_lcwgs/4th_sequencing_run/fq_raw/Och-CBur_060_Ex1-8F-lcwgs-1-2.2.fq.gz	data/symlinks/OchCBur060_Ex1-8F-lcwgs-1_RG-OchCBur060-LH00516-290-22M5VHLT4-L4-8F-B1_R1.fastq.gz	data/symlinks/OchCBur060_Ex1-8F-lcwgs-1_RG-OchCBur060-LH00516-290-22M5VHLT4-L4-8F-B1_R2.fastq.gz
OchCBur061_Ex1-1E-lcwgs-1_RG-OchCBur061-LH00516-290-22M5VHLT4-L4-1E-B1	OchCBur061	Och-CBur_061	CBur	modern	Ex1-1E-lcwgs-1	RG-OchCBur061-LH00516-290-22M5VHLT4-L4-1E-B1	4th	Och-CBur_061_Ex1-1E-lcwgs-1-2	/archive/carpenterlab/pire/pire_ostorhinchus_chrysopomus_lcwgs/4th_sequencing_run/fq_raw/Och-CBur_061_Ex1-1E-lcwgs-1-2.1.fq.gz	/archive/carpenterlab/pire/pire_ostorhinchus_chrysopomus_lcwgs/4th_sequencing_run/fq_raw/Och-CBur_061_Ex1-1E-lcwgs-1-2.2.fq.gz	data/symlinks/OchCBur061_Ex1-1E-lcwgs-1_RG-OchCBur061-LH00516-290-22M5VHLT4-L4-1E-B1_R1.fastq.gz	data/symlinks/OchCBur061_Ex1-1E-lcwgs-1_RG-OchCBur061-LH00516-290-22M5VHLT4-L4-1E-B1_R2.fastq.gz
OchCBur062_Ex1-2B-lcwgs-1_RG-OchCBur062-LH00516-290-22M5VHLT4-L4-2B-B1	OchCBur062	Och-CBur_062	CBur	modern	Ex1-2B-lcwgs-1	RG-OchCBur062-LH00516-290-22M5VHLT4-L4-2B-B1	4th	Och-CBur_062_Ex1-2B-lcwgs-1-2	/archive/carpenterlab/pire/pire_ostorhinchus_chrysopomus_lcwgs/4th_sequencing_run/fq_raw/Och-CBur_062_Ex1-2B-lcwgs-1-2.1.fq.gz	/archive/carpenterlab/pire/pire_ostorhinchus_chrysopomus_lcwgs/4th_sequencing_run/fq_raw/Och-CBur_062_Ex1-2B-lcwgs-1-2.2.fq.gz	data/symlinks/OchCBur062_Ex1-2B-lcwgs-1_RG-OchCBur062-LH00516-290-22M5VHLT4-L4-2B-B1_R1.fastq.gz	data/symlinks/OchCBur062_Ex1-2B-lcwgs-1_RG-OchCBur062-LH00516-290-22M5VHLT4-L4-2B-B1_R2.fastq.gz
OchCBur063_Ex1-2G-lcwgs-1_RG-OchCBur063-LH00516-290-22M5VHLT4-L4-2G-B1	OchCBur063	Och-CBur_063	CBur	modern	Ex1-2G-lcwgs-1	RG-OchCBur063-LH00516-290-22M5VHLT4-L4-2G-B1	4th	Och-CBur_063_Ex1-2G-lcwgs-1-2	/archive/carpenterlab/pire/pire_ostorhinchus_chrysopomus_lcwgs/4th_sequencing_run/fq_raw/Och-CBur_063_Ex1-2G-lcwgs-1-2.1.fq.gz	/archive/carpenterlab/pire/pire_ostorhinchus_chrysopomus_lcwgs/4th_sequencing_run/fq_raw/Och-CBur_063_Ex1-2G-lcwgs-1-2.2.fq.gz	data/symlinks/OchCBur063_Ex1-2G-lcwgs-1_RG-OchCBur063-LH00516-290-22M5VHLT4-L4-2G-B1_R1.fastq.gz	data/symlinks/OchCBur063_Ex1-2G-lcwgs-1_RG-OchCBur063-LH00516-290-22M5VHLT4-L4-2G-B1_R2.fastq.gz
OchCBur064_Ex1-3E-lcwgs-1_RG-OchCBur064-LH00516-290-22M5VHLT4-L4-3E-B1	OchCBur064	Och-CBur_064	CBur	modern	Ex1-3E-lcwgs-1	RG-OchCBur064-LH00516-290-22M5VHLT4-L4-3E-B1	4th	Och-CBur_064_Ex1-3E-lcwgs-1-2	/archive/carpenterlab/pire/pire_ostorhinchus_chrysopomus_lcwgs/4th_sequencing_run/fq_raw/Och-CBur_064_Ex1-3E-lcwgs-1-2.1.fq.gz	/archive/carpenterlab/pire/pire_ostorhinchus_chrysopomus_lcwgs/4th_sequencing_run/fq_raw/Och-CBur_064_Ex1-3E-lcwgs-1-2.2.fq.gz	data/symlinks/OchCBur064_Ex1-3E-lcwgs-1_RG-OchCBur064-LH00516-290-22M5VHLT4-L4-3E-B1_R1.fastq.gz	data/symlinks/OchCBur064_Ex1-3E-lcwgs-1_RG-OchCBur064-LH00516-290-22M5VHLT4-L4-3E-B1_R2.fastq.gz
OchCBur065_Ex1-4D-lcwgs-1_RG-OchCBur065-LH00516-290-22M5VHLT4-L4-4D-B1	OchCBur065	Och-CBur_065	CBur	modern	Ex1-4D-lcwgs-1	RG-OchCBur065-LH00516-290-22M5VHLT4-L4-4D-B1	4th	Och-CBur_065_Ex1-4D-lcwgs-1-2	/archive/carpenterlab/pire/pire_ostorhinchus_chrysopomus_lcwgs/4th_sequencing_run/fq_raw/Och-CBur_065_Ex1-4D-lcwgs-1-2.1.fq.gz	/archive/carpenterlab/pire/pire_ostorhinchus_chrysopomus_lcwgs/4th_sequencing_run/fq_raw/Och-CBur_065_Ex1-4D-lcwgs-1-2.2.fq.gz	data/symlinks/OchCBur065_Ex1-4D-lcwgs-1_RG-OchCBur065-LH00516-290-22M5VHLT4-L4-4D-B1_R1.fastq.gz	data/symlinks/OchCBur065_Ex1-4D-lcwgs-1_RG-OchCBur065-LH00516-290-22M5VHLT4-L4-4D-B1_R2.fastq.gz
OchCBur069_Ex1-7A-lcwgs-1_RG-OchCBur069-LH00516-290-22M5VHLT4-L4-7A-B1	OchCBur069	Och-CBur_069	CBur	modern	Ex1-7A-lcwgs-1	RG-OchCBur069-LH00516-290-22M5VHLT4-L4-7A-B1	4th	Och-CBur_069_Ex1-7A-lcwgs-1-2	/archive/carpenterlab/pire/pire_ostorhinchus_chrysopomus_lcwgs/4th_sequencing_run/fq_raw/Och-CBur_069_Ex1-7A-lcwgs-1-2.1.fq.gz	/archive/carpenterlab/pire/pire_ostorhinchus_chrysopomus_lcwgs/4th_sequencing_run/fq_raw/Och-CBur_069_Ex1-7A-lcwgs-1-2.2.fq.gz	data/symlinks/OchCBur069_Ex1-7A-lcwgs-1_RG-OchCBur069-LH00516-290-22M5VHLT4-L4-7A-B1_R1.fastq.gz	data/symlinks/OchCBur069_Ex1-7A-lcwgs-1_RG-OchCBur069-LH00516-290-22M5VHLT4-L4-7A-B1_R2.fastq.gz
OchCBur070_Ex1-7E-lcwgs-1_RG-OchCBur070-LH00516-290-22M5VHLT4-L4-7E-B1	OchCBur070	Och-CBur_070	CBur	modern	Ex1-7E-lcwgs-1	RG-OchCBur070-LH00516-290-22M5VHLT4-L4-7E-B1	4th	Och-CBur_070_Ex1-7E-lcwgs-1-2	/archive/carpenterlab/pire/pire_ostorhinchus_chrysopomus_lcwgs/4th_sequencing_run/fq_raw/Och-CBur_070_Ex1-7E-lcwgs-1-2.1.fq.gz	/archive/carpenterlab/pire/pire_ostorhinchus_chrysopomus_lcwgs/4th_sequencing_run/fq_raw/Och-CBur_070_Ex1-7E-lcwgs-1-2.2.fq.gz	data/symlinks/OchCBur070_Ex1-7E-lcwgs-1_RG-OchCBur070-LH00516-290-22M5VHLT4-L4-7E-B1_R1.fastq.gz	data/symlinks/OchCBur070_Ex1-7E-lcwgs-1_RG-OchCBur070-LH00516-290-22M5VHLT4-L4-7E-B1_R2.fastq.gz
OchCBur072_Ex1-8G-lcwgs-1_RG-OchCBur072-LH00516-290-22M5VHLT4-L4-8G-B1	OchCBur072	Och-CBur_072	CBur	modern	Ex1-8G-lcwgs-1	RG-OchCBur072-LH00516-290-22M5VHLT4-L4-8G-B1	4th	Och-CBur_072_Ex1-8G-lcwgs-1-2	/archive/carpenterlab/pire/pire_ostorhinchus_chrysopomus_lcwgs/4th_sequencing_run/fq_raw/Och-CBur_072_Ex1-8G-lcwgs-1-2.1.fq.gz	/archive/carpenterlab/pire/pire_ostorhinchus_chrysopomus_lcwgs/4th_sequencing_run/fq_raw/Och-CBur_072_Ex1-8G-lcwgs-1-2.2.fq.gz	data/symlinks/OchCBur072_Ex1-8G-lcwgs-1_RG-OchCBur072-LH00516-290-22M5VHLT4-L4-8G-B1_R1.fastq.gz	data/symlinks/OchCBur072_Ex1-8G-lcwgs-1_RG-OchCBur072-LH00516-290-22M5VHLT4-L4-8G-B1_R2.fastq.gz
OchCBur073_Ex1-1F-lcwgs-1_RG-OchCBur073-LH00516-290-22M5VHLT4-L4-1F-B1	OchCBur073	Och-CBur_073	CBur	modern	Ex1-1F-lcwgs-1	RG-OchCBur073-LH00516-290-22M5VHLT4-L4-1F-B1	4th	Och-CBur_073_Ex1-1F-lcwgs-1-2	/archive/carpenterlab/pire/pire_ostorhinchus_chrysopomus_lcwgs/4th_sequencing_run/fq_raw/Och-CBur_073_Ex1-1F-lcwgs-1-2.1.fq.gz	/archive/carpenterlab/pire/pire_ostorhinchus_chrysopomus_lcwgs/4th_sequencing_run/fq_raw/Och-CBur_073_Ex1-1F-lcwgs-1-2.2.fq.gz	data/symlinks/OchCBur073_Ex1-1F-lcwgs-1_RG-OchCBur073-LH00516-290-22M5VHLT4-L4-1F-B1_R1.fastq.gz	data/symlinks/OchCBur073_Ex1-1F-lcwgs-1_RG-OchCBur073-LH00516-290-22M5VHLT4-L4-1F-B1_R2.fastq.gz
OchCBur074_Ex1-2C-lcwgs-1_RG-OchCBur074-LH00516-290-22M5VHLT4-L4-2C-B1	OchCBur074	Och-CBur_074	CBur	modern	Ex1-2C-lcwgs-1	RG-OchCBur074-LH00516-290-22M5VHLT4-L4-2C-B1	4th	Och-CBur_074_Ex1-2C-lcwgs-1-2	/archive/carpenterlab/pire/pire_ostorhinchus_chrysopomus_lcwgs/4th_sequencing_run/fq_raw/Och-CBur_074_Ex1-2C-lcwgs-1-2.1.fq.gz	/archive/carpenterlab/pire/pire_ostorhinchus_chrysopomus_lcwgs/4th_sequencing_run/fq_raw/Och-CBur_074_Ex1-2C-lcwgs-1-2.2.fq.gz	data/symlinks/OchCBur074_Ex1-2C-lcwgs-1_RG-OchCBur074-LH00516-290-22M5VHLT4-L4-2C-B1_R1.fastq.gz	data/symlinks/OchCBur074_Ex1-2C-lcwgs-1_RG-OchCBur074-LH00516-290-22M5VHLT4-L4-2C-B1_R2.fastq.gz
OchCBur076_Ex1-3F-lcwgs-1_RG-OchCBur076-LH00516-290-22M5VHLT4-L4-3F-B1	OchCBur076	Och-CBur_076	CBur	modern	Ex1-3F-lcwgs-1	RG-OchCBur076-LH00516-290-22M5VHLT4-L4-3F-B1	4th	Och-CBur_076_Ex1-3F-lcwgs-1-2	/archive/carpenterlab/pire/pire_ostorhinchus_chrysopomus_lcwgs/4th_sequencing_run/fq_raw/Och-CBur_076_Ex1-3F-lcwgs-1-2.1.fq.gz	/archive/carpenterlab/pire/pire_ostorhinchus_chrysopomus_lcwgs/4th_sequencing_run/fq_raw/Och-CBur_076_Ex1-3F-lcwgs-1-2.2.fq.gz	data/symlinks/OchCBur076_Ex1-3F-lcwgs-1_RG-OchCBur076-LH00516-290-22M5VHLT4-L4-3F-B1_R1.fastq.gz	data/symlinks/OchCBur076_Ex1-3F-lcwgs-1_RG-OchCBur076-LH00516-290-22M5VHLT4-L4-3F-B1_R2.fastq.gz
OchCBur079_Ex1-6A-lcwgs-1_RG-OchCBur079-LH00516-290-22M5VHLT4-L4-6A-B1	OchCBur079	Och-CBur_079	CBur	modern	Ex1-6A-lcwgs-1	RG-OchCBur079-LH00516-290-22M5VHLT4-L4-6A-B1	4th	Och-CBur_079_Ex1-6A-lcwgs-1-2	/archive/carpenterlab/pire/pire_ostorhinchus_chrysopomus_lcwgs/4th_sequencing_run/fq_raw/Och-CBur_079_Ex1-6A-lcwgs-1-2.1.fq.gz	/archive/carpenterlab/pire/pire_ostorhinchus_chrysopomus_lcwgs/4th_sequencing_run/fq_raw/Och-CBur_079_Ex1-6A-lcwgs-1-2.2.fq.gz	data/symlinks/OchCBur079_Ex1-6A-lcwgs-1_RG-OchCBur079-LH00516-290-22M5VHLT4-L4-6A-B1_R1.fastq.gz	data/symlinks/OchCBur079_Ex1-6A-lcwgs-1_RG-OchCBur079-LH00516-290-22M5VHLT4-L4-6A-B1_R2.fastq.gz
OchCBur080_Ex1-6E-lcwgs-1_RG-OchCBur080-LH00516-290-22M5VHLT4-L4-6E-B1	OchCBur080	Och-CBur_080	CBur	modern	Ex1-6E-lcwgs-1	RG-OchCBur080-LH00516-290-22M5VHLT4-L4-6E-B1	4th	Och-CBur_080_Ex1-6E-lcwgs-1-2	/archive/carpenterlab/pire/pire_ostorhinchus_chrysopomus_lcwgs/4th_sequencing_run/fq_raw/Och-CBur_080_Ex1-6E-lcwgs-1-2.1.fq.gz	/archive/carpenterlab/pire/pire_ostorhinchus_chrysopomus_lcwgs/4th_sequencing_run/fq_raw/Och-CBur_080_Ex1-6E-lcwgs-1-2.2.fq.gz	data/symlinks/OchCBur080_Ex1-6E-lcwgs-1_RG-OchCBur080-LH00516-290-22M5VHLT4-L4-6E-B1_R1.fastq.gz	data/symlinks/OchCBur080_Ex1-6E-lcwgs-1_RG-OchCBur080-LH00516-290-22M5VHLT4-L4-6E-B1_R2.fastq.gz
OchCBur082_Ex1-7F-lcwgs-1_RG-OchCBur082-LH00516-290-22M5VHLT4-L4-7F-B1	OchCBur082	Och-CBur_082	CBur	modern	Ex1-7F-lcwgs-1	RG-OchCBur082-LH00516-290-22M5VHLT4-L4-7F-B1	4th	Och-CBur_082_Ex1-7F-lcwgs-1-2	/archive/carpenterlab/pire/pire_ostorhinchus_chrysopomus_lcwgs/4th_sequencing_run/fq_raw/Och-CBur_082_Ex1-7F-lcwgs-1-2.1.fq.gz	/archive/carpenterlab/pire/pire_ostorhinchus_chrysopomus_lcwgs/4th_sequencing_run/fq_raw/Och-CBur_082_Ex1-7F-lcwgs-1-2.2.fq.gz	data/symlinks/OchCBur082_Ex1-7F-lcwgs-1_RG-OchCBur082-LH00516-290-22M5VHLT4-L4-7F-B1_R1.fastq.gz	data/symlinks/OchCBur082_Ex1-7F-lcwgs-1_RG-OchCBur082-LH00516-290-22M5VHLT4-L4-7F-B1_R2.fastq.gz
OchCBur084_Ex1-8H-lcwgs-1_RG-OchCBur084-LH00516-290-22M5VHLT4-L4-8H-B1	OchCBur084	Och-CBur_084	CBur	modern	Ex1-8H-lcwgs-1	RG-OchCBur084-LH00516-290-22M5VHLT4-L4-8H-B1	4th	Och-CBur_084_Ex1-8H-lcwgs-1-2	/archive/carpenterlab/pire/pire_ostorhinchus_chrysopomus_lcwgs/4th_sequencing_run/fq_raw/Och-CBur_084_Ex1-8H-lcwgs-1-2.1.fq.gz	/archive/carpenterlab/pire/pire_ostorhinchus_chrysopomus_lcwgs/4th_sequencing_run/fq_raw/Och-CBur_084_Ex1-8H-lcwgs-1-2.2.fq.gz	data/symlinks/OchCBur084_Ex1-8H-lcwgs-1_RG-OchCBur084-LH00516-290-22M5VHLT4-L4-8H-B1_R1.fastq.gz	data/symlinks/OchCBur084_Ex1-8H-lcwgs-1_RG-OchCBur084-LH00516-290-22M5VHLT4-L4-8H-B1_R2.fastq.gz
OchCBur086_Ex1-2D-lcwgs-1_RG-OchCBur086-LH00516-290-22M5VHLT4-L4-2D-B1	OchCBur086	Och-CBur_086	CBur	modern	Ex1-2D-lcwgs-1	RG-OchCBur086-LH00516-290-22M5VHLT4-L4-2D-B1	4th	Och-CBur_086_Ex1-2D-lcwgs-1-2	/archive/carpenterlab/pire/pire_ostorhinchus_chrysopomus_lcwgs/4th_sequencing_run/fq_raw/Och-CBur_086_Ex1-2D-lcwgs-1-2.1.fq.gz	/archive/carpenterlab/pire/pire_ostorhinchus_chrysopomus_lcwgs/4th_sequencing_run/fq_raw/Och-CBur_086_Ex1-2D-lcwgs-1-2.2.fq.gz	data/symlinks/OchCBur086_Ex1-2D-lcwgs-1_RG-OchCBur086-LH00516-290-22M5VHLT4-L4-2D-B1_R1.fastq.gz	data/symlinks/OchCBur086_Ex1-2D-lcwgs-1_RG-OchCBur086-LH00516-290-22M5VHLT4-L4-2D-B1_R2.fastq.gz
OchCBur087_Ex1-2H-lcwgs-1_RG-OchCBur087-LH00516-290-22M5VHLT4-L4-2H-B1	OchCBur087	Och-CBur_087	CBur	modern	Ex1-2H-lcwgs-1	RG-OchCBur087-LH00516-290-22M5VHLT4-L4-2H-B1	4th	Och-CBur_087_Ex1-2H-lcwgs-1-2	/archive/carpenterlab/pire/pire_ostorhinchus_chrysopomus_lcwgs/4th_sequencing_run/fq_raw/Och-CBur_087_Ex1-2H-lcwgs-1-2.1.fq.gz	/archive/carpenterlab/pire/pire_ostorhinchus_chrysopomus_lcwgs/4th_sequencing_run/fq_raw/Och-CBur_087_Ex1-2H-lcwgs-1-2.2.fq.gz	data/symlinks/OchCBur087_Ex1-2H-lcwgs-1_RG-OchCBur087-LH00516-290-22M5VHLT4-L4-2H-B1_R1.fastq.gz	data/symlinks/OchCBur087_Ex1-2H-lcwgs-1_RG-OchCBur087-LH00516-290-22M5VHLT4-L4-2H-B1_R2.fastq.gz
OchCBur088_Ex1-3G-lcwgs-1_RG-OchCBur088-LH00516-290-22M5VHLT4-L4-3G-B1	OchCBur088	Och-CBur_088	CBur	modern	Ex1-3G-lcwgs-1	RG-OchCBur088-LH00516-290-22M5VHLT4-L4-3G-B1	4th	Och-CBur_088_Ex1-3G-lcwgs-1-2	/archive/carpenterlab/pire/pire_ostorhinchus_chrysopomus_lcwgs/4th_sequencing_run/fq_raw/Och-CBur_088_Ex1-3G-lcwgs-1-2.1.fq.gz	/archive/carpenterlab/pire/pire_ostorhinchus_chrysopomus_lcwgs/4th_sequencing_run/fq_raw/Och-CBur_088_Ex1-3G-lcwgs-1-2.2.fq.gz	data/symlinks/OchCBur088_Ex1-3G-lcwgs-1_RG-OchCBur088-LH00516-290-22M5VHLT4-L4-3G-B1_R1.fastq.gz	data/symlinks/OchCBur088_Ex1-3G-lcwgs-1_RG-OchCBur088-LH00516-290-22M5VHLT4-L4-3G-B1_R2.fastq.gz
OchCBur089_Ex1-4F-lcwgs-1_RG-OchCBur089-LH00516-290-22M5VHLT4-L4-4F-B1	OchCBur089	Och-CBur_089	CBur	modern	Ex1-4F-lcwgs-1	RG-OchCBur089-LH00516-290-22M5VHLT4-L4-4F-B1	4th	Och-CBur_089_Ex1-4F-lcwgs-1-2	/archive/carpenterlab/pire/pire_ostorhinchus_chrysopomus_lcwgs/4th_sequencing_run/fq_raw/Och-CBur_089_Ex1-4F-lcwgs-1-2.1.fq.gz	/archive/carpenterlab/pire/pire_ostorhinchus_chrysopomus_lcwgs/4th_sequencing_run/fq_raw/Och-CBur_089_Ex1-4F-lcwgs-1-2.2.fq.gz	data/symlinks/OchCBur089_Ex1-4F-lcwgs-1_RG-OchCBur089-LH00516-290-22M5VHLT4-L4-4F-B1_R1.fastq.gz	data/symlinks/OchCBur089_Ex1-4F-lcwgs-1_RG-OchCBur089-LH00516-290-22M5VHLT4-L4-4F-B1_R2.fastq.gz
OchCCat001_Ex1-1A-lcwgs-1_RG-OchCCat001-LH00516-290-22M5VHLT4-L4-1A-B1	OchCCat001	Och-CCat_001	CCat	modern	Ex1-1A-lcwgs-1	RG-OchCCat001-LH00516-290-22M5VHLT4-L4-1A-B1	4th	Och-CCat_001-Ex1-1A-lcwgs-1-2	/archive/carpenterlab/pire/pire_ostorhinchus_chrysopomus_lcwgs/4th_sequencing_run/fq_raw/Och-CCat_001-Ex1-1A-lcwgs-1-2.1.fq.gz	/archive/carpenterlab/pire/pire_ostorhinchus_chrysopomus_lcwgs/4th_sequencing_run/fq_raw/Och-CCat_001-Ex1-1A-lcwgs-1-2.2.fq.gz	data/symlinks/OchCCat001_Ex1-1A-lcwgs-1_RG-OchCCat001-LH00516-290-22M5VHLT4-L4-1A-B1_R1.fastq.gz	data/symlinks/OchCCat001_Ex1-1A-lcwgs-1_RG-OchCCat001-LH00516-290-22M5VHLT4-L4-1A-B1_R2.fastq.gz
OchCCat002_Ex1-1B-lcwgs-1_RG-OchCCat002-LH00516-290-22M5VHLT4-L4-1B-B1	OchCCat002	Och-CCat_002	CCat	modern	Ex1-1B-lcwgs-1	RG-OchCCat002-LH00516-290-22M5VHLT4-L4-1B-B1	4th	Och-CCat_002-Ex1-1B-lcwgs-1-2	/archive/carpenterlab/pire/pire_ostorhinchus_chrysopomus_lcwgs/4th_sequencing_run/fq_raw/Och-CCat_002-Ex1-1B-lcwgs-1-2.1.fq.gz	/archive/carpenterlab/pire/pire_ostorhinchus_chrysopomus_lcwgs/4th_sequencing_run/fq_raw/Och-CCat_002-Ex1-1B-lcwgs-1-2.2.fq.gz	data/symlinks/OchCCat002_Ex1-1B-lcwgs-1_RG-OchCCat002-LH00516-290-22M5VHLT4-L4-1B-B1_R1.fastq.gz	data/symlinks/OchCCat002_Ex1-1B-lcwgs-1_RG-OchCCat002-LH00516-290-22M5VHLT4-L4-1B-B1_R2.fastq.gz
OchCCat003_Ex1-1C-lcwgs-1_RG-OchCCat003-LH00516-290-22M5VHLT4-L4-1C-B1	OchCCat003	Och-CCat_003	CCat	modern	Ex1-1C-lcwgs-1	RG-OchCCat003-LH00516-290-22M5VHLT4-L4-1C-B1	4th	Och-CCat_003-Ex1-1C-lcwgs-1-2	/archive/carpenterlab/pire/pire_ostorhinchus_chrysopomus_lcwgs/4th_sequencing_run/fq_raw/Och-CCat_003-Ex1-1C-lcwgs-1-2.1.fq.gz	/archive/carpenterlab/pire/pire_ostorhinchus_chrysopomus_lcwgs/4th_sequencing_run/fq_raw/Och-CCat_003-Ex1-1C-lcwgs-1-2.2.fq.gz	data/symlinks/OchCCat003_Ex1-1C-lcwgs-1_RG-OchCCat003-LH00516-290-22M5VHLT4-L4-1C-B1_R1.fastq.gz	data/symlinks/OchCCat003_Ex1-1C-lcwgs-1_RG-OchCCat003-LH00516-290-22M5VHLT4-L4-1C-B1_R2.fastq.gz
OchCCat004_Ex1-1D-lcwgs-1_RG-OchCCat004-LH00516-290-22M5VHLT4-L4-1D-B1	OchCCat004	Och-CCat_004	CCat	modern	Ex1-1D-lcwgs-1	RG-OchCCat004-LH00516-290-22M5VHLT4-L4-1D-B1	4th	Och-CCat_004-Ex1-1D-lcwgs-1-2	/archive/carpenterlab/pire/pire_ostorhinchus_chrysopomus_lcwgs/4th_sequencing_run/fq_raw/Och-CCat_004-Ex1-1D-lcwgs-1-2.1.fq.gz	/archive/carpenterlab/pire/pire_ostorhinchus_chrysopomus_lcwgs/4th_sequencing_run/fq_raw/Och-CCat_004-Ex1-1D-lcwgs-1-2.2.fq.gz	data/symlinks/OchCCat004_Ex1-1D-lcwgs-1_RG-OchCCat004-LH00516-290-22M5VHLT4-L4-1D-B1_R1.fastq.gz	data/symlinks/OchCCat004_Ex1-1D-lcwgs-1_RG-OchCCat004-LH00516-290-22M5VHLT4-L4-1D-B1_R2.fastq.gz
OchCCat005_Ex1-1E-lcwgs-1_RG-OchCCat005-LH00516-290-22M5VHLT4-L4-1E-B1	OchCCat005	Och-CCat_005	CCat	modern	Ex1-1E-lcwgs-1	RG-OchCCat005-LH00516-290-22M5VHLT4-L4-1E-B1	4th	Och-CCat_005-Ex1-1E-lcwgs-1-2	/archive/carpenterlab/pire/pire_ostorhinchus_chrysopomus_lcwgs/4th_sequencing_run/fq_raw/Och-CCat_005-Ex1-1E-lcwgs-1-2.1.fq.gz	/archive/carpenterlab/pire/pire_ostorhinchus_chrysopomus_lcwgs/4th_sequencing_run/fq_raw/Och-CCat_005-Ex1-1E-lcwgs-1-2.2.fq.gz	data/symlinks/OchCCat005_Ex1-1E-lcwgs-1_RG-OchCCat005-LH00516-290-22M5VHLT4-L4-1E-B1_R1.fastq.gz	data/symlinks/OchCCat005_Ex1-1E-lcwgs-1_RG-OchCCat005-LH00516-290-22M5VHLT4-L4-1E-B1_R2.fastq.gz
OchCCat006_Ex1-1F-lcwgs-1_RG-OchCCat006-LH00516-290-22M5VHLT4-L4-1F-B1	OchCCat006	Och-CCat_006	CCat	modern	Ex1-1F-lcwgs-1	RG-OchCCat006-LH00516-290-22M5VHLT4-L4-1F-B1	4th	Och-CCat_006-Ex1-1F-lcwgs-1-2	/archive/carpenterlab/pire/pire_ostorhinchus_chrysopomus_lcwgs/4th_sequencing_run/fq_raw/Och-CCat_006-Ex1-1F-lcwgs-1-2.1.fq.gz	/archive/carpenterlab/pire/pire_ostorhinchus_chrysopomus_lcwgs/4th_sequencing_run/fq_raw/Och-CCat_006-Ex1-1F-lcwgs-1-2.2.fq.gz	data/symlinks/OchCCat006_Ex1-1F-lcwgs-1_RG-OchCCat006-LH00516-290-22M5VHLT4-L4-1F-B1_R1.fastq.gz	data/symlinks/OchCCat006_Ex1-1F-lcwgs-1_RG-OchCCat006-LH00516-290-22M5VHLT4-L4-1F-B1_R2.fastq.gz
OchCCat007_Ex1-1G-lcwgs-1_RG-OchCCat007-LH00516-290-22M5VHLT4-L4-1G-B1	OchCCat007	Och-CCat_007	CCat	modern	Ex1-1G-lcwgs-1	RG-OchCCat007-LH00516-290-22M5VHLT4-L4-1G-B1	4th	Och-CCat_007-Ex1-1G-lcwgs-1-2	/archive/carpenterlab/pire/pire_ostorhinchus_chrysopomus_lcwgs/4th_sequencing_run/fq_raw/Och-CCat_007-Ex1-1G-lcwgs-1-2.1.fq.gz	/archive/carpenterlab/pire/pire_ostorhinchus_chrysopomus_lcwgs/4th_sequencing_run/fq_raw/Och-CCat_007-Ex1-1G-lcwgs-1-2.2.fq.gz	data/symlinks/OchCCat007_Ex1-1G-lcwgs-1_RG-OchCCat007-LH00516-290-22M5VHLT4-L4-1G-B1_R1.fastq.gz	data/symlinks/OchCCat007_Ex1-1G-lcwgs-1_RG-OchCCat007-LH00516-290-22M5VHLT4-L4-1G-B1_R2.fastq.gz
OchCCat008_Ex1-1H-lcwgs-1_RG-OchCCat008-LH00516-290-22M5VHLT4-L4-1H-B1	OchCCat008	Och-CCat_008	CCat	modern	Ex1-1H-lcwgs-1	RG-OchCCat008-LH00516-290-22M5VHLT4-L4-1H-B1	4th	Och-CCat_008-Ex1-1H-lcwgs-1-2	/archive/carpenterlab/pire/pire_ostorhinchus_chrysopomus_lcwgs/4th_sequencing_run/fq_raw/Och-CCat_008-Ex1-1H-lcwgs-1-2.1.fq.gz	/archive/carpenterlab/pire/pire_ostorhinchus_chrysopomus_lcwgs/4th_sequencing_run/fq_raw/Och-CCat_008-Ex1-1H-lcwgs-1-2.2.fq.gz	data/symlinks/OchCCat008_Ex1-1H-lcwgs-1_RG-OchCCat008-LH00516-290-22M5VHLT4-L4-1H-B1_R1.fastq.gz	data/symlinks/OchCCat008_Ex1-1H-lcwgs-1_RG-OchCCat008-LH00516-290-22M5VHLT4-L4-1H-B1_R2.fastq.gz
OchCCat009_Ex1-2A-lcwgs-1_RG-OchCCat009-LH00516-290-22M5VHLT4-L4-2A-B1	OchCCat009	Och-CCat_009	CCat	modern	Ex1-2A-lcwgs-1	RG-OchCCat009-LH00516-290-22M5VHLT4-L4-2A-B1	4th	Och-CCat_009-Ex1-2A-lcwgs-1-2	/archive/carpenterlab/pire/pire_ostorhinchus_chrysopomus_lcwgs/4th_sequencing_run/fq_raw/Och-CCat_009-Ex1-2A-lcwgs-1-2.1.fq.gz	/archive/carpenterlab/pire/pire_ostorhinchus_chrysopomus_lcwgs/4th_sequencing_run/fq_raw/Och-CCat_009-Ex1-2A-lcwgs-1-2.2.fq.gz	data/symlinks/OchCCat009_Ex1-2A-lcwgs-1_RG-OchCCat009-LH00516-290-22M5VHLT4-L4-2A-B1_R1.fastq.gz	data/symlinks/OchCCat009_Ex1-2A-lcwgs-1_RG-OchCCat009-LH00516-290-22M5VHLT4-L4-2A-B1_R2.fastq.gz
OchCCat010_Ex1-2B-lcwgs-1_RG-OchCCat010-LH00516-290-22M5VHLT4-L4-2B-B1	OchCCat010	Och-CCat_010	CCat	modern	Ex1-2B-lcwgs-1	RG-OchCCat010-LH00516-290-22M5VHLT4-L4-2B-B1	4th	Och-CCat_010-Ex1-2B-lcwgs-1-2	/archive/carpenterlab/pire/pire_ostorhinchus_chrysopomus_lcwgs/4th_sequencing_run/fq_raw/Och-CCat_010-Ex1-2B-lcwgs-1-2.1.fq.gz	/archive/carpenterlab/pire/pire_ostorhinchus_chrysopomus_lcwgs/4th_sequencing_run/fq_raw/Och-CCat_010-Ex1-2B-lcwgs-1-2.2.fq.gz	data/symlinks/OchCCat010_Ex1-2B-lcwgs-1_RG-OchCCat010-LH00516-290-22M5VHLT4-L4-2B-B1_R1.fastq.gz	data/symlinks/OchCCat010_Ex1-2B-lcwgs-1_RG-OchCCat010-LH00516-290-22M5VHLT4-L4-2B-B1_R2.fastq.gz
OchCCat011_Ex1-2C-lcwgs-1_RG-OchCCat011-LH00516-290-22M5VHLT4-L4-2C-B1	OchCCat011	Och-CCat_011	CCat	modern	Ex1-2C-lcwgs-1	RG-OchCCat011-LH00516-290-22M5VHLT4-L4-2C-B1	4th	Och-CCat_011-Ex1-2C-lcwgs-1-2	/archive/carpenterlab/pire/pire_ostorhinchus_chrysopomus_lcwgs/4th_sequencing_run/fq_raw/Och-CCat_011-Ex1-2C-lcwgs-1-2.1.fq.gz	/archive/carpenterlab/pire/pire_ostorhinchus_chrysopomus_lcwgs/4th_sequencing_run/fq_raw/Och-CCat_011-Ex1-2C-lcwgs-1-2.2.fq.gz	data/symlinks/OchCCat011_Ex1-2C-lcwgs-1_RG-OchCCat011-LH00516-290-22M5VHLT4-L4-2C-B1_R1.fastq.gz	data/symlinks/OchCCat011_Ex1-2C-lcwgs-1_RG-OchCCat011-LH00516-290-22M5VHLT4-L4-2C-B1_R2.fastq.gz
OchCCat013_Ex1-2E-lcwgs-1_RG-OchCCat013-LH00516-290-22M5VHLT4-L4-2E-B1	OchCCat013	Och-CCat_013	CCat	modern	Ex1-2E-lcwgs-1	RG-OchCCat013-LH00516-290-22M5VHLT4-L4-2E-B1	4th	Och-CCat_013-Ex1-2E-lcwgs-1-2	/archive/carpenterlab/pire/pire_ostorhinchus_chrysopomus_lcwgs/4th_sequencing_run/fq_raw/Och-CCat_013-Ex1-2E-lcwgs-1-2.1.fq.gz	/archive/carpenterlab/pire/pire_ostorhinchus_chrysopomus_lcwgs/4th_sequencing_run/fq_raw/Och-CCat_013-Ex1-2E-lcwgs-1-2.2.fq.gz	data/symlinks/OchCCat013_Ex1-2E-lcwgs-1_RG-OchCCat013-LH00516-290-22M5VHLT4-L4-2E-B1_R1.fastq.gz	data/symlinks/OchCCat013_Ex1-2E-lcwgs-1_RG-OchCCat013-LH00516-290-22M5VHLT4-L4-2E-B1_R2.fastq.gz
OchCCat014_Ex1-2F-lcwgs-1_RG-OchCCat014-LH00516-290-22M5VHLT4-L4-2F-B1	OchCCat014	Och-CCat_014	CCat	modern	Ex1-2F-lcwgs-1	RG-OchCCat014-LH00516-290-22M5VHLT4-L4-2F-B1	4th	Och-CCat_014-Ex1-2F-lcwgs-1-2	/archive/carpenterlab/pire/pire_ostorhinchus_chrysopomus_lcwgs/4th_sequencing_run/fq_raw/Och-CCat_014-Ex1-2F-lcwgs-1-2.1.fq.gz	/archive/carpenterlab/pire/pire_ostorhinchus_chrysopomus_lcwgs/4th_sequencing_run/fq_raw/Och-CCat_014-Ex1-2F-lcwgs-1-2.2.fq.gz	data/symlinks/OchCCat014_Ex1-2F-lcwgs-1_RG-OchCCat014-LH00516-290-22M5VHLT4-L4-2F-B1_R1.fastq.gz	data/symlinks/OchCCat014_Ex1-2F-lcwgs-1_RG-OchCCat014-LH00516-290-22M5VHLT4-L4-2F-B1_R2.fastq.gz
OchCCat017_Ex1-3A-lcwgs-1_RG-OchCCat017-LH00516-290-22M5VHLT4-L4-3A-B1	OchCCat017	Och-CCat_017	CCat	modern	Ex1-3A-lcwgs-1	RG-OchCCat017-LH00516-290-22M5VHLT4-L4-3A-B1	4th	Och-CCat_017-Ex1-3A-lcwgs-1-2	/archive/carpenterlab/pire/pire_ostorhinchus_chrysopomus_lcwgs/4th_sequencing_run/fq_raw/Och-CCat_017-Ex1-3A-lcwgs-1-2.1.fq.gz	/archive/carpenterlab/pire/pire_ostorhinchus_chrysopomus_lcwgs/4th_sequencing_run/fq_raw/Och-CCat_017-Ex1-3A-lcwgs-1-2.2.fq.gz	data/symlinks/OchCCat017_Ex1-3A-lcwgs-1_RG-OchCCat017-LH00516-290-22M5VHLT4-L4-3A-B1_R1.fastq.gz	data/symlinks/OchCCat017_Ex1-3A-lcwgs-1_RG-OchCCat017-LH00516-290-22M5VHLT4-L4-3A-B1_R2.fastq.gz
OchCCat019_Ex1-3C-lcwgs-1_RG-OchCCat019-LH00516-290-22M5VHLT4-L4-3C-B1	OchCCat019	Och-CCat_019	CCat	modern	Ex1-3C-lcwgs-1	RG-OchCCat019-LH00516-290-22M5VHLT4-L4-3C-B1	4th	Och-CCat_019-Ex1-3C-lcwgs-1-2	/archive/carpenterlab/pire/pire_ostorhinchus_chrysopomus_lcwgs/4th_sequencing_run/fq_raw/Och-CCat_019-Ex1-3C-lcwgs-1-2.1.fq.gz	/archive/carpenterlab/pire/pire_ostorhinchus_chrysopomus_lcwgs/4th_sequencing_run/fq_raw/Och-CCat_019-Ex1-3C-lcwgs-1-2.2.fq.gz	data/symlinks/OchCCat019_Ex1-3C-lcwgs-1_RG-OchCCat019-LH00516-290-22M5VHLT4-L4-3C-B1_R1.fastq.gz	data/symlinks/OchCCat019_Ex1-3C-lcwgs-1_RG-OchCCat019-LH00516-290-22M5VHLT4-L4-3C-B1_R2.fastq.gz
OchCCat020_Ex1-3D-lcwgs-1_RG-OchCCat020-LH00516-290-22M5VHLT4-L4-3D-B1	OchCCat020	Och-CCat_020	CCat	modern	Ex1-3D-lcwgs-1	RG-OchCCat020-LH00516-290-22M5VHLT4-L4-3D-B1	4th	Och-CCat_020-Ex1-3D-lcwgs-1-2	/archive/carpenterlab/pire/pire_ostorhinchus_chrysopomus_lcwgs/4th_sequencing_run/fq_raw/Och-CCat_020-Ex1-3D-lcwgs-1-2.1.fq.gz	/archive/carpenterlab/pire/pire_ostorhinchus_chrysopomus_lcwgs/4th_sequencing_run/fq_raw/Och-CCat_020-Ex1-3D-lcwgs-1-2.2.fq.gz	data/symlinks/OchCCat020_Ex1-3D-lcwgs-1_RG-OchCCat020-LH00516-290-22M5VHLT4-L4-3D-B1_R1.fastq.gz	data/symlinks/OchCCat020_Ex1-3D-lcwgs-1_RG-OchCCat020-LH00516-290-22M5VHLT4-L4-3D-B1_R2.fastq.gz
OchCCat021_Ex1-3E-lcwgs-1_RG-OchCCat021-LH00516-290-22M5VHLT4-L4-3E-B1	OchCCat021	Och-CCat_021	CCat	modern	Ex1-3E-lcwgs-1	RG-OchCCat021-LH00516-290-22M5VHLT4-L4-3E-B1	4th	Och-CCat_021-Ex1-3E-lcwgs-1-2	/archive/carpenterlab/pire/pire_ostorhinchus_chrysopomus_lcwgs/4th_sequencing_run/fq_raw/Och-CCat_021-Ex1-3E-lcwgs-1-2.1.fq.gz	/archive/carpenterlab/pire/pire_ostorhinchus_chrysopomus_lcwgs/4th_sequencing_run/fq_raw/Och-CCat_021-Ex1-3E-lcwgs-1-2.2.fq.gz	data/symlinks/OchCCat021_Ex1-3E-lcwgs-1_RG-OchCCat021-LH00516-290-22M5VHLT4-L4-3E-B1_R1.fastq.gz	data/symlinks/OchCCat021_Ex1-3E-lcwgs-1_RG-OchCCat021-LH00516-290-22M5VHLT4-L4-3E-B1_R2.fastq.gz
OchCCat023_Ex1-4E-lcwgs-1_RG-OchCCat023-LH00516-290-22M5VHLT4-L4-4E-B1	OchCCat023	Och-CCat_023	CCat	modern	Ex1-4E-lcwgs-1	RG-OchCCat023-LH00516-290-22M5VHLT4-L4-4E-B1	4th	Och-CCat_023-Ex1-4E-lcwgs-1-2	/archive/carpenterlab/pire/pire_ostorhinchus_chrysopomus_lcwgs/4th_sequencing_run/fq_raw/Och-CCat_023-Ex1-4E-lcwgs-1-2.1.fq.gz	/archive/carpenterlab/pire/pire_ostorhinchus_chrysopomus_lcwgs/4th_sequencing_run/fq_raw/Och-CCat_023-Ex1-4E-lcwgs-1-2.2.fq.gz	data/symlinks/OchCCat023_Ex1-4E-lcwgs-1_RG-OchCCat023-LH00516-290-22M5VHLT4-L4-4E-B1_R1.fastq.gz	data/symlinks/OchCCat023_Ex1-4E-lcwgs-1_RG-OchCCat023-LH00516-290-22M5VHLT4-L4-4E-B1_R2.fastq.gz
OchCCat024_Ex1-5G-lcwgs-1_RG-OchCCat024-LH00516-290-22M5VHLT4-L4-5G-B1	OchCCat024	Och-CCat_024	CCat	modern	Ex1-5G-lcwgs-1	RG-OchCCat024-LH00516-290-22M5VHLT4-L4-5G-B1	4th	Och-CCat_024-Ex1-5G-lcwgs-1-2	/archive/carpenterlab/pire/pire_ostorhinchus_chrysopomus_lcwgs/4th_sequencing_run/fq_raw/Och-CCat_024-Ex1-5G-lcwgs-1-2.1.fq.gz	/archive/carpenterlab/pire/pire_ostorhinchus_chrysopomus_lcwgs/4th_sequencing_run/fq_raw/Och-CCat_024-Ex1-5G-lcwgs-1-2.2.fq.gz	data/symlinks/OchCCat024_Ex1-5G-lcwgs-1_RG-OchCCat024-LH00516-290-22M5VHLT4-L4-5G-B1_R1.fastq.gz	data/symlinks/OchCCat024_Ex1-5G-lcwgs-1_RG-OchCCat024-LH00516-290-22M5VHLT4-L4-5G-B1_R2.fastq.gz
OchCCat025_Ex1-4A-lcwgs-1_RG-OchCCat025-LH00516-290-22M5VHLT4-L4-4A-B1	OchCCat025	Och-CCat_025	CCat	modern	Ex1-4A-lcwgs-1	RG-OchCCat025-LH00516-290-22M5VHLT4-L4-4A-B1	4th	Och-CCat_025-Ex1-4A-lcwgs-1-2	/archive/carpenterlab/pire/pire_ostorhinchus_chrysopomus_lcwgs/4th_sequencing_run/fq_raw/Och-CCat_025-Ex1-4A-lcwgs-1-2.1.fq.gz	/archive/carpenterlab/pire/pire_ostorhinchus_chrysopomus_lcwgs/4th_sequencing_run/fq_raw/Och-CCat_025-Ex1-4A-lcwgs-1-2.2.fq.gz	data/symlinks/OchCCat025_Ex1-4A-lcwgs-1_RG-OchCCat025-LH00516-290-22M5VHLT4-L4-4A-B1_R1.fastq.gz	data/symlinks/OchCCat025_Ex1-4A-lcwgs-1_RG-OchCCat025-LH00516-290-22M5VHLT4-L4-4A-B1_R2.fastq.gz
OchCCat028_Ex1-5C-lcwgs-1_RG-OchCCat028-LH00516-290-22M5VHLT4-L4-5C-B1	OchCCat028	Och-CCat_028	CCat	modern	Ex1-5C-lcwgs-1	RG-OchCCat028-LH00516-290-22M5VHLT4-L4-5C-B1	4th	Och-CCat_028-Ex1-5C-lcwgs-1-2	/archive/carpenterlab/pire/pire_ostorhinchus_chrysopomus_lcwgs/4th_sequencing_run/fq_raw/Och-CCat_028-Ex1-5C-lcwgs-1-2.1.fq.gz	/archive/carpenterlab/pire/pire_ostorhinchus_chrysopomus_lcwgs/4th_sequencing_run/fq_raw/Och-CCat_028-Ex1-5C-lcwgs-1-2.2.fq.gz	data/symlinks/OchCCat028_Ex1-5C-lcwgs-1_RG-OchCCat028-LH00516-290-22M5VHLT4-L4-5C-B1_R1.fastq.gz	data/symlinks/OchCCat028_Ex1-5C-lcwgs-1_RG-OchCCat028-LH00516-290-22M5VHLT4-L4-5C-B1_R2.fastq.gz
OchCCat029_Ex1-3H-lcwgs-1_RG-OchCCat029-LH00516-290-22M5VHLT4-L4-3H-B1	OchCCat029	Och-CCat_029	CCat	modern	Ex1-3H-lcwgs-1	RG-OchCCat029-LH00516-290-22M5VHLT4-L4-3H-B1	4th	Och-CCat_029-Ex1-3H-lcwgs-1-2	/archive/carpenterlab/pire/pire_ostorhinchus_chrysopomus_lcwgs/4th_sequencing_run/fq_raw/Och-CCat_029-Ex1-3H-lcwgs-1-2.1.fq.gz	/archive/carpenterlab/pire/pire_ostorhinchus_chrysopomus_lcwgs/4th_sequencing_run/fq_raw/Och-CCat_029-Ex1-3H-lcwgs-1-2.2.fq.gz	data/symlinks/OchCCat029_Ex1-3H-lcwgs-1_RG-OchCCat029-LH00516-290-22M5VHLT4-L4-3H-B1_R1.fastq.gz	data/symlinks/OchCCat029_Ex1-3H-lcwgs-1_RG-OchCCat029-LH00516-290-22M5VHLT4-L4-3H-B1_R2.fastq.gz
OchCCat031_Ex1-3G-lcwgs-1_RG-OchCCat031-LH00516-290-22M5VHLT4-L4-3G-B1	OchCCat031	Och-CCat_031	CCat	modern	Ex1-3G-lcwgs-1	RG-OchCCat031-LH00516-290-22M5VHLT4-L4-3G-B1	4th	Och-CCat_031-Ex1-3G-lcwgs-1-2	/archive/carpenterlab/pire/pire_ostorhinchus_chrysopomus_lcwgs/4th_sequencing_run/fq_raw/Och-CCat_031-Ex1-3G-lcwgs-1-2.1.fq.gz	/archive/carpenterlab/pire/pire_ostorhinchus_chrysopomus_lcwgs/4th_sequencing_run/fq_raw/Och-CCat_031-Ex1-3G-lcwgs-1-2.2.fq.gz	data/symlinks/OchCCat031_Ex1-3G-lcwgs-1_RG-OchCCat031-LH00516-290-22M5VHLT4-L4-3G-B1_R1.fastq.gz	data/symlinks/OchCCat031_Ex1-3G-lcwgs-1_RG-OchCCat031-LH00516-290-22M5VHLT4-L4-3G-B1_R2.fastq.gz
OchCCat035_Ex1-6A-lcwgs-1_RG-OchCCat035-LH00516-290-22M5VHLT4-L4-6A-B1	OchCCat035	Och-CCat_035	CCat	modern	Ex1-6A-lcwgs-1	RG-OchCCat035-LH00516-290-22M5VHLT4-L4-6A-B1	4th	Och-CCat_035-Ex1-6A-lcwgs-1-2	/archive/carpenterlab/pire/pire_ostorhinchus_chrysopomus_lcwgs/4th_sequencing_run/fq_raw/Och-CCat_035-Ex1-6A-lcwgs-1-2.1.fq.gz	/archive/carpenterlab/pire/pire_ostorhinchus_chrysopomus_lcwgs/4th_sequencing_run/fq_raw/Och-CCat_035-Ex1-6A-lcwgs-1-2.2.fq.gz	data/symlinks/OchCCat035_Ex1-6A-lcwgs-1_RG-OchCCat035-LH00516-290-22M5VHLT4-L4-6A-B1_R1.fastq.gz	data/symlinks/OchCCat035_Ex1-6A-lcwgs-1_RG-OchCCat035-LH00516-290-22M5VHLT4-L4-6A-B1_R2.fastq.gz
OchCCat036_Ex1-5D-lcwgs-1_RG-OchCCat036-LH00516-290-22M5VHLT4-L4-5D-B1	OchCCat036	Och-CCat_036	CCat	modern	Ex1-5D-lcwgs-1	RG-OchCCat036-LH00516-290-22M5VHLT4-L4-5D-B1	4th	Och-CCat_036-Ex1-5D-lcwgs-1-2	/archive/carpenterlab/pire/pire_ostorhinchus_chrysopomus_lcwgs/4th_sequencing_run/fq_raw/Och-CCat_036-Ex1-5D-lcwgs-1-2.1.fq.gz	/archive/carpenterlab/pire/pire_ostorhinchus_chrysopomus_lcwgs/4th_sequencing_run/fq_raw/Och-CCat_036-Ex1-5D-lcwgs-1-2.2.fq.gz	data/symlinks/OchCCat036_Ex1-5D-lcwgs-1_RG-OchCCat036-LH00516-290-22M5VHLT4-L4-5D-B1_R1.fastq.gz	data/symlinks/OchCCat036_Ex1-5D-lcwgs-1_RG-OchCCat036-LH00516-290-22M5VHLT4-L4-5D-B1_R2.fastq.gz
OchCCat037_Ex1-4B-lcwgs-1_RG-OchCCat037-LH00516-290-22M5VHLT4-L4-4B-B1	OchCCat037	Och-CCat_037	CCat	modern	Ex1-4B-lcwgs-1	RG-OchCCat037-LH00516-290-22M5VHLT4-L4-4B-B1	4th	Och-CCat_037-Ex1-4B-lcwgs-1-2	/archive/carpenterlab/pire/pire_ostorhinchus_chrysopomus_lcwgs/4th_sequencing_run/fq_raw/Och-CCat_037-Ex1-4B-lcwgs-1-2.1.fq.gz	/archive/carpenterlab/pire/pire_ostorhinchus_chrysopomus_lcwgs/4th_sequencing_run/fq_raw/Och-CCat_037-Ex1-4B-lcwgs-1-2.2.fq.gz	data/symlinks/OchCCat037_Ex1-4B-lcwgs-1_RG-OchCCat037-LH00516-290-22M5VHLT4-L4-4B-B1_R1.fastq.gz	data/symlinks/OchCCat037_Ex1-4B-lcwgs-1_RG-OchCCat037-LH00516-290-22M5VHLT4-L4-4B-B1_R2.fastq.gz
OchCCat038_Ex1-4C-lcwgs-1_RG-OchCCat038-LH00516-290-22M5VHLT4-L4-4C-B1	OchCCat038	Och-CCat_038	CCat	modern	Ex1-4C-lcwgs-1	RG-OchCCat038-LH00516-290-22M5VHLT4-L4-4C-B1	4th	Och-CCat_038-Ex1-4C-lcwgs-1-2	/archive/carpenterlab/pire/pire_ostorhinchus_chrysopomus_lcwgs/4th_sequencing_run/fq_raw/Och-CCat_038-Ex1-4C-lcwgs-1-2.1.fq.gz	/archive/carpenterlab/pire/pire_ostorhinchus_chrysopomus_lcwgs/4th_sequencing_run/fq_raw/Och-CCat_038-Ex1-4C-lcwgs-1-2.2.fq.gz	data/symlinks/OchCCat038_Ex1-4C-lcwgs-1_RG-OchCCat038-LH00516-290-22M5VHLT4-L4-4C-B1_R1.fastq.gz	data/symlinks/OchCCat038_Ex1-4C-lcwgs-1_RG-OchCCat038-LH00516-290-22M5VHLT4-L4-4C-B1_R2.fastq.gz
OchCCat047_Ex1-4H-lcwgs-1_RG-OchCCat047-LH00516-290-22M5VHLT4-L4-4H-B1	OchCCat047	Och-CCat_047	CCat	modern	Ex1-4H-lcwgs-1	RG-OchCCat047-LH00516-290-22M5VHLT4-L4-4H-B1	4th	Och-CCat_047-Ex1-4H-lcwgs-1-2	/archive/carpenterlab/pire/pire_ostorhinchus_chrysopomus_lcwgs/4th_sequencing_run/fq_raw/Och-CCat_047-Ex1-4H-lcwgs-1-2.1.fq.gz	/archive/carpenterlab/pire/pire_ostorhinchus_chrysopomus_lcwgs/4th_sequencing_run/fq_raw/Och-CCat_047-Ex1-4H-lcwgs-1-2.2.fq.gz	data/symlinks/OchCCat047_Ex1-4H-lcwgs-1_RG-OchCCat047-LH00516-290-22M5VHLT4-L4-4H-B1_R1.fastq.gz	data/symlinks/OchCCat047_Ex1-4H-lcwgs-1_RG-OchCCat047-LH00516-290-22M5VHLT4-L4-4H-B1_R2.fastq.gz
OchCCat051_Ex1-8B-lcwgs-1_RG-OchCCat051-LH00516-290-22M5VHLT4-L4-8B-B1	OchCCat051	Och-CCat_051	CCat	modern	Ex1-8B-lcwgs-1	RG-OchCCat051-LH00516-290-22M5VHLT4-L4-8B-B1	4th	Och-CCat_051-Ex1-8B-lcwgs-1-2	/archive/carpenterlab/pire/pire_ostorhinchus_chrysopomus_lcwgs/4th_sequencing_run/fq_raw/Och-CCat_051-Ex1-8B-lcwgs-1-2.1.fq.gz	/archive/carpenterlab/pire/pire_ostorhinchus_chrysopomus_lcwgs/4th_sequencing_run/fq_raw/Och-CCat_051-Ex1-8B-lcwgs-1-2.2.fq.gz	data/symlinks/OchCCat051_Ex1-8B-lcwgs-1_RG-OchCCat051-LH00516-290-22M5VHLT4-L4-8B-B1_R1.fastq.gz	data/symlinks/OchCCat051_Ex1-8B-lcwgs-1_RG-OchCCat051-LH00516-290-22M5VHLT4-L4-8B-B1_R2.fastq.gz
OchCCat059_Ex1-8C-lcwgs-1_RG-OchCCat059-LH00516-290-22M5VHLT4-L4-8C-B1	OchCCat059	Och-CCat_059	CCat	modern	Ex1-8C-lcwgs-1	RG-OchCCat059-LH00516-290-22M5VHLT4-L4-8C-B1	4th	Och-CCat_059-Ex1-8C-lcwgs-1-2	/archive/carpenterlab/pire/pire_ostorhinchus_chrysopomus_lcwgs/4th_sequencing_run/fq_raw/Och-CCat_059-Ex1-8C-lcwgs-1-2.1.fq.gz	/archive/carpenterlab/pire/pire_ostorhinchus_chrysopomus_lcwgs/4th_sequencing_run/fq_raw/Och-CCat_059-Ex1-8C-lcwgs-1-2.2.fq.gz	data/symlinks/OchCCat059_Ex1-8C-lcwgs-1_RG-OchCCat059-LH00516-290-22M5VHLT4-L4-8C-B1_R1.fastq.gz	data/symlinks/OchCCat059_Ex1-8C-lcwgs-1_RG-OchCCat059-LH00516-290-22M5VHLT4-L4-8C-B1_R2.fastq.gz
OchCCat063_Ex1-5E-lcwgs-1_RG-OchCCat063-LH00516-290-22M5VHLT4-L4-5E-B1	OchCCat063	Och-CCat_063	CCat	modern	Ex1-5E-lcwgs-1	RG-OchCCat063-LH00516-290-22M5VHLT4-L4-5E-B1	4th	Och-CCat_063-Ex1-5E-lcwgs-1-2	/archive/carpenterlab/pire/pire_ostorhinchus_chrysopomus_lcwgs/4th_sequencing_run/fq_raw/Och-CCat_063-Ex1-5E-lcwgs-1-2.1.fq.gz	/archive/carpenterlab/pire/pire_ostorhinchus_chrysopomus_lcwgs/4th_sequencing_run/fq_raw/Och-CCat_063-Ex1-5E-lcwgs-1-2.2.fq.gz	data/symlinks/OchCCat063_Ex1-5E-lcwgs-1_RG-OchCCat063-LH00516-290-22M5VHLT4-L4-5E-B1_R1.fastq.gz	data/symlinks/OchCCat063_Ex1-5E-lcwgs-1_RG-OchCCat063-LH00516-290-22M5VHLT4-L4-5E-B1_R2.fastq.gz
OchCCat065_Ex1-4F-lcwgs-1_RG-OchCCat065-LH00516-290-22M5VHLT4-L4-4F-B1	OchCCat065	Och-CCat_065	CCat	modern	Ex1-4F-lcwgs-1	RG-OchCCat065-LH00516-290-22M5VHLT4-L4-4F-B1	4th	Och-CCat_065-Ex1-4F-lcwgs-1-2	/archive/carpenterlab/pire/pire_ostorhinchus_chrysopomus_lcwgs/4th_sequencing_run/fq_raw/Och-CCat_065-Ex1-4F-lcwgs-1-2.1.fq.gz	/archive/carpenterlab/pire/pire_ostorhinchus_chrysopomus_lcwgs/4th_sequencing_run/fq_raw/Och-CCat_065-Ex1-4F-lcwgs-1-2.2.fq.gz	data/symlinks/OchCCat065_Ex1-4F-lcwgs-1_RG-OchCCat065-LH00516-290-22M5VHLT4-L4-4F-B1_R1.fastq.gz	data/symlinks/OchCCat065_Ex1-4F-lcwgs-1_RG-OchCCat065-LH00516-290-22M5VHLT4-L4-4F-B1_R2.fastq.gz
OchCCat066_Ex1-7A-lcwgs-1_RG-OchCCat066-LH00516-290-22M5VHLT4-L4-7A-B1	OchCCat066	Och-CCat_066	CCat	modern	Ex1-7A-lcwgs-1	RG-OchCCat066-LH00516-290-22M5VHLT4-L4-7A-B1	4th	Och-CCat_066-Ex1-7A-lcwgs-1-2	/archive/carpenterlab/pire/pire_ostorhinchus_chrysopomus_lcwgs/4th_sequencing_run/fq_raw/Och-CCat_066-Ex1-7A-lcwgs-1-2.1.fq.gz	/archive/carpenterlab/pire/pire_ostorhinchus_chrysopomus_lcwgs/4th_sequencing_run/fq_raw/Och-CCat_066-Ex1-7A-lcwgs-1-2.2.fq.gz	data/symlinks/OchCCat066_Ex1-7A-lcwgs-1_RG-OchCCat066-LH00516-290-22M5VHLT4-L4-7A-B1_R1.fastq.gz	data/symlinks/OchCCat066_Ex1-7A-lcwgs-1_RG-OchCCat066-LH00516-290-22M5VHLT4-L4-7A-B1_R2.fastq.gz
OchCCat069_Ex1-5F-lcwgs-1_RG-OchCCat069-LH00516-290-22M5VHLT4-L4-5F-B1	OchCCat069	Och-CCat_069	CCat	modern	Ex1-5F-lcwgs-1	RG-OchCCat069-LH00516-290-22M5VHLT4-L4-5F-B1	4th	Och-CCat_069-Ex1-5F-lcwgs-1-2	/archive/carpenterlab/pire/pire_ostorhinchus_chrysopomus_lcwgs/4th_sequencing_run/fq_raw/Och-CCat_069-Ex1-5F-lcwgs-1-2.1.fq.gz	/archive/carpenterlab/pire/pire_ostorhinchus_chrysopomus_lcwgs/4th_sequencing_run/fq_raw/Och-CCat_069-Ex1-5F-lcwgs-1-2.2.fq.gz	data/symlinks/OchCCat069_Ex1-5F-lcwgs-1_RG-OchCCat069-LH00516-290-22M5VHLT4-L4-5F-B1_R1.fastq.gz	data/symlinks/OchCCat069_Ex1-5F-lcwgs-1_RG-OchCCat069-LH00516-290-22M5VHLT4-L4-5F-B1_R2.fastq.gz
OchCCat072_Ex1-7E-lcwgs-1_RG-OchCCat072-LH00516-290-22M5VHLT4-L4-7E-B1	OchCCat072	Och-CCat_072	CCat	modern	Ex1-7E-lcwgs-1	RG-OchCCat072-LH00516-290-22M5VHLT4-L4-7E-B1	4th	Och-CCat_072-Ex1-7E-lcwgs-1-2	/archive/carpenterlab/pire/pire_ostorhinchus_chrysopomus_lcwgs/4th_sequencing_run/fq_raw/Och-CCat_072-Ex1-7E-lcwgs-1-2.1.fq.gz	/archive/carpenterlab/pire/pire_ostorhinchus_chrysopomus_lcwgs/4th_sequencing_run/fq_raw/Och-CCat_072-Ex1-7E-lcwgs-1-2.2.fq.gz	data/symlinks/OchCCat072_Ex1-7E-lcwgs-1_RG-OchCCat072-LH00516-290-22M5VHLT4-L4-7E-B1_R1.fastq.gz	data/symlinks/OchCCat072_Ex1-7E-lcwgs-1_RG-OchCCat072-LH00516-290-22M5VHLT4-L4-7E-B1_R2.fastq.gz
OchCCat074_Ex1-6E-lcwgs-1_RG-OchCCat074-LH00516-290-22M5VHLT4-L4-6E-B1	OchCCat074	Och-CCat_074	CCat	modern	Ex1-6E-lcwgs-1	RG-OchCCat074-LH00516-290-22M5VHLT4-L4-6E-B1	4th	Och-CCat_074-Ex1-6E-lcwgs-1-2	/archive/carpenterlab/pire/pire_ostorhinchus_chrysopomus_lcwgs/4th_sequencing_run/fq_raw/Och-CCat_074-Ex1-6E-lcwgs-1-2.1.fq.gz	/archive/carpenterlab/pire/pire_ostorhinchus_chrysopomus_lcwgs/4th_sequencing_run/fq_raw/Och-CCat_074-Ex1-6E-lcwgs-1-2.2.fq.gz	data/symlinks/OchCCat074_Ex1-6E-lcwgs-1_RG-OchCCat074-LH00516-290-22M5VHLT4-L4-6E-B1_R1.fastq.gz	data/symlinks/OchCCat074_Ex1-6E-lcwgs-1_RG-OchCCat074-LH00516-290-22M5VHLT4-L4-6E-B1_R2.fastq.gz
OchCCat075_Ex1-5B-lcwgs-1_RG-OchCCat075-LH00516-290-22M5VHLT4-L4-5B-B1	OchCCat075	Och-CCat_075	CCat	modern	Ex1-5B-lcwgs-1	RG-OchCCat075-LH00516-290-22M5VHLT4-L4-5B-B1	4th	Och-CCat_075-Ex1-5B-lcwgs-1-2	/archive/carpenterlab/pire/pire_ostorhinchus_chrysopomus_lcwgs/4th_sequencing_run/fq_raw/Och-CCat_075-Ex1-5B-lcwgs-1-2.1.fq.gz	/archive/carpenterlab/pire/pire_ostorhinchus_chrysopomus_lcwgs/4th_sequencing_run/fq_raw/Och-CCat_075-Ex1-5B-lcwgs-1-2.2.fq.gz	data/symlinks/OchCCat075_Ex1-5B-lcwgs-1_RG-OchCCat075-LH00516-290-22M5VHLT4-L4-5B-B1_R1.fastq.gz	data/symlinks/OchCCat075_Ex1-5B-lcwgs-1_RG-OchCCat075-LH00516-290-22M5VHLT4-L4-5B-B1_R2.fastq.gz
OchCCat077_Ex1-5A-lcwgs-1_RG-OchCCat077-LH00516-290-22M5VHLT4-L4-5A-B1	OchCCat077	Och-CCat_077	CCat	modern	Ex1-5A-lcwgs-1	RG-OchCCat077-LH00516-290-22M5VHLT4-L4-5A-B1	4th	Och-CCat_077-Ex1-5A-lcwgs-1-2	/archive/carpenterlab/pire/pire_ostorhinchus_chrysopomus_lcwgs/4th_sequencing_run/fq_raw/Och-CCat_077-Ex1-5A-lcwgs-1-2.1.fq.gz	/archive/carpenterlab/pire/pire_ostorhinchus_chrysopomus_lcwgs/4th_sequencing_run/fq_raw/Och-CCat_077-Ex1-5A-lcwgs-1-2.2.fq.gz	data/symlinks/OchCCat077_Ex1-5A-lcwgs-1_RG-OchCCat077-LH00516-290-22M5VHLT4-L4-5A-B1_R1.fastq.gz	data/symlinks/OchCCat077_Ex1-5A-lcwgs-1_RG-OchCCat077-LH00516-290-22M5VHLT4-L4-5A-B1_R2.fastq.gz
OchCCat079_Ex1-8A-lcwgs-1_RG-OchCCat079-LH00516-290-22M5VHLT4-L4-8A-B1	OchCCat079	Och-CCat_079	CCat	modern	Ex1-8A-lcwgs-1	RG-OchCCat079-LH00516-290-22M5VHLT4-L4-8A-B1	4th	Och-CCat_079-Ex1-8A-lcwgs-1-2	/archive/carpenterlab/pire/pire_ostorhinchus_chrysopomus_lcwgs/4th_sequencing_run/fq_raw/Och-CCat_079-Ex1-8A-lcwgs-1-2.1.fq.gz	/archive/carpenterlab/pire/pire_ostorhinchus_chrysopomus_lcwgs/4th_sequencing_run/fq_raw/Och-CCat_079-Ex1-8A-lcwgs-1-2.2.fq.gz	data/symlinks/OchCCat079_Ex1-8A-lcwgs-1_RG-OchCCat079-LH00516-290-22M5VHLT4-L4-8A-B1_R1.fastq.gz	data/symlinks/OchCCat079_Ex1-8A-lcwgs-1_RG-OchCCat079-LH00516-290-22M5VHLT4-L4-8A-B1_R2.fastq.gz
OchCCat082_Ex1-6H-lcwgs-1_RG-OchCCat082-LH00516-290-22M5VHLT4-L4-6H-B1	OchCCat082	Och-CCat_082	CCat	modern	Ex1-6H-lcwgs-1	RG-OchCCat082-LH00516-290-22M5VHLT4-L4-6H-B1	4th	Och-CCat_082-Ex1-6H-lcwgs-1-2	/archive/carpenterlab/pire/pire_ostorhinchus_chrysopomus_lcwgs/4th_sequencing_run/fq_raw/Och-CCat_082-Ex1-6H-lcwgs-1-2.1.fq.gz	/archive/carpenterlab/pire/pire_ostorhinchus_chrysopomus_lcwgs/4th_sequencing_run/fq_raw/Och-CCat_082-Ex1-6H-lcwgs-1-2.2.fq.gz	data/symlinks/OchCCat082_Ex1-6H-lcwgs-1_RG-OchCCat082-LH00516-290-22M5VHLT4-L4-6H-B1_R1.fastq.gz	data/symlinks/OchCCat082_Ex1-6H-lcwgs-1_RG-OchCCat082-LH00516-290-22M5VHLT4-L4-6H-B1_R2.fastq.gz
OchCCat083_Ex1-6F-lcwgs-1_RG-OchCCat083-LH00516-290-22M5VHLT4-L4-6F-B1	OchCCat083	Och-CCat_083	CCat	modern	Ex1-6F-lcwgs-1	RG-OchCCat083-LH00516-290-22M5VHLT4-L4-6F-B1	4th	Och-CCat_083-Ex1-6F-lcwgs-1-2	/archive/carpenterlab/pire/pire_ostorhinchus_chrysopomus_lcwgs/4th_sequencing_run/fq_raw/Och-CCat_083-Ex1-6F-lcwgs-1-2.1.fq.gz	/archive/carpenterlab/pire/pire_ostorhinchus_chrysopomus_lcwgs/4th_sequencing_run/fq_raw/Och-CCat_083-Ex1-6F-lcwgs-1-2.2.fq.gz	data/symlinks/OchCCat083_Ex1-6F-lcwgs-1_RG-OchCCat083-LH00516-290-22M5VHLT4-L4-6F-B1_R1.fastq.gz	data/symlinks/OchCCat083_Ex1-6F-lcwgs-1_RG-OchCCat083-LH00516-290-22M5VHLT4-L4-6F-B1_R2.fastq.gz
OchCCat084_Ex1-7D-lcwgs-1_RG-OchCCat084-LH00516-290-22M5VHLT4-L4-7D-B1	OchCCat084	Och-CCat_084	CCat	modern	Ex1-7D-lcwgs-1	RG-OchCCat084-LH00516-290-22M5VHLT4-L4-7D-B1	4th	Och-CCat_084-Ex1-7D-lcwgs-1-2	/archive/carpenterlab/pire/pire_ostorhinchus_chrysopomus_lcwgs/4th_sequencing_run/fq_raw/Och-CCat_084-Ex1-7D-lcwgs-1-2.1.fq.gz	/archive/carpenterlab/pire/pire_ostorhinchus_chrysopomus_lcwgs/4th_sequencing_run/fq_raw/Och-CCat_084-Ex1-7D-lcwgs-1-2.2.fq.gz	data/symlinks/OchCCat084_Ex1-7D-lcwgs-1_RG-OchCCat084-LH00516-290-22M5VHLT4-L4-7D-B1_R1.fastq.gz	data/symlinks/OchCCat084_Ex1-7D-lcwgs-1_RG-OchCCat084-LH00516-290-22M5VHLT4-L4-7D-B1_R2.fastq.gz
OchCCat085_Ex1-6G-lcwgs-1_RG-OchCCat085-LH00516-290-22M5VHLT4-L4-6G-B1	OchCCat085	Och-CCat_085	CCat	modern	Ex1-6G-lcwgs-1	RG-OchCCat085-LH00516-290-22M5VHLT4-L4-6G-B1	4th	Och-CCat_085-Ex1-6G-lcwgs-1-2	/archive/carpenterlab/pire/pire_ostorhinchus_chrysopomus_lcwgs/4th_sequencing_run/fq_raw/Och-CCat_085-Ex1-6G-lcwgs-1-2.1.fq.gz	/archive/carpenterlab/pire/pire_ostorhinchus_chrysopomus_lcwgs/4th_sequencing_run/fq_raw/Och-CCat_085-Ex1-6G-lcwgs-1-2.2.fq.gz	data/symlinks/OchCCat085_Ex1-6G-lcwgs-1_RG-OchCCat085-LH00516-290-22M5VHLT4-L4-6G-B1_R1.fastq.gz	data/symlinks/OchCCat085_Ex1-6G-lcwgs-1_RG-OchCCat085-LH00516-290-22M5VHLT4-L4-6G-B1_R2.fastq.gz
OchCCat090_Ex1-8G-lcwgs-1_RG-OchCCat090-LH00516-290-22M5VHLT4-L4-8G-B1	OchCCat090	Och-CCat_090	CCat	modern	Ex1-8G-lcwgs-1	RG-OchCCat090-LH00516-290-22M5VHLT4-L4-8G-B1	4th	Och-CCat_090-Ex1-8G-lcwgs-1-2	/archive/carpenterlab/pire/pire_ostorhinchus_chrysopomus_lcwgs/4th_sequencing_run/fq_raw/Och-CCat_090-Ex1-8G-lcwgs-1-2.1.fq.gz	/archive/carpenterlab/pire/pire_ostorhinchus_chrysopomus_lcwgs/4th_sequencing_run/fq_raw/Och-CCat_090-Ex1-8G-lcwgs-1-2.2.fq.gz	data/symlinks/OchCCat090_Ex1-8G-lcwgs-1_RG-OchCCat090-LH00516-290-22M5VHLT4-L4-8G-B1_R1.fastq.gz	data/symlinks/OchCCat090_Ex1-8G-lcwgs-1_RG-OchCCat090-LH00516-290-22M5VHLT4-L4-8G-B1_R2.fastq.gz
OchCCat092_Ex1-8F-lcwgs-1_RG-OchCCat092-LH00516-290-22M5VHLT4-L4-8F-B1	OchCCat092	Och-CCat_092	CCat	modern	Ex1-8F-lcwgs-1	RG-OchCCat092-LH00516-290-22M5VHLT4-L4-8F-B1	4th	Och-CCat_092-Ex1-8F-lcwgs-1-2	/archive/carpenterlab/pire/pire_ostorhinchus_chrysopomus_lcwgs/4th_sequencing_run/fq_raw/Och-CCat_092-Ex1-8F-lcwgs-1-2.1.fq.gz	/archive/carpenterlab/pire/pire_ostorhinchus_chrysopomus_lcwgs/4th_sequencing_run/fq_raw/Och-CCat_092-Ex1-8F-lcwgs-1-2.2.fq.gz	data/symlinks/OchCCat092_Ex1-8F-lcwgs-1_RG-OchCCat092-LH00516-290-22M5VHLT4-L4-8F-B1_R1.fastq.gz	data/symlinks/OchCCat092_Ex1-8F-lcwgs-1_RG-OchCCat092-LH00516-290-22M5VHLT4-L4-8F-B1_R2.fastq.gz
OchCCat094_Ex1-4D-lcwgs-1_RG-OchCCat094-LH00516-290-22M5VHLT4-L4-4D-B1	OchCCat094	Och-CCat_094	CCat	modern	Ex1-4D-lcwgs-1	RG-OchCCat094-LH00516-290-22M5VHLT4-L4-4D-B1	4th	Och-CCat_094-Ex1-4D-lcwgs-1-2	/archive/carpenterlab/pire/pire_ostorhinchus_chrysopomus_lcwgs/4th_sequencing_run/fq_raw/Och-CCat_094-Ex1-4D-lcwgs-1-2.1.fq.gz	/archive/carpenterlab/pire/pire_ostorhinchus_chrysopomus_lcwgs/4th_sequencing_run/fq_raw/Och-CCat_094-Ex1-4D-lcwgs-1-2.2.fq.gz	data/symlinks/OchCCat094_Ex1-4D-lcwgs-1_RG-OchCCat094-LH00516-290-22M5VHLT4-L4-4D-B1_R1.fastq.gz	data/symlinks/OchCCat094_Ex1-4D-lcwgs-1_RG-OchCCat094-LH00516-290-22M5VHLT4-L4-4D-B1_R2.fastq.gz
OchCCat095_Ex1-7B-lcwgs-1_RG-OchCCat095-LH00516-290-22M5VHLT4-L4-7B-B1	OchCCat095	Och-CCat_095	CCat	modern	Ex1-7B-lcwgs-1	RG-OchCCat095-LH00516-290-22M5VHLT4-L4-7B-B1	4th	Och-CCat_095-Ex1-7B-lcwgs-1-2	/archive/carpenterlab/pire/pire_ostorhinchus_chrysopomus_lcwgs/4th_sequencing_run/fq_raw/Och-CCat_095-Ex1-7B-lcwgs-1-2.1.fq.gz	/archive/carpenterlab/pire/pire_ostorhinchus_chrysopomus_lcwgs/4th_sequencing_run/fq_raw/Och-CCat_095-Ex1-7B-lcwgs-1-2.2.fq.gz	data/symlinks/OchCCat095_Ex1-7B-lcwgs-1_RG-OchCCat095-LH00516-290-22M5VHLT4-L4-7B-B1_R1.fastq.gz	data/symlinks/OchCCat095_Ex1-7B-lcwgs-1_RG-OchCCat095-LH00516-290-22M5VHLT4-L4-7B-B1_R2.fastq.gz
OchCCat096_Ex1-6B-lcwgs-1_RG-OchCCat096-LH00516-290-22M5VHLT4-L4-6B-B1	OchCCat096	Och-CCat_096	CCat	modern	Ex1-6B-lcwgs-1	RG-OchCCat096-LH00516-290-22M5VHLT4-L4-6B-B1	4th	Och-CCat_096-Ex1-6B-lcwgs-1-2	/archive/carpenterlab/pire/pire_ostorhinchus_chrysopomus_lcwgs/4th_sequencing_run/fq_raw/Och-CCat_096-Ex1-6B-lcwgs-1-2.1.fq.gz	/archive/carpenterlab/pire/pire_ostorhinchus_chrysopomus_lcwgs/4th_sequencing_run/fq_raw/Och-CCat_096-Ex1-6B-lcwgs-1-2.2.fq.gz	data/symlinks/OchCCat096_Ex1-6B-lcwgs-1_RG-OchCCat096-LH00516-290-22M5VHLT4-L4-6B-B1_R1.fastq.gz	data/symlinks/OchCCat096_Ex1-6B-lcwgs-1_RG-OchCCat096-LH00516-290-22M5VHLT4-L4-6B-B1_R2.fastq.gz
OchCTum001_Ex1-5A-lcwgs-1_RG-OchCTum001-LH00516-290-22M5VHLT4-L4-5A-B1	OchCTum001	Och-CTum_001	CTum	modern	Ex1-5A-lcwgs-1	RG-OchCTum001-LH00516-290-22M5VHLT4-L4-5A-B1	4th	Och-CTum_001-Ex1-5A-lcwgs-1-2	/archive/carpenterlab/pire/pire_ostorhinchus_chrysopomus_lcwgs/4th_sequencing_run/fq_raw/Och-CTum_001-Ex1-5A-lcwgs-1-2.1.fq.gz	/archive/carpenterlab/pire/pire_ostorhinchus_chrysopomus_lcwgs/4th_sequencing_run/fq_raw/Och-CTum_001-Ex1-5A-lcwgs-1-2.2.fq.gz	data/symlinks/OchCTum001_Ex1-5A-lcwgs-1_RG-OchCTum001-LH00516-290-22M5VHLT4-L4-5A-B1_R1.fastq.gz	data/symlinks/OchCTum001_Ex1-5A-lcwgs-1_RG-OchCTum001-LH00516-290-22M5VHLT4-L4-5A-B1_R2.fastq.gz
OchCTum002_Ex1-5B-lcwgs-1_RG-OchCTum002-LH00516-290-22M5VHLT4-L4-5B-B1	OchCTum002	Och-CTum_002	CTum	modern	Ex1-5B-lcwgs-1	RG-OchCTum002-LH00516-290-22M5VHLT4-L4-5B-B1	4th	Och-CTum_002-Ex1-5B-lcwgs-1-2	/archive/carpenterlab/pire/pire_ostorhinchus_chrysopomus_lcwgs/4th_sequencing_run/fq_raw/Och-CTum_002-Ex1-5B-lcwgs-1-2.1.fq.gz	/archive/carpenterlab/pire/pire_ostorhinchus_chrysopomus_lcwgs/4th_sequencing_run/fq_raw/Och-CTum_002-Ex1-5B-lcwgs-1-2.2.fq.gz	data/symlinks/OchCTum002_Ex1-5B-lcwgs-1_RG-OchCTum002-LH00516-290-22M5VHLT4-L4-5B-B1_R1.fastq.gz	data/symlinks/OchCTum002_Ex1-5B-lcwgs-1_RG-OchCTum002-LH00516-290-22M5VHLT4-L4-5B-B1_R2.fastq.gz
OchCTum003_Ex1-5C-lcwgs-1_RG-OchCTum003-LH00516-290-22M5VHLT4-L4-5C-B1	OchCTum003	Och-CTum_003	CTum	modern	Ex1-5C-lcwgs-1	RG-OchCTum003-LH00516-290-22M5VHLT4-L4-5C-B1	4th	Och-CTum_003-Ex1-5C-lcwgs-1-2	/archive/carpenterlab/pire/pire_ostorhinchus_chrysopomus_lcwgs/4th_sequencing_run/fq_raw/Och-CTum_003-Ex1-5C-lcwgs-1-2.1.fq.gz	/archive/carpenterlab/pire/pire_ostorhinchus_chrysopomus_lcwgs/4th_sequencing_run/fq_raw/Och-CTum_003-Ex1-5C-lcwgs-1-2.2.fq.gz	data/symlinks/OchCTum003_Ex1-5C-lcwgs-1_RG-OchCTum003-LH00516-290-22M5VHLT4-L4-5C-B1_R1.fastq.gz	data/symlinks/OchCTum003_Ex1-5C-lcwgs-1_RG-OchCTum003-LH00516-290-22M5VHLT4-L4-5C-B1_R2.fastq.gz
OchCTum004_Ex1-5D-lcwgs-1_RG-OchCTum004-LH00516-290-22M5VHLT4-L4-5D-B1	OchCTum004	Och-CTum_004	CTum	modern	Ex1-5D-lcwgs-1	RG-OchCTum004-LH00516-290-22M5VHLT4-L4-5D-B1	4th	Och-CTum_004-Ex1-5D-lcwgs-1-2	/archive/carpenterlab/pire/pire_ostorhinchus_chrysopomus_lcwgs/4th_sequencing_run/fq_raw/Och-CTum_004-Ex1-5D-lcwgs-1-2.1.fq.gz	/archive/carpenterlab/pire/pire_ostorhinchus_chrysopomus_lcwgs/4th_sequencing_run/fq_raw/Och-CTum_004-Ex1-5D-lcwgs-1-2.2.fq.gz	data/symlinks/OchCTum004_Ex1-5D-lcwgs-1_RG-OchCTum004-LH00516-290-22M5VHLT4-L4-5D-B1_R1.fastq.gz	data/symlinks/OchCTum004_Ex1-5D-lcwgs-1_RG-OchCTum004-LH00516-290-22M5VHLT4-L4-5D-B1_R2.fastq.gz
OchCTum005_Ex1-5E-lcwgs-1_RG-OchCTum005-LH00516-290-22M5VHLT4-L4-5E-B1	OchCTum005	Och-CTum_005	CTum	modern	Ex1-5E-lcwgs-1	RG-OchCTum005-LH00516-290-22M5VHLT4-L4-5E-B1	4th	Och-CTum_005-Ex1-5E-lcwgs-1-2	/archive/carpenterlab/pire/pire_ostorhinchus_chrysopomus_lcwgs/4th_sequencing_run/fq_raw/Och-CTum_005-Ex1-5E-lcwgs-1-2.1.fq.gz	/archive/carpenterlab/pire/pire_ostorhinchus_chrysopomus_lcwgs/4th_sequencing_run/fq_raw/Och-CTum_005-Ex1-5E-lcwgs-1-2.2.fq.gz	data/symlinks/OchCTum005_Ex1-5E-lcwgs-1_RG-OchCTum005-LH00516-290-22M5VHLT4-L4-5E-B1_R1.fastq.gz	data/symlinks/OchCTum005_Ex1-5E-lcwgs-1_RG-OchCTum005-LH00516-290-22M5VHLT4-L4-5E-B1_R2.fastq.gz
OchCTum006_Ex1-5F-lcwgs-1_RG-OchCTum006-LH00516-290-22M5VHLT4-L4-5F-B1	OchCTum006	Och-CTum_006	CTum	modern	Ex1-5F-lcwgs-1	RG-OchCTum006-LH00516-290-22M5VHLT4-L4-5F-B1	4th	Och-CTum_006-Ex1-5F-lcwgs-1-2	/archive/carpenterlab/pire/pire_ostorhinchus_chrysopomus_lcwgs/4th_sequencing_run/fq_raw/Och-CTum_006-Ex1-5F-lcwgs-1-2.1.fq.gz	/archive/carpenterlab/pire/pire_ostorhinchus_chrysopomus_lcwgs/4th_sequencing_run/fq_raw/Och-CTum_006-Ex1-5F-lcwgs-1-2.2.fq.gz	data/symlinks/OchCTum006_Ex1-5F-lcwgs-1_RG-OchCTum006-LH00516-290-22M5VHLT4-L4-5F-B1_R1.fastq.gz	data/symlinks/OchCTum006_Ex1-5F-lcwgs-1_RG-OchCTum006-LH00516-290-22M5VHLT4-L4-5F-B1_R2.fastq.gz
OchCTum007_Ex1-5G-lcwgs-1_RG-OchCTum007-LH00516-290-22M5VHLT4-L4-5G-B1	OchCTum007	Och-CTum_007	CTum	modern	Ex1-5G-lcwgs-1	RG-OchCTum007-LH00516-290-22M5VHLT4-L4-5G-B1	4th	Och-CTum_007-Ex1-5G-lcwgs-1-2	/archive/carpenterlab/pire/pire_ostorhinchus_chrysopomus_lcwgs/4th_sequencing_run/fq_raw/Och-CTum_007-Ex1-5G-lcwgs-1-2.1.fq.gz	/archive/carpenterlab/pire/pire_ostorhinchus_chrysopomus_lcwgs/4th_sequencing_run/fq_raw/Och-CTum_007-Ex1-5G-lcwgs-1-2.2.fq.gz	data/symlinks/OchCTum007_Ex1-5G-lcwgs-1_RG-OchCTum007-LH00516-290-22M5VHLT4-L4-5G-B1_R1.fastq.gz	data/symlinks/OchCTum007_Ex1-5G-lcwgs-1_RG-OchCTum007-LH00516-290-22M5VHLT4-L4-5G-B1_R2.fastq.gz
OchCTum008_Ex1-5H-lcwgs-1_RG-OchCTum008-LH00516-290-22M5VHLT4-L4-5H-B1	OchCTum008	Och-CTum_008	CTum	modern	Ex1-5H-lcwgs-1	RG-OchCTum008-LH00516-290-22M5VHLT4-L4-5H-B1	4th	Och-CTum_008-Ex1-5H-lcwgs-1-2	/archive/carpenterlab/pire/pire_ostorhinchus_chrysopomus_lcwgs/4th_sequencing_run/fq_raw/Och-CTum_008-Ex1-5H-lcwgs-1-2.1.fq.gz	/archive/carpenterlab/pire/pire_ostorhinchus_chrysopomus_lcwgs/4th_sequencing_run/fq_raw/Och-CTum_008-Ex1-5H-lcwgs-1-2.2.fq.gz	data/symlinks/OchCTum008_Ex1-5H-lcwgs-1_RG-OchCTum008-LH00516-290-22M5VHLT4-L4-5H-B1_R1.fastq.gz	data/symlinks/OchCTum008_Ex1-5H-lcwgs-1_RG-OchCTum008-LH00516-290-22M5VHLT4-L4-5H-B1_R2.fastq.gz
OchCTum009_Ex1-6A-lcwgs-1_RG-OchCTum009-LH00516-290-22M5VHLT4-L4-6A-B1	OchCTum009	Och-CTum_009	CTum	modern	Ex1-6A-lcwgs-1	RG-OchCTum009-LH00516-290-22M5VHLT4-L4-6A-B1	4th	Och-CTum_009-Ex1-6A-lcwgs-1-2	/archive/carpenterlab/pire/pire_ostorhinchus_chrysopomus_lcwgs/4th_sequencing_run/fq_raw/Och-CTum_009-Ex1-6A-lcwgs-1-2.1.fq.gz	/archive/carpenterlab/pire/pire_ostorhinchus_chrysopomus_lcwgs/4th_sequencing_run/fq_raw/Och-CTum_009-Ex1-6A-lcwgs-1-2.2.fq.gz	data/symlinks/OchCTum009_Ex1-6A-lcwgs-1_RG-OchCTum009-LH00516-290-22M5VHLT4-L4-6A-B1_R1.fastq.gz	data/symlinks/OchCTum009_Ex1-6A-lcwgs-1_RG-OchCTum009-LH00516-290-22M5VHLT4-L4-6A-B1_R2.fastq.gz
OchCTum010_Ex1-6B-lcwgs-1_RG-OchCTum010-LH00516-290-22M5VHLT4-L4-6B-B1	OchCTum010	Och-CTum_010	CTum	modern	Ex1-6B-lcwgs-1	RG-OchCTum010-LH00516-290-22M5VHLT4-L4-6B-B1	4th	Och-CTum_010-Ex1-6B-lcwgs-1-2	/archive/carpenterlab/pire/pire_ostorhinchus_chrysopomus_lcwgs/4th_sequencing_run/fq_raw/Och-CTum_010-Ex1-6B-lcwgs-1-2.1.fq.gz	/archive/carpenterlab/pire/pire_ostorhinchus_chrysopomus_lcwgs/4th_sequencing_run/fq_raw/Och-CTum_010-Ex1-6B-lcwgs-1-2.2.fq.gz	data/symlinks/OchCTum010_Ex1-6B-lcwgs-1_RG-OchCTum010-LH00516-290-22M5VHLT4-L4-6B-B1_R1.fastq.gz	data/symlinks/OchCTum010_Ex1-6B-lcwgs-1_RG-OchCTum010-LH00516-290-22M5VHLT4-L4-6B-B1_R2.fastq.gz
OchCTum011_Ex1-6C-lcwgs-1_RG-OchCTum011-LH00516-290-22M5VHLT4-L4-6C-B1	OchCTum011	Och-CTum_011	CTum	modern	Ex1-6C-lcwgs-1	RG-OchCTum011-LH00516-290-22M5VHLT4-L4-6C-B1	4th	Och-CTum_011-Ex1-6C-lcwgs-1-2	/archive/carpenterlab/pire/pire_ostorhinchus_chrysopomus_lcwgs/4th_sequencing_run/fq_raw/Och-CTum_011-Ex1-6C-lcwgs-1-2.1.fq.gz	/archive/carpenterlab/pire/pire_ostorhinchus_chrysopomus_lcwgs/4th_sequencing_run/fq_raw/Och-CTum_011-Ex1-6C-lcwgs-1-2.2.fq.gz	data/symlinks/OchCTum011_Ex1-6C-lcwgs-1_RG-OchCTum011-LH00516-290-22M5VHLT4-L4-6C-B1_R1.fastq.gz	data/symlinks/OchCTum011_Ex1-6C-lcwgs-1_RG-OchCTum011-LH00516-290-22M5VHLT4-L4-6C-B1_R2.fastq.gz
OchCTum012_Ex1-6D-lcwgs-1_RG-OchCTum012-LH00516-290-22M5VHLT4-L4-6D-B1	OchCTum012	Och-CTum_012	CTum	modern	Ex1-6D-lcwgs-1	RG-OchCTum012-LH00516-290-22M5VHLT4-L4-6D-B1	4th	Och-CTum_012-Ex1-6D-lcwgs-1-2	/archive/carpenterlab/pire/pire_ostorhinchus_chrysopomus_lcwgs/4th_sequencing_run/fq_raw/Och-CTum_012-Ex1-6D-lcwgs-1-2.1.fq.gz	/archive/carpenterlab/pire/pire_ostorhinchus_chrysopomus_lcwgs/4th_sequencing_run/fq_raw/Och-CTum_012-Ex1-6D-lcwgs-1-2.2.fq.gz	data/symlinks/OchCTum012_Ex1-6D-lcwgs-1_RG-OchCTum012-LH00516-290-22M5VHLT4-L4-6D-B1_R1.fastq.gz	data/symlinks/OchCTum012_Ex1-6D-lcwgs-1_RG-OchCTum012-LH00516-290-22M5VHLT4-L4-6D-B1_R2.fastq.gz
OchCTum013_Ex1-6E-lcwgs-1_RG-OchCTum013-LH00516-290-22M5VHLT4-L4-6E-B1	OchCTum013	Och-CTum_013	CTum	modern	Ex1-6E-lcwgs-1	RG-OchCTum013-LH00516-290-22M5VHLT4-L4-6E-B1	4th	Och-CTum_013-Ex1-6E-lcwgs-1-2	/archive/carpenterlab/pire/pire_ostorhinchus_chrysopomus_lcwgs/4th_sequencing_run/fq_raw/Och-CTum_013-Ex1-6E-lcwgs-1-2.1.fq.gz	/archive/carpenterlab/pire/pire_ostorhinchus_chrysopomus_lcwgs/4th_sequencing_run/fq_raw/Och-CTum_013-Ex1-6E-lcwgs-1-2.2.fq.gz	data/symlinks/OchCTum013_Ex1-6E-lcwgs-1_RG-OchCTum013-LH00516-290-22M5VHLT4-L4-6E-B1_R1.fastq.gz	data/symlinks/OchCTum013_Ex1-6E-lcwgs-1_RG-OchCTum013-LH00516-290-22M5VHLT4-L4-6E-B1_R2.fastq.gz
OchCTum014_Ex1-6F-lcwgs-1_RG-OchCTum014-LH00516-290-22M5VHLT4-L4-6F-B1	OchCTum014	Och-CTum_014	CTum	modern	Ex1-6F-lcwgs-1	RG-OchCTum014-LH00516-290-22M5VHLT4-L4-6F-B1	4th	Och-CTum_014-Ex1-6F-lcwgs-1-2	/archive/carpenterlab/pire/pire_ostorhinchus_chrysopomus_lcwgs/4th_sequencing_run/fq_raw/Och-CTum_014-Ex1-6F-lcwgs-1-2.1.fq.gz	/archive/carpenterlab/pire/pire_ostorhinchus_chrysopomus_lcwgs/4th_sequencing_run/fq_raw/Och-CTum_014-Ex1-6F-lcwgs-1-2.2.fq.gz	data/symlinks/OchCTum014_Ex1-6F-lcwgs-1_RG-OchCTum014-LH00516-290-22M5VHLT4-L4-6F-B1_R1.fastq.gz	data/symlinks/OchCTum014_Ex1-6F-lcwgs-1_RG-OchCTum014-LH00516-290-22M5VHLT4-L4-6F-B1_R2.fastq.gz
OchCTum015_Ex1-6G-lcwgs-1_RG-OchCTum015-LH00516-290-22M5VHLT4-L4-6G-B1	OchCTum015	Och-CTum_015	CTum	modern	Ex1-6G-lcwgs-1	RG-OchCTum015-LH00516-290-22M5VHLT4-L4-6G-B1	4th	Och-CTum_015-Ex1-6G-lcwgs-1-2	/archive/carpenterlab/pire/pire_ostorhinchus_chrysopomus_lcwgs/4th_sequencing_run/fq_raw/Och-CTum_015-Ex1-6G-lcwgs-1-2.1.fq.gz	/archive/carpenterlab/pire/pire_ostorhinchus_chrysopomus_lcwgs/4th_sequencing_run/fq_raw/Och-CTum_015-Ex1-6G-lcwgs-1-2.2.fq.gz	data/symlinks/OchCTum015_Ex1-6G-lcwgs-1_RG-OchCTum015-LH00516-290-22M5VHLT4-L4-6G-B1_R1.fastq.gz	data/symlinks/OchCTum015_Ex1-6G-lcwgs-1_RG-OchCTum015-LH00516-290-22M5VHLT4-L4-6G-B1_R2.fastq.gz
OchCTum016_Ex1-6H-lcwgs-1_RG-OchCTum016-LH00516-290-22M5VHLT4-L4-6H-B1	OchCTum016	Och-CTum_016	CTum	modern	Ex1-6H-lcwgs-1	RG-OchCTum016-LH00516-290-22M5VHLT4-L4-6H-B1	4th	Och-CTum_016-Ex1-6H-lcwgs-1-2	/archive/carpenterlab/pire/pire_ostorhinchus_chrysopomus_lcwgs/4th_sequencing_run/fq_raw/Och-CTum_016-Ex1-6H-lcwgs-1-2.1.fq.gz	/archive/carpenterlab/pire/pire_ostorhinchus_chrysopomus_lcwgs/4th_sequencing_run/fq_raw/Och-CTum_016-Ex1-6H-lcwgs-1-2.2.fq.gz	data/symlinks/OchCTum016_Ex1-6H-lcwgs-1_RG-OchCTum016-LH00516-290-22M5VHLT4-L4-6H-B1_R1.fastq.gz	data/symlinks/OchCTum016_Ex1-6H-lcwgs-1_RG-OchCTum016-LH00516-290-22M5VHLT4-L4-6H-B1_R2.fastq.gz
OchCTum017_Ex1-7A-lcwgs-1_RG-OchCTum017-LH00516-290-22M5VHLT4-L4-7A-B1	OchCTum017	Och-CTum_017	CTum	modern	Ex1-7A-lcwgs-1	RG-OchCTum017-LH00516-290-22M5VHLT4-L4-7A-B1	4th	Och-CTum_017-Ex1-7A-lcwgs-1-2	/archive/carpenterlab/pire/pire_ostorhinchus_chrysopomus_lcwgs/4th_sequencing_run/fq_raw/Och-CTum_017-Ex1-7A-lcwgs-1-2.1.fq.gz	/archive/carpenterlab/pire/pire_ostorhinchus_chrysopomus_lcwgs/4th_sequencing_run/fq_raw/Och-CTum_017-Ex1-7A-lcwgs-1-2.2.fq.gz	data/symlinks/OchCTum017_Ex1-7A-lcwgs-1_RG-OchCTum017-LH00516-290-22M5VHLT4-L4-7A-B1_R1.fastq.gz	data/symlinks/OchCTum017_Ex1-7A-lcwgs-1_RG-OchCTum017-LH00516-290-22M5VHLT4-L4-7A-B1_R2.fastq.gz
OchCTum018_Ex1-7B-lcwgs-1_RG-OchCTum018-LH00516-290-22M5VHLT4-L4-7B-B1	OchCTum018	Och-CTum_018	CTum	modern	Ex1-7B-lcwgs-1	RG-OchCTum018-LH00516-290-22M5VHLT4-L4-7B-B1	4th	Och-CTum_018-Ex1-7B-lcwgs-1-2	/archive/carpenterlab/pire/pire_ostorhinchus_chrysopomus_lcwgs/4th_sequencing_run/fq_raw/Och-CTum_018-Ex1-7B-lcwgs-1-2.1.fq.gz	/archive/carpenterlab/pire/pire_ostorhinchus_chrysopomus_lcwgs/4th_sequencing_run/fq_raw/Och-CTum_018-Ex1-7B-lcwgs-1-2.2.fq.gz	data/symlinks/OchCTum018_Ex1-7B-lcwgs-1_RG-OchCTum018-LH00516-290-22M5VHLT4-L4-7B-B1_R1.fastq.gz	data/symlinks/OchCTum018_Ex1-7B-lcwgs-1_RG-OchCTum018-LH00516-290-22M5VHLT4-L4-7B-B1_R2.fastq.gz
OchCTum019_Ex1-7C-lcwgs-1_RG-OchCTum019-LH00516-290-22M5VHLT4-L4-7C-B1	OchCTum019	Och-CTum_019	CTum	modern	Ex1-7C-lcwgs-1	RG-OchCTum019-LH00516-290-22M5VHLT4-L4-7C-B1	4th	Och-CTum_019-Ex1-7C-lcwgs-1-2	/archive/carpenterlab/pire/pire_ostorhinchus_chrysopomus_lcwgs/4th_sequencing_run/fq_raw/Och-CTum_019-Ex1-7C-lcwgs-1-2.1.fq.gz	/archive/carpenterlab/pire/pire_ostorhinchus_chrysopomus_lcwgs/4th_sequencing_run/fq_raw/Och-CTum_019-Ex1-7C-lcwgs-1-2.2.fq.gz	data/symlinks/OchCTum019_Ex1-7C-lcwgs-1_RG-OchCTum019-LH00516-290-22M5VHLT4-L4-7C-B1_R1.fastq.gz	data/symlinks/OchCTum019_Ex1-7C-lcwgs-1_RG-OchCTum019-LH00516-290-22M5VHLT4-L4-7C-B1_R2.fastq.gz
OchCTum020_Ex1-7D-lcwgs-1_RG-OchCTum020-LH00516-290-22M5VHLT4-L4-7D-B1	OchCTum020	Och-CTum_020	CTum	modern	Ex1-7D-lcwgs-1	RG-OchCTum020-LH00516-290-22M5VHLT4-L4-7D-B1	4th	Och-CTum_020-Ex1-7D-lcwgs-1-2	/archive/carpenterlab/pire/pire_ostorhinchus_chrysopomus_lcwgs/4th_sequencing_run/fq_raw/Och-CTum_020-Ex1-7D-lcwgs-1-2.1.fq.gz	/archive/carpenterlab/pire/pire_ostorhinchus_chrysopomus_lcwgs/4th_sequencing_run/fq_raw/Och-CTum_020-Ex1-7D-lcwgs-1-2.2.fq.gz	data/symlinks/OchCTum020_Ex1-7D-lcwgs-1_RG-OchCTum020-LH00516-290-22M5VHLT4-L4-7D-B1_R1.fastq.gz	data/symlinks/OchCTum020_Ex1-7D-lcwgs-1_RG-OchCTum020-LH00516-290-22M5VHLT4-L4-7D-B1_R2.fastq.gz
OchCTum021_Ex1-7E-lcwgs-1_RG-OchCTum021-LH00516-290-22M5VHLT4-L4-7E-B1	OchCTum021	Och-CTum_021	CTum	modern	Ex1-7E-lcwgs-1	RG-OchCTum021-LH00516-290-22M5VHLT4-L4-7E-B1	4th	Och-CTum_021-Ex1-7E-lcwgs-1-2	/archive/carpenterlab/pire/pire_ostorhinchus_chrysopomus_lcwgs/4th_sequencing_run/fq_raw/Och-CTum_021-Ex1-7E-lcwgs-1-2.1.fq.gz	/archive/carpenterlab/pire/pire_ostorhinchus_chrysopomus_lcwgs/4th_sequencing_run/fq_raw/Och-CTum_021-Ex1-7E-lcwgs-1-2.2.fq.gz	data/symlinks/OchCTum021_Ex1-7E-lcwgs-1_RG-OchCTum021-LH00516-290-22M5VHLT4-L4-7E-B1_R1.fastq.gz	data/symlinks/OchCTum021_Ex1-7E-lcwgs-1_RG-OchCTum021-LH00516-290-22M5VHLT4-L4-7E-B1_R2.fastq.gz
OchCTum022_Ex1-7F-lcwgs-1_RG-OchCTum022-LH00516-290-22M5VHLT4-L4-7F-B1	OchCTum022	Och-CTum_022	CTum	modern	Ex1-7F-lcwgs-1	RG-OchCTum022-LH00516-290-22M5VHLT4-L4-7F-B1	4th	Och-CTum_022-Ex1-7F-lcwgs-1-2	/archive/carpenterlab/pire/pire_ostorhinchus_chrysopomus_lcwgs/4th_sequencing_run/fq_raw/Och-CTum_022-Ex1-7F-lcwgs-1-2.1.fq.gz	/archive/carpenterlab/pire/pire_ostorhinchus_chrysopomus_lcwgs/4th_sequencing_run/fq_raw/Och-CTum_022-Ex1-7F-lcwgs-1-2.2.fq.gz	data/symlinks/OchCTum022_Ex1-7F-lcwgs-1_RG-OchCTum022-LH00516-290-22M5VHLT4-L4-7F-B1_R1.fastq.gz	data/symlinks/OchCTum022_Ex1-7F-lcwgs-1_RG-OchCTum022-LH00516-290-22M5VHLT4-L4-7F-B1_R2.fastq.gz
OchCTum023_Ex1-7G-lcwgs-1_RG-OchCTum023-LH00516-290-22M5VHLT4-L4-7G-B1	OchCTum023	Och-CTum_023	CTum	modern	Ex1-7G-lcwgs-1	RG-OchCTum023-LH00516-290-22M5VHLT4-L4-7G-B1	4th	Och-CTum_023-Ex1-7G-lcwgs-1-2	/archive/carpenterlab/pire/pire_ostorhinchus_chrysopomus_lcwgs/4th_sequencing_run/fq_raw/Och-CTum_023-Ex1-7G-lcwgs-1-2.1.fq.gz	/archive/carpenterlab/pire/pire_ostorhinchus_chrysopomus_lcwgs/4th_sequencing_run/fq_raw/Och-CTum_023-Ex1-7G-lcwgs-1-2.2.fq.gz	data/symlinks/OchCTum023_Ex1-7G-lcwgs-1_RG-OchCTum023-LH00516-290-22M5VHLT4-L4-7G-B1_R1.fastq.gz	data/symlinks/OchCTum023_Ex1-7G-lcwgs-1_RG-OchCTum023-LH00516-290-22M5VHLT4-L4-7G-B1_R2.fastq.gz
OchCTum024_Ex1-7H-lcwgs-1_RG-OchCTum024-LH00516-290-22M5VHLT4-L4-7H-B1	OchCTum024	Och-CTum_024	CTum	modern	Ex1-7H-lcwgs-1	RG-OchCTum024-LH00516-290-22M5VHLT4-L4-7H-B1	4th	Och-CTum_024-Ex1-7H-lcwgs-1-2	/archive/carpenterlab/pire/pire_ostorhinchus_chrysopomus_lcwgs/4th_sequencing_run/fq_raw/Och-CTum_024-Ex1-7H-lcwgs-1-2.1.fq.gz	/archive/carpenterlab/pire/pire_ostorhinchus_chrysopomus_lcwgs/4th_sequencing_run/fq_raw/Och-CTum_024-Ex1-7H-lcwgs-1-2.2.fq.gz	data/symlinks/OchCTum024_Ex1-7H-lcwgs-1_RG-OchCTum024-LH00516-290-22M5VHLT4-L4-7H-B1_R1.fastq.gz	data/symlinks/OchCTum024_Ex1-7H-lcwgs-1_RG-OchCTum024-LH00516-290-22M5VHLT4-L4-7H-B1_R2.fastq.gz
OchCTum025_Ex1-8A-lcwgs-1_RG-OchCTum025-LH00516-290-22M5VHLT4-L4-8A-B1	OchCTum025	Och-CTum_025	CTum	modern	Ex1-8A-lcwgs-1	RG-OchCTum025-LH00516-290-22M5VHLT4-L4-8A-B1	4th	Och-CTum_025-Ex1-8A-lcwgs-1-2	/archive/carpenterlab/pire/pire_ostorhinchus_chrysopomus_lcwgs/4th_sequencing_run/fq_raw/Och-CTum_025-Ex1-8A-lcwgs-1-2.1.fq.gz	/archive/carpenterlab/pire/pire_ostorhinchus_chrysopomus_lcwgs/4th_sequencing_run/fq_raw/Och-CTum_025-Ex1-8A-lcwgs-1-2.2.fq.gz	data/symlinks/OchCTum025_Ex1-8A-lcwgs-1_RG-OchCTum025-LH00516-290-22M5VHLT4-L4-8A-B1_R1.fastq.gz	data/symlinks/OchCTum025_Ex1-8A-lcwgs-1_RG-OchCTum025-LH00516-290-22M5VHLT4-L4-8A-B1_R2.fastq.gz
OchCTum026_Ex1-8B-lcwgs-1_RG-OchCTum026-LH00516-290-22M5VHLT4-L4-8B-B1	OchCTum026	Och-CTum_026	CTum	modern	Ex1-8B-lcwgs-1	RG-OchCTum026-LH00516-290-22M5VHLT4-L4-8B-B1	4th	Och-CTum_026-Ex1-8B-lcwgs-1-2	/archive/carpenterlab/pire/pire_ostorhinchus_chrysopomus_lcwgs/4th_sequencing_run/fq_raw/Och-CTum_026-Ex1-8B-lcwgs-1-2.1.fq.gz	/archive/carpenterlab/pire/pire_ostorhinchus_chrysopomus_lcwgs/4th_sequencing_run/fq_raw/Och-CTum_026-Ex1-8B-lcwgs-1-2.2.fq.gz	data/symlinks/OchCTum026_Ex1-8B-lcwgs-1_RG-OchCTum026-LH00516-290-22M5VHLT4-L4-8B-B1_R1.fastq.gz	data/symlinks/OchCTum026_Ex1-8B-lcwgs-1_RG-OchCTum026-LH00516-290-22M5VHLT4-L4-8B-B1_R2.fastq.gz
OchCTum027_Ex1-8C-lcwgs-1_RG-OchCTum027-LH00516-290-22M5VHLT4-L4-8C-B1	OchCTum027	Och-CTum_027	CTum	modern	Ex1-8C-lcwgs-1	RG-OchCTum027-LH00516-290-22M5VHLT4-L4-8C-B1	4th	Och-CTum_027-Ex1-8C-lcwgs-1-2	/archive/carpenterlab/pire/pire_ostorhinchus_chrysopomus_lcwgs/4th_sequencing_run/fq_raw/Och-CTum_027-Ex1-8C-lcwgs-1-2.1.fq.gz	/archive/carpenterlab/pire/pire_ostorhinchus_chrysopomus_lcwgs/4th_sequencing_run/fq_raw/Och-CTum_027-Ex1-8C-lcwgs-1-2.2.fq.gz	data/symlinks/OchCTum027_Ex1-8C-lcwgs-1_RG-OchCTum027-LH00516-290-22M5VHLT4-L4-8C-B1_R1.fastq.gz	data/symlinks/OchCTum027_Ex1-8C-lcwgs-1_RG-OchCTum027-LH00516-290-22M5VHLT4-L4-8C-B1_R2.fastq.gz
OchCTum028_Ex1-8D-lcwgs-1_RG-OchCTum028-LH00516-290-22M5VHLT4-L4-8D-B1	OchCTum028	Och-CTum_028	CTum	modern	Ex1-8D-lcwgs-1	RG-OchCTum028-LH00516-290-22M5VHLT4-L4-8D-B1	4th	Och-CTum_028-Ex1-8D-lcwgs-1-2	/archive/carpenterlab/pire/pire_ostorhinchus_chrysopomus_lcwgs/4th_sequencing_run/fq_raw/Och-CTum_028-Ex1-8D-lcwgs-1-2.1.fq.gz	/archive/carpenterlab/pire/pire_ostorhinchus_chrysopomus_lcwgs/4th_sequencing_run/fq_raw/Och-CTum_028-Ex1-8D-lcwgs-1-2.2.fq.gz	data/symlinks/OchCTum028_Ex1-8D-lcwgs-1_RG-OchCTum028-LH00516-290-22M5VHLT4-L4-8D-B1_R1.fastq.gz	data/symlinks/OchCTum028_Ex1-8D-lcwgs-1_RG-OchCTum028-LH00516-290-22M5VHLT4-L4-8D-B1_R2.fastq.gz
OchCTum029_Ex1-8E-lcwgs-1_RG-OchCTum029-LH00516-290-22M5VHLT4-L4-8E-B1	OchCTum029	Och-CTum_029	CTum	modern	Ex1-8E-lcwgs-1	RG-OchCTum029-LH00516-290-22M5VHLT4-L4-8E-B1	4th	Och-CTum_029-Ex1-8E-lcwgs-1-2	/archive/carpenterlab/pire/pire_ostorhinchus_chrysopomus_lcwgs/4th_sequencing_run/fq_raw/Och-CTum_029-Ex1-8E-lcwgs-1-2.1.fq.gz	/archive/carpenterlab/pire/pire_ostorhinchus_chrysopomus_lcwgs/4th_sequencing_run/fq_raw/Och-CTum_029-Ex1-8E-lcwgs-1-2.2.fq.gz	data/symlinks/OchCTum029_Ex1-8E-lcwgs-1_RG-OchCTum029-LH00516-290-22M5VHLT4-L4-8E-B1_R1.fastq.gz	data/symlinks/OchCTum029_Ex1-8E-lcwgs-1_RG-OchCTum029-LH00516-290-22M5VHLT4-L4-8E-B1_R2.fastq.gz
OchCTum030_Ex1-8F-lcwgs-1_RG-OchCTum030-LH00516-290-22M5VHLT4-L4-8F-B1	OchCTum030	Och-CTum_030	CTum	modern	Ex1-8F-lcwgs-1	RG-OchCTum030-LH00516-290-22M5VHLT4-L4-8F-B1	4th	Och-CTum_030-Ex1-8F-lcwgs-1-2	/archive/carpenterlab/pire/pire_ostorhinchus_chrysopomus_lcwgs/4th_sequencing_run/fq_raw/Och-CTum_030-Ex1-8F-lcwgs-1-2.1.fq.gz	/archive/carpenterlab/pire/pire_ostorhinchus_chrysopomus_lcwgs/4th_sequencing_run/fq_raw/Och-CTum_030-Ex1-8F-lcwgs-1-2.2.fq.gz	data/symlinks/OchCTum030_Ex1-8F-lcwgs-1_RG-OchCTum030-LH00516-290-22M5VHLT4-L4-8F-B1_R1.fastq.gz	data/symlinks/OchCTum030_Ex1-8F-lcwgs-1_RG-OchCTum030-LH00516-290-22M5VHLT4-L4-8F-B1_R2.fastq.gz
OchCTum031_Ex1-8G-lcwgs-1_RG-OchCTum031-LH00516-290-22M5VHLT4-L4-8G-B1	OchCTum031	Och-CTum_031	CTum	modern	Ex1-8G-lcwgs-1	RG-OchCTum031-LH00516-290-22M5VHLT4-L4-8G-B1	4th	Och-CTum_031-Ex1-8G-lcwgs-1-2	/archive/carpenterlab/pire/pire_ostorhinchus_chrysopomus_lcwgs/4th_sequencing_run/fq_raw/Och-CTum_031-Ex1-8G-lcwgs-1-2.1.fq.gz	/archive/carpenterlab/pire/pire_ostorhinchus_chrysopomus_lcwgs/4th_sequencing_run/fq_raw/Och-CTum_031-Ex1-8G-lcwgs-1-2.2.fq.gz	data/symlinks/OchCTum031_Ex1-8G-lcwgs-1_RG-OchCTum031-LH00516-290-22M5VHLT4-L4-8G-B1_R1.fastq.gz	data/symlinks/OchCTum031_Ex1-8G-lcwgs-1_RG-OchCTum031-LH00516-290-22M5VHLT4-L4-8G-B1_R2.fastq.gz
OchCTum032_Ex1-8H-lcwgs-1_RG-OchCTum032-LH00516-290-22M5VHLT4-L4-8H-B1	OchCTum032	Och-CTum_032	CTum	modern	Ex1-8H-lcwgs-1	RG-OchCTum032-LH00516-290-22M5VHLT4-L4-8H-B1	4th	Och-CTum_032-Ex1-8H-lcwgs-1-2	/archive/carpenterlab/pire/pire_ostorhinchus_chrysopomus_lcwgs/4th_sequencing_run/fq_raw/Och-CTum_032-Ex1-8H-lcwgs-1-2.1.fq.gz	/archive/carpenterlab/pire/pire_ostorhinchus_chrysopomus_lcwgs/4th_sequencing_run/fq_raw/Och-CTum_032-Ex1-8H-lcwgs-1-2.2.fq.gz	data/symlinks/OchCTum032_Ex1-8H-lcwgs-1_RG-OchCTum032-LH00516-290-22M5VHLT4-L4-8H-B1_R1.fastq.gz	data/symlinks/OchCTum032_Ex1-8H-lcwgs-1_RG-OchCTum032-LH00516-290-22M5VHLT4-L4-8H-B1_R2.fastq.gz
OchCTum033_Ex1-9A-lcwgs-1_RG-OchCTum033-LH00516-290-22M5VHLT4-L4-9A-B1	OchCTum033	Och-CTum_033	CTum	modern	Ex1-9A-lcwgs-1	RG-OchCTum033-LH00516-290-22M5VHLT4-L4-9A-B1	4th	Och-CTum_033-Ex1-9A-lcwgs-1-2	/archive/carpenterlab/pire/pire_ostorhinchus_chrysopomus_lcwgs/4th_sequencing_run/fq_raw/Och-CTum_033-Ex1-9A-lcwgs-1-2.1.fq.gz	/archive/carpenterlab/pire/pire_ostorhinchus_chrysopomus_lcwgs/4th_sequencing_run/fq_raw/Och-CTum_033-Ex1-9A-lcwgs-1-2.2.fq.gz	data/symlinks/OchCTum033_Ex1-9A-lcwgs-1_RG-OchCTum033-LH00516-290-22M5VHLT4-L4-9A-B1_R1.fastq.gz	data/symlinks/OchCTum033_Ex1-9A-lcwgs-1_RG-OchCTum033-LH00516-290-22M5VHLT4-L4-9A-B1_R2.fastq.gz
OchCTum034_Ex1-9B-lcwgs-1_RG-OchCTum034-LH00516-290-22M5VHLT4-L4-9B-B1	OchCTum034	Och-CTum_034	CTum	modern	Ex1-9B-lcwgs-1	RG-OchCTum034-LH00516-290-22M5VHLT4-L4-9B-B1	4th	Och-CTum_034-Ex1-9B-lcwgs-1-2	/archive/carpenterlab/pire/pire_ostorhinchus_chrysopomus_lcwgs/4th_sequencing_run/fq_raw/Och-CTum_034-Ex1-9B-lcwgs-1-2.1.fq.gz	/archive/carpenterlab/pire/pire_ostorhinchus_chrysopomus_lcwgs/4th_sequencing_run/fq_raw/Och-CTum_034-Ex1-9B-lcwgs-1-2.2.fq.gz	data/symlinks/OchCTum034_Ex1-9B-lcwgs-1_RG-OchCTum034-LH00516-290-22M5VHLT4-L4-9B-B1_R1.fastq.gz	data/symlinks/OchCTum034_Ex1-9B-lcwgs-1_RG-OchCTum034-LH00516-290-22M5VHLT4-L4-9B-B1_R2.fastq.gz
OchCTum035_Ex1-9C-lcwgs-1_RG-OchCTum035-LH00516-290-22M5VHLT4-L4-9C-B1	OchCTum035	Och-CTum_035	CTum	modern	Ex1-9C-lcwgs-1	RG-OchCTum035-LH00516-290-22M5VHLT4-L4-9C-B1	4th	Och-CTum_035-Ex1-9C-lcwgs-1-2	/archive/carpenterlab/pire/pire_ostorhinchus_chrysopomus_lcwgs/4th_sequencing_run/fq_raw/Och-CTum_035-Ex1-9C-lcwgs-1-2.1.fq.gz	/archive/carpenterlab/pire/pire_ostorhinchus_chrysopomus_lcwgs/4th_sequencing_run/fq_raw/Och-CTum_035-Ex1-9C-lcwgs-1-2.2.fq.gz	data/symlinks/OchCTum035_Ex1-9C-lcwgs-1_RG-OchCTum035-LH00516-290-22M5VHLT4-L4-9C-B1_R1.fastq.gz	data/symlinks/OchCTum035_Ex1-9C-lcwgs-1_RG-OchCTum035-LH00516-290-22M5VHLT4-L4-9C-B1_R2.fastq.gz
OchCTum036_Ex1-9D-lcwgs-1_RG-OchCTum036-LH00516-290-22M5VHLT4-L4-9D-B1	OchCTum036	Och-CTum_036	CTum	modern	Ex1-9D-lcwgs-1	RG-OchCTum036-LH00516-290-22M5VHLT4-L4-9D-B1	4th	Och-CTum_036-Ex1-9D-lcwgs-1-2	/archive/carpenterlab/pire/pire_ostorhinchus_chrysopomus_lcwgs/4th_sequencing_run/fq_raw/Och-CTum_036-Ex1-9D-lcwgs-1-2.1.fq.gz	/archive/carpenterlab/pire/pire_ostorhinchus_chrysopomus_lcwgs/4th_sequencing_run/fq_raw/Och-CTum_036-Ex1-9D-lcwgs-1-2.2.fq.gz	data/symlinks/OchCTum036_Ex1-9D-lcwgs-1_RG-OchCTum036-LH00516-290-22M5VHLT4-L4-9D-B1_R1.fastq.gz	data/symlinks/OchCTum036_Ex1-9D-lcwgs-1_RG-OchCTum036-LH00516-290-22M5VHLT4-L4-9D-B1_R2.fastq.gz
OchCTum037_Ex1-9E-lcwgs-1_RG-OchCTum037-LH00516-290-22M5VHLT4-L4-9E-B1	OchCTum037	Och-CTum_037	CTum	modern	Ex1-9E-lcwgs-1	RG-OchCTum037-LH00516-290-22M5VHLT4-L4-9E-B1	4th	Och-CTum_037-Ex1-9E-lcwgs-1-2	/archive/carpenterlab/pire/pire_ostorhinchus_chrysopomus_lcwgs/4th_sequencing_run/fq_raw/Och-CTum_037-Ex1-9E-lcwgs-1-2.1.fq.gz	/archive/carpenterlab/pire/pire_ostorhinchus_chrysopomus_lcwgs/4th_sequencing_run/fq_raw/Och-CTum_037-Ex1-9E-lcwgs-1-2.2.fq.gz	data/symlinks/OchCTum037_Ex1-9E-lcwgs-1_RG-OchCTum037-LH00516-290-22M5VHLT4-L4-9E-B1_R1.fastq.gz	data/symlinks/OchCTum037_Ex1-9E-lcwgs-1_RG-OchCTum037-LH00516-290-22M5VHLT4-L4-9E-B1_R2.fastq.gz
OchCTum038_Ex1-9F-lcwgs-1_RG-OchCTum038-LH00516-290-22M5VHLT4-L4-9F-B1	OchCTum038	Och-CTum_038	CTum	modern	Ex1-9F-lcwgs-1	RG-OchCTum038-LH00516-290-22M5VHLT4-L4-9F-B1	4th	Och-CTum_038-Ex1-9F-lcwgs-1-2	/archive/carpenterlab/pire/pire_ostorhinchus_chrysopomus_lcwgs/4th_sequencing_run/fq_raw/Och-CTum_038-Ex1-9F-lcwgs-1-2.1.fq.gz	/archive/carpenterlab/pire/pire_ostorhinchus_chrysopomus_lcwgs/4th_sequencing_run/fq_raw/Och-CTum_038-Ex1-9F-lcwgs-1-2.2.fq.gz	data/symlinks/OchCTum038_Ex1-9F-lcwgs-1_RG-OchCTum038-LH00516-290-22M5VHLT4-L4-9F-B1_R1.fastq.gz	data/symlinks/OchCTum038_Ex1-9F-lcwgs-1_RG-OchCTum038-LH00516-290-22M5VHLT4-L4-9F-B1_R2.fastq.gz
OchCTum039_Ex1-9G-lcwgs-1_RG-OchCTum039-LH00516-290-22M5VHLT4-L4-9G-B1	OchCTum039	Och-CTum_039	CTum	modern	Ex1-9G-lcwgs-1	RG-OchCTum039-LH00516-290-22M5VHLT4-L4-9G-B1	4th	Och-CTum_039-Ex1-9G-lcwgs-1-2	/archive/carpenterlab/pire/pire_ostorhinchus_chrysopomus_lcwgs/4th_sequencing_run/fq_raw/Och-CTum_039-Ex1-9G-lcwgs-1-2.1.fq.gz	/archive/carpenterlab/pire/pire_ostorhinchus_chrysopomus_lcwgs/4th_sequencing_run/fq_raw/Och-CTum_039-Ex1-9G-lcwgs-1-2.2.fq.gz	data/symlinks/OchCTum039_Ex1-9G-lcwgs-1_RG-OchCTum039-LH00516-290-22M5VHLT4-L4-9G-B1_R1.fastq.gz	data/symlinks/OchCTum039_Ex1-9G-lcwgs-1_RG-OchCTum039-LH00516-290-22M5VHLT4-L4-9G-B1_R2.fastq.gz
OchCTum040_Ex1-9H-lcwgs-1_RG-OchCTum040-LH00516-290-22M5VHLT4-L4-9H-B1	OchCTum040	Och-CTum_040	CTum	modern	Ex1-9H-lcwgs-1	RG-OchCTum040-LH00516-290-22M5VHLT4-L4-9H-B1	4th	Och-CTum_040-Ex1-9H-lcwgs-1-2	/archive/carpenterlab/pire/pire_ostorhinchus_chrysopomus_lcwgs/4th_sequencing_run/fq_raw/Och-CTum_040-Ex1-9H-lcwgs-1-2.1.fq.gz	/archive/carpenterlab/pire/pire_ostorhinchus_chrysopomus_lcwgs/4th_sequencing_run/fq_raw/Och-CTum_040-Ex1-9H-lcwgs-1-2.2.fq.gz	data/symlinks/OchCTum040_Ex1-9H-lcwgs-1_RG-OchCTum040-LH00516-290-22M5VHLT4-L4-9H-B1_R1.fastq.gz	data/symlinks/OchCTum040_Ex1-9H-lcwgs-1_RG-OchCTum040-LH00516-290-22M5VHLT4-L4-9H-B1_R2.fastq.gz
OchCTum041_Ex1-10A-lcwgs-1_RG-OchCTum041-LH00516-290-22M5VHLT4-L4-10A-B1	OchCTum041	Och-CTum_041	CTum	modern	Ex1-10A-lcwgs-1	RG-OchCTum041-LH00516-290-22M5VHLT4-L4-10A-B1	4th	Och-CTum_041-Ex1-10A-lcwgs-1-2	/archive/carpenterlab/pire/pire_ostorhinchus_chrysopomus_lcwgs/4th_sequencing_run/fq_raw/Och-CTum_041-Ex1-10A-lcwgs-1-2.1.fq.gz	/archive/carpenterlab/pire/pire_ostorhinchus_chrysopomus_lcwgs/4th_sequencing_run/fq_raw/Och-CTum_041-Ex1-10A-lcwgs-1-2.2.fq.gz	data/symlinks/OchCTum041_Ex1-10A-lcwgs-1_RG-OchCTum041-LH00516-290-22M5VHLT4-L4-10A-B1_R1.fastq.gz	data/symlinks/OchCTum041_Ex1-10A-lcwgs-1_RG-OchCTum041-LH00516-290-22M5VHLT4-L4-10A-B1_R2.fastq.gz
OchCTum042_Ex1-10B-lcwgs-1_RG-OchCTum042-LH00516-290-22M5VHLT4-L4-10B-B1	OchCTum042	Och-CTum_042	CTum	modern	Ex1-10B-lcwgs-1	RG-OchCTum042-LH00516-290-22M5VHLT4-L4-10B-B1	4th	Och-CTum_042-Ex1-10B-lcwgs-1-2	/archive/carpenterlab/pire/pire_ostorhinchus_chrysopomus_lcwgs/4th_sequencing_run/fq_raw/Och-CTum_042-Ex1-10B-lcwgs-1-2.1.fq.gz	/archive/carpenterlab/pire/pire_ostorhinchus_chrysopomus_lcwgs/4th_sequencing_run/fq_raw/Och-CTum_042-Ex1-10B-lcwgs-1-2.2.fq.gz	data/symlinks/OchCTum042_Ex1-10B-lcwgs-1_RG-OchCTum042-LH00516-290-22M5VHLT4-L4-10B-B1_R1.fastq.gz	data/symlinks/OchCTum042_Ex1-10B-lcwgs-1_RG-OchCTum042-LH00516-290-22M5VHLT4-L4-10B-B1_R2.fastq.gz
OchCTum043_Ex1-10C-lcwgs-1_RG-OchCTum043-LH00516-290-22M5VHLT4-L4-10C-B1	OchCTum043	Och-CTum_043	CTum	modern	Ex1-10C-lcwgs-1	RG-OchCTum043-LH00516-290-22M5VHLT4-L4-10C-B1	4th	Och-CTum_043-Ex1-10C-lcwgs-1-2	/archive/carpenterlab/pire/pire_ostorhinchus_chrysopomus_lcwgs/4th_sequencing_run/fq_raw/Och-CTum_043-Ex1-10C-lcwgs-1-2.1.fq.gz	/archive/carpenterlab/pire/pire_ostorhinchus_chrysopomus_lcwgs/4th_sequencing_run/fq_raw/Och-CTum_043-Ex1-10C-lcwgs-1-2.2.fq.gz	data/symlinks/OchCTum043_Ex1-10C-lcwgs-1_RG-OchCTum043-LH00516-290-22M5VHLT4-L4-10C-B1_R1.fastq.gz	data/symlinks/OchCTum043_Ex1-10C-lcwgs-1_RG-OchCTum043-LH00516-290-22M5VHLT4-L4-10C-B1_R2.fastq.gz
OchCTum044_Ex1-10D-lcwgs-1_RG-OchCTum044-LH00516-290-22M5VHLT4-L4-10D-B1	OchCTum044	Och-CTum_044	CTum	modern	Ex1-10D-lcwgs-1	RG-OchCTum044-LH00516-290-22M5VHLT4-L4-10D-B1	4th	Och-CTum_044-Ex1-10D-lcwgs-1-2	/archive/carpenterlab/pire/pire_ostorhinchus_chrysopomus_lcwgs/4th_sequencing_run/fq_raw/Och-CTum_044-Ex1-10D-lcwgs-1-2.1.fq.gz	/archive/carpenterlab/pire/pire_ostorhinchus_chrysopomus_lcwgs/4th_sequencing_run/fq_raw/Och-CTum_044-Ex1-10D-lcwgs-1-2.2.fq.gz	data/symlinks/OchCTum044_Ex1-10D-lcwgs-1_RG-OchCTum044-LH00516-290-22M5VHLT4-L4-10D-B1_R1.fastq.gz	data/symlinks/OchCTum044_Ex1-10D-lcwgs-1_RG-OchCTum044-LH00516-290-22M5VHLT4-L4-10D-B1_R2.fastq.gz
OchCTum045_Ex1-10E-lcwgs-1_RG-OchCTum045-LH00516-290-22M5VHLT4-L4-10E-B1	OchCTum045	Och-CTum_045	CTum	modern	Ex1-10E-lcwgs-1	RG-OchCTum045-LH00516-290-22M5VHLT4-L4-10E-B1	4th	Och-CTum_045-Ex1-10E-lcwgs-1-2	/archive/carpenterlab/pire/pire_ostorhinchus_chrysopomus_lcwgs/4th_sequencing_run/fq_raw/Och-CTum_045-Ex1-10E-lcwgs-1-2.1.fq.gz	/archive/carpenterlab/pire/pire_ostorhinchus_chrysopomus_lcwgs/4th_sequencing_run/fq_raw/Och-CTum_045-Ex1-10E-lcwgs-1-2.2.fq.gz	data/symlinks/OchCTum045_Ex1-10E-lcwgs-1_RG-OchCTum045-LH00516-290-22M5VHLT4-L4-10E-B1_R1.fastq.gz	data/symlinks/OchCTum045_Ex1-10E-lcwgs-1_RG-OchCTum045-LH00516-290-22M5VHLT4-L4-10E-B1_R2.fastq.gz
OchCTum047_Ex1-10G-lcwgs-1_RG-OchCTum047-LH00516-290-22M5VHLT4-L4-10G-B1	OchCTum047	Och-CTum_047	CTum	modern	Ex1-10G-lcwgs-1	RG-OchCTum047-LH00516-290-22M5VHLT4-L4-10G-B1	4th	Och-CTum_047-Ex1-10G-lcwgs-1-2	/archive/carpenterlab/pire/pire_ostorhinchus_chrysopomus_lcwgs/4th_sequencing_run/fq_raw/Och-CTum_047-Ex1-10G-lcwgs-1-2.1.fq.gz	/archive/carpenterlab/pire/pire_ostorhinchus_chrysopomus_lcwgs/4th_sequencing_run/fq_raw/Och-CTum_047-Ex1-10G-lcwgs-1-2.2.fq.gz	data/symlinks/OchCTum047_Ex1-10G-lcwgs-1_RG-OchCTum047-LH00516-290-22M5VHLT4-L4-10G-B1_R1.fastq.gz	data/symlinks/OchCTum047_Ex1-10G-lcwgs-1_RG-OchCTum047-LH00516-290-22M5VHLT4-L4-10G-B1_R2.fastq.gz
OchCTum048_Ex1-10H-lcwgs-1_RG-OchCTum048-LH00516-290-22M5VHLT4-L4-10H-B1	OchCTum048	Och-CTum_048	CTum	modern	Ex1-10H-lcwgs-1	RG-OchCTum048-LH00516-290-22M5VHLT4-L4-10H-B1	4th	Och-CTum_048-Ex1-10H-lcwgs-1-2	/archive/carpenterlab/pire/pire_ostorhinchus_chrysopomus_lcwgs/4th_sequencing_run/fq_raw/Och-CTum_048-Ex1-10H-lcwgs-1-2.1.fq.gz	/archive/carpenterlab/pire/pire_ostorhinchus_chrysopomus_lcwgs/4th_sequencing_run/fq_raw/Och-CTum_048-Ex1-10H-lcwgs-1-2.2.fq.gz	data/symlinks/OchCTum048_Ex1-10H-lcwgs-1_RG-OchCTum048-LH00516-290-22M5VHLT4-L4-10H-B1_R1.fastq.gz	data/symlinks/OchCTum048_Ex1-10H-lcwgs-1_RG-OchCTum048-LH00516-290-22M5VHLT4-L4-10H-B1_R2.fastq.gz
OchCTum049_Ex1-11A-lcwgs-1_RG-OchCTum049-LH00516-290-22M5VHLT4-L4-11A-B1	OchCTum049	Och-CTum_049	CTum	modern	Ex1-11A-lcwgs-1	RG-OchCTum049-LH00516-290-22M5VHLT4-L4-11A-B1	4th	Och-CTum_049-Ex1-11A-lcwgs-1-2	/archive/carpenterlab/pire/pire_ostorhinchus_chrysopomus_lcwgs/4th_sequencing_run/fq_raw/Och-CTum_049-Ex1-11A-lcwgs-1-2.1.fq.gz	/archive/carpenterlab/pire/pire_ostorhinchus_chrysopomus_lcwgs/4th_sequencing_run/fq_raw/Och-CTum_049-Ex1-11A-lcwgs-1-2.2.fq.gz	data/symlinks/OchCTum049_Ex1-11A-lcwgs-1_RG-OchCTum049-LH00516-290-22M5VHLT4-L4-11A-B1_R1.fastq.gz	data/symlinks/OchCTum049_Ex1-11A-lcwgs-1_RG-OchCTum049-LH00516-290-22M5VHLT4-L4-11A-B1_R2.fastq.gz
